model,representation,n,mean_tv,median_tv,std_tv,p90_tv,p95_tv,max_tv,mean_mae,mean_brier_regret,mean_kl,argmax_accuracy
jev_choice,counts,12,0.1818134485438915,0.172,0.09466911012922022,0.26032519210341154,0.29399999999999993,0.3792066744037806,0.1818134485438915,0.08403674096816142,0.15741496721872927,0.9166666666666666
jev_choice,direct,87,0.2354922423695189,0.23615789473700005,0.1585351026373353,0.4479335846,0.47210526315799994,0.6749465186141359,0.2354922423695189,0.16117994996890933,0.2390613465342607,0.6666666666666666
jev_choice,distractor,52,0.2629419366412358,0.2961033372018903,0.1278119989907003,0.39221052631599995,0.428105263158,0.46284210526299996,0.2629419366412358,0.17094873826128482,0.25987456006659676,0.6346153846153846
jev_choice,nested,20,0.2553727504558957,0.26084503745318355,0.11944413240552267,0.38078260869565217,0.4302941176470589,0.4932857142857143,0.25537275045589575,0.15896428488303443,0.28096893745550344,0.65
jev_choice,prose,92,0.2722322891848783,0.2900107582105255,0.1449916475278136,0.442473684211,0.48805937324761584,0.5634699999999999,0.2722322891848783,0.19026599425533786,0.27959911542989474,0.6304347826086957
jev_choice,ratio,25,0.14319368421047998,0.115684210526,0.11961297395792896,0.31999999999999995,0.32742105263199994,0.4256842105259999,0.14319368421047998,0.06962338947366171,0.1849630876760742,1.0
jev_choice,scaled_counts,5,0.16299999999999998,0.12600000000000003,0.06907966415668214,0.16999999999999993,0.16999999999999993,0.29399999999999993,0.163,0.06268199999999999,0.14650791643076916,1.0
jev_choice,table,72,0.2130415740072101,0.1696536988225933,0.16640582779746965,0.44819067826399994,0.5152020242769999,0.6959465186141358,0.21304157400721013,0.1461552235608614,0.21709281457381113,0.6944444444444444
jev_noul,counts,12,0.08678433090338039,0.057662596051705754,0.08839532135657083,0.16080165908334362,0.1706712044107276,0.3232066744037806,0.08678433090338039,0.030690505856157704,0.045550568210967875,0.9166666666666666
jev_noul,direct,87,0.09133903843216198,0.06063414634146347,0.10964150252232796,0.22026625386996906,0.3137928911656144,0.5169465186141359,0.09133903843216197,0.040728158034131226,0.05643556905170385,0.8850574712643678
jev_noul,distractor,52,0.05396248073550887,0.036524389833390306,0.07453450978131786,0.08785185185185185,0.13874193548387104,0.4533821568498233,0.05396248073550887,0.016934684950943062,0.022655464590856947,0.9423076923076923
jev_noul,nested,20,0.05037735144864106,0.051092592592592606,0.02841343488636322,0.09423076923076917,0.10163414634146348,0.10228571428571431,0.05037735144864106,0.006690401642043001,0.00864593526423586,0.85
jev_noul,prose,92,0.09020000193065282,0.06802631578950001,0.09051378875017714,0.158202024277,0.30826625386996914,0.42367931814376336,0.0902000019306528,0.03265757260440293,0.0471711740355797,0.9021739130434783
jev_noul,ratio,25,0.02642947368424,0.02200000000000002,0.018729677400039987,0.040684210525999936,0.050052631579,0.09199999999999998,0.026429473684240007,0.0020986357894710065,0.006637971420418567,1.0
jev_noul,scaled_counts,5,0.015399999999999994,0.015,0.00574804314527995,0.017000000000000015,0.017000000000000015,0.023999999999999952,0.015399999999999987,0.0005403999999999993,0.0009048504877027924,1.0
jev_noul,table,72,0.1107793963127895,0.061081241912805825,0.13518442109463405,0.23693358460000002,0.46817391304347833,0.5679465186141358,0.1107793963127895,0.06109380470823484,0.07966963034523926,0.8194444444444444
jev_score,counts,12,0.09946895524316281,0.05911111111415,0.09095632424734185,0.19987334107768062,0.2219127701824436,0.2676712044019276,0.09946895524316283,0.036334251955507824,0.05497876000007884,0.9166666666666666
jev_score,direct,87,0.12491732072889822,0.09296078430825883,0.11063537622579973,0.25748914015280006,0.3027294685999783,0.5138354075027358,0.12491732072889822,0.05568904698142135,0.07773823266613089,0.8850574712643678
jev_score,distractor,52,0.09335817954398423,0.06012415656323458,0.0927065656602785,0.2241980862351408,0.2645474143153115,0.3934932679641233,0.09335817954398423,0.034620514008580655,0.046211177265380966,0.9423076923076923
jev_score,nested,20,0.090344537604334,0.06428108629350421,0.08787764333772737,0.20447193584316803,0.22129629628455183,0.294297491028771,0.090344537604334,0.03176923134706748,0.04067028706529661,1.0
jev_score,prose,92,0.12220021667077062,0.09375492091897608,0.1187928551092037,0.3089044039061869,0.3826422222225,0.5323411408784195,0.12220021667077062,0.0580892707587591,0.07810890050682605,0.8478260869565217
jev_score,ratio,25,0.04116712151896869,0.036825624704875715,0.026570276111400264,0.06127485383430001,0.08340587162002222,0.1041637427217999,0.04116712151896869,0.0048014229335871655,0.007741399998481176,1.0
jev_score,scaled_counts,5,0.029600000004899995,0.03188888891150002,0.023161867348872715,0.04322222220649999,0.04322222220649999,0.06433333335619995,0.02960000000490002,0.002825264198753711,0.003972074902613766,1.0
jev_score,table,72,0.144700204894077,0.10882485085985727,0.1356720464259981,0.31031313539,0.42917391304397834,0.5839465186142359,0.144700204894077,0.0786901069556121,0.10369301906470207,0.8472222222222222
semif_qwen35_4b,counts,12,0.25588015472293163,0.255,0.17129488406479748,0.4421765008857981,0.4674323625696047,0.4875345654771678,0.25588015472293163,0.1896331817756077,0.22649525739750373,0.5
semif_qwen35_4b,direct,87,0.3937290683439124,0.37118357119907974,0.27183803153659,0.7601614534596437,0.8329709910213607,0.9240883385928924,0.3937290683439124,0.45783698929730676,0.7021626838669827,0.45977011494252873
semif_qwen35_4b,distractor,52,0.34439070924772075,0.32454359710221714,0.23176826192481798,0.6110585786300049,0.7545119698430327,0.7828519581564368,0.34439070924772075,0.3446429757035983,0.5091069615624183,0.5576923076923077
semif_qwen35_4b,nested,20,0.2291952001081734,0.22796746261842074,0.16274469540967423,0.4851185735997872,0.5124724920253354,0.5528685938407024,0.2291952001081734,0.1580325512732266,0.19630981055976435,0.6
semif_qwen35_4b,prose,92,0.40602756309114735,0.33983046430016706,0.2753553373283713,0.8268931293108355,0.8616508637162958,0.9411743875849571,0.40602756309114735,0.4813578875699136,0.8158092802038464,0.4673913043478261
semif_qwen35_4b,ratio,25,0.37637364637793136,0.4315964826103811,0.20571832843767837,0.619405124332691,0.6257954207350049,0.7022834079206283,0.37637364637793136,0.36795430468602525,0.5155010739969,0.52
semif_qwen35_4b,scaled_counts,5,0.2744767539276026,0.30266659995406975,0.1472225338473297,0.3926665999540697,0.3926665999540697,0.4421765008857981,0.2744767539276027,0.19402392583812375,0.20766160730041455,0.4
semif_qwen35_4b,table,72,0.3803752339632341,0.35423007581452026,0.25977418037968053,0.6794058294600817,0.8702745791240831,0.9699562146899744,0.3803752339632341,0.4243358868090398,0.6595411204208742,0.4444444444444444
