instance_id,latent_instance_id,family,representation,p_star,p_noul,p_choice,mu_score,score_endpoint_mass,pred_choice_expected_truth,pred_choice_hard_threshold,pred_choice_endpoint_conditioning,pred_choice_parametric_sharpening,pred_choice_monotonic_collapse,pred_choice_full_q_ridge,pred_choice_crisp_unknown_conditional,pred_choice_fuzzy_unknown_conditional,crisp_unknown_mass,fuzzy_unknown_mass,crisp_false_max_level,crisp_true_min_level,fuzzy_beta,unknown_lambda,unknown_gamma,abs_error_expected_truth,abs_error_hard_threshold,abs_error_endpoint_conditioning,abs_error_parametric_sharpening,abs_error_monotonic_collapse,abs_error_full_q_ridge,abs_error_crisp_unknown_conditional,abs_error_fuzzy_unknown_conditional,oracle_best_rule,oracle_best_abs_error,q_0,q_1,q_2,q_3,q_4,q_5,q_6,q_7,q_8,q_9
bayes__seed_000048__repr_counts__parallel_primitives,bayes__seed_000048,bayes,counts,0.8313821568498233,0.916,0.9709999999999999,0.8256666666666665,0.109,0.8256666666666665,0.95,0.908256880733945,0.8860413283533939,0.9704708587698171,0.9886766973896355,0.9795918367346939,0.8860413283533939,0.020000000000000018,0.0,1,4,1.5,0.0,0.5,0.14533333333333331,0.020999999999999908,0.06274311926605491,0.08495867164660598,0.0005291412301827725,0.01767669738963562,0.008591836734693992,0.08495867164660598,monotonic_collapse,0.0005291412301827725,0.01,0.01,0.01,0.01,0.01,0.019,0.034,0.24300000000000002,0.5549999999999999,0.099
bayes__seed_000048__repr_direct__parallel_primitives,bayes__seed_000048,bayes,direct,0.8313821568498233,0.46799999999999997,0.727,0.534,0.086,0.534,0.549,0.5348837209302326,0.5423920589498452,0.7531534131404545,0.7750412789860115,0.824607329842932,0.5423920589498452,0.236,0.0,1,4,1.5,0.0,0.5,0.19299999999999995,0.17799999999999994,0.19211627906976736,0.18460794105015477,0.026153413140454496,0.048041278986011515,0.09760732984293197,0.18460794105015477,monotonic_collapse,0.026153413140454496,0.04,0.094,0.131,0.10500000000000001,0.081,0.068,0.11000000000000001,0.20299999999999999,0.122,0.046
bayes__seed_000048__repr_distractor__parallel_primitives,bayes__seed_000048,bayes,distractor,0.8313821568498233,0.378,0.643,0.4378888888888889,0.094,0.4378888888888889,0.406,0.35106382978723405,0.4261571825741051,0.6389572759819562,0.644360432338403,0.6886657101865137,0.42615718257410506,0.30300000000000005,0.0,1,4,1.5,0.0,0.5,0.20511111111111113,0.237,0.29193617021276597,0.2168428174258949,0.004042724018043842,0.0013604323384029948,0.045665710186513664,0.21684281742589495,full_q_ridge,0.0013604323384029948,0.061,0.156,0.158,0.145,0.074,0.078,0.084,0.14100000000000001,0.06999999999999999,0.033
bayes__seed_000048__repr_prose__parallel_primitives,bayes__seed_000048,bayes,prose,0.8313821568498233,0.75,0.951,0.7854444444444444,0.118,0.7854444444444444,0.9069999999999999,0.7542372881355932,0.8435569993827028,0.936333088447595,0.952243643151949,0.9494324045407636,0.8435569993827028,0.031000000000000028,0.0,1,4,1.5,0.0,0.5,0.16555555555555557,0.04400000000000004,0.19676271186440675,0.10744300061729717,0.01466691155240496,0.0012436431519490254,0.0015675954592363484,0.10744300061729717,full_q_ridge,0.0012436431519490254,0.028999999999999998,0.02,0.013000000000000001,0.018,0.013000000000000001,0.014000000000000002,0.038,0.31,0.45599999999999996,0.089
bayes__seed_000048__repr_table__parallel_primitives,bayes__seed_000048,bayes,table,0.8313821568498233,0.271,0.326,0.251,0.040999999999999995,0.251,0.079,,0.18800635342025565,0.4163751580915485,0.42674393886045975,0.28187919463087246,0.18800635342025573,0.553,0.0,1,4,1.5,0.0,0.5,0.07500000000000001,0.247,,0.13799364657974436,0.0903751580915485,0.10074393886045974,0.04412080536912755,0.13799364657974428,crisp_unknown_conditional,0.04412080536912755,0.036,0.28500000000000003,0.385,0.16799999999999998,0.047,0.025,0.014000000000000002,0.022,0.013000000000000001,0.005
bayes__seed_000054__repr_counts__parallel_primitives,bayes__seed_000054,bayes,counts,0.4137933255962194,0.737,0.7929999999999999,0.6136666666666667,0.098,0.6136666666666667,0.686,0.5714285714285715,0.642022263564176,0.8253052469246059,0.8449524932856257,0.8815165876777251,0.642022263564176,0.15600000000000003,0.0,1,4,1.5,0.0,0.5,0.17933333333333323,0.10699999999999987,0.22157142857142842,0.1509777364358239,0.03230524692460601,0.05195249328562579,0.08851658767772519,0.1509777364358239,monotonic_collapse,0.03230524692460601,0.042,0.057999999999999996,0.077,0.079,0.057999999999999996,0.07,0.10900000000000001,0.274,0.177,0.05600000000000001
bayes__seed_000054__repr_direct__parallel_primitives,bayes__seed_000054,bayes,direct,0.4137933255962194,0.43099999999999994,0.717,0.47155555555555556,0.092,0.47155555555555556,0.47000000000000003,0.4565217391304348,0.4680219037654653,0.6727691318360807,0.6888082282543553,0.7213333333333334,0.4680219037654653,0.2499999999999999,0.0,1,4,1.5,0.0,0.5,0.2454444444444444,0.24699999999999994,0.26047826086956516,0.24897809623453465,0.0442308681639193,0.02819177174564469,0.004333333333333411,0.24897809623453465,crisp_unknown_conditional,0.004333333333333411,0.05,0.159,0.146,0.10400000000000001,0.07100000000000001,0.076,0.11000000000000001,0.157,0.08499999999999999,0.042
bayes__seed_000054__repr_distractor__parallel_primitives,bayes__seed_000054,bayes,distractor,0.4137933255962194,0.44800000000000006,0.706,0.5006666666666667,0.116,0.5006666666666667,0.52,0.4051724137931034,0.506853536462528,0.6956912925141309,0.7079405377394716,0.7386934673366835,0.5068535364625281,0.20399999999999996,0.0,1,4,1.5,0.0,0.5,0.20533333333333326,0.18599999999999994,0.30082758620689654,0.199146463537472,0.010308707485869095,0.0019405377394716705,0.032693467336683546,0.1991464635374719,full_q_ridge,0.0019405377394716705,0.069,0.139,0.10600000000000001,0.098,0.068,0.068,0.10900000000000001,0.196,0.1,0.047
bayes__seed_000054__repr_prose__parallel_primitives,bayes__seed_000054,bayes,prose,0.4137933255962194,0.44800000000000006,0.818,0.4742222222222222,0.08099999999999999,0.4742222222222222,0.47800000000000004,0.5555555555555556,0.4643076190568572,0.784071004534818,0.7982916499880142,0.8964539007092199,0.4643076190568572,0.29500000000000004,0.0,1,4,1.5,0.0,0.5,0.34377777777777774,0.3399999999999999,0.26244444444444437,0.35369238094314276,0.03392899546518191,0.019708350011985787,0.07845390070921998,0.35369238094314276,full_q_ridge,0.019708350011985787,0.036,0.037,0.079,0.21600000000000003,0.154,0.273,0.10400000000000001,0.033,0.023,0.045
bayes__seed_000054__repr_table__parallel_primitives,bayes__seed_000054,bayes,table,0.4137933255962194,0.277,0.343,0.323,0.10799999999999998,0.323,0.228,0.212962962962963,0.28704663995906965,0.48692979257276414,0.4951916815123068,0.4637904468412943,0.2870466399590697,0.35100000000000003,0.0,1,4,1.5,0.0,0.5,0.020000000000000018,0.11500000000000002,0.13003703703703703,0.05595336004093038,0.14392979257276411,0.15219168151230678,0.12079044684129425,0.05595336004093032,expected_truth,0.020000000000000018,0.08499999999999999,0.263,0.223,0.128,0.073,0.053000000000000005,0.052000000000000005,0.062,0.038,0.023
bayes__seed_000060__repr_counts__parallel_primitives,bayes__seed_000060,bayes,counts,0.8130236350735895,0.787,0.969,0.7774441107774441,0.07307307307307306,0.7774441107774441,0.9409409409409409,0.863013698630137,0.8438991136700378,0.9665493211927452,0.9850625347248287,0.9794026776519053,0.8438991136700378,0.028028028028028062,0.0,1,4,1.5,0.0,0.5,0.19155588922255584,0.028059059059059033,0.10598630136986298,0.1251008863299622,0.0024506788072548025,0.01606253472482877,0.010402677651905279,0.1251008863299622,monotonic_collapse,0.0024506788072548025,0.01001001001001001,0.01001001001001001,0.01001001001001001,0.018018018018018018,0.011011011011011011,0.024024024024024024,0.08708708708708708,0.4754754754754755,0.29129129129129133,0.06306306306306306
bayes__seed_000060__repr_direct__parallel_primitives,bayes__seed_000060,bayes,direct,0.8130236350735895,0.829,0.975,0.796,0.05900000000000001,0.796,0.9500000000000001,0.8305084745762712,0.863500120166459,0.9704708587698171,0.9911084034876642,0.9795918367346939,0.863500120166459,0.019999999999999907,0.0,1,4,1.5,0.0,0.5,0.17899999999999994,0.02499999999999991,0.14449152542372878,0.11149987983354093,0.004529141230182887,0.01610840348766418,0.004591836734693877,0.11149987983354093,monotonic_collapse,0.004529141230182887,0.010000000000000002,0.010000000000000002,0.010000000000000002,0.010000000000000002,0.010000000000000002,0.018000000000000002,0.059000000000000004,0.41300000000000003,0.411,0.04900000000000001
bayes__seed_000060__repr_distractor__parallel_primitives,bayes__seed_000060,bayes,distractor,0.8130236350735895,0.873,0.9800000000000001,0.7806666666666666,0.055999999999999994,0.7806666666666666,0.949,0.7857142857142857,0.8506999398087483,0.9689565021183254,0.9897574187806293,0.9775739041794087,0.8506999398087483,0.019000000000000017,0.0,1,4,1.5,0.0,0.5,0.19933333333333347,0.03100000000000014,0.1942857142857144,0.12930006019125184,0.011043497881674691,0.00975741878062919,0.0024260958205913896,0.12930006019125184,crisp_unknown_conditional,0.0024260958205913896,0.012,0.01,0.009,0.01,0.01,0.016,0.075,0.51,0.304,0.044
bayes__seed_000060__repr_prose__parallel_primitives,bayes__seed_000060,bayes,prose,0.8130236350735895,0.8030000000000002,0.982,0.8044444444444445,0.115,0.8044444444444445,0.9400000000000001,0.8434782608695652,0.8672521052089412,0.9624649785494211,0.9807914054289879,0.9714285714285714,0.8672521052089412,0.019999999999999907,0.0,1,4,1.5,0.0,0.5,0.17755555555555547,0.041999999999999926,0.13852173913043475,0.11474789479105874,0.019535021450578838,0.0012085945710120782,0.010571428571428565,0.11474789479105874,full_q_ridge,0.0012085945710120782,0.018,0.01,0.01,0.01,0.012,0.013000000000000001,0.034999999999999996,0.376,0.41900000000000004,0.097
bayes__seed_000060__repr_table__parallel_primitives,bayes__seed_000060,bayes,table,0.8130236350735895,0.852,0.9800000000000001,0.8051111111111111,0.076,0.8051111111111111,0.963,0.868421052631579,0.8745706407619023,0.9807285740387879,1.0,0.9878172588832487,0.8745706407619024,0.015000000000000013,0.0,1,4,1.5,0.0,0.5,0.17488888888888898,0.017000000000000126,0.11157894736842111,0.10542935923809782,0.0007285740387877881,0.019999999999999907,0.007817258883248579,0.10542935923809771,monotonic_collapse,0.0007285740387877881,0.01,0.002,0.005,0.01,0.01,0.01,0.06,0.45599999999999996,0.371,0.066
compound__seed_000054__repr_direct__parallel_primitives,compound__seed_000054,compound,direct,0.891616122019,0.844,0.9549999999999998,0.6884662440217996,0.21921921921921925,0.6884662440217996,0.8108108108108109,0.6255707762557078,0.7350900953034016,0.8710100928441672,0.8880936099308898,0.8918345705196182,0.7350900953034016,0.056056056056056014,0.0,1,4,1.5,0.0,0.5,0.2665337559782003,0.144189189189189,0.32942922374429207,0.2199099046965982,0.08398990715583265,0.06690639006911003,0.06316542948038162,0.2199099046965982,crisp_unknown_conditional,0.06316542948038162,0.08208208208208209,0.02002002002002002,0.02102102102102102,0.03503503503503503,0.031031031031031032,0.028028028028028024,0.13513513513513514,0.36436436436436437,0.14614614614614613,0.13713713713713716
compound__seed_000054__repr_prose__parallel_primitives,compound__seed_000054,compound,prose,0.891616122019,0.837,0.944,0.798,0.382,0.798,0.8650000000000001,0.8507853403141361,0.8325564236863047,0.9068644986478622,0.9157765012590159,0.9220374220374221,0.8325564236863047,0.038000000000000034,0.0,1,4,1.5,0.0,0.5,0.1459999999999999,0.07899999999999985,0.09321465968586384,0.11144357631369528,0.03713550135213772,0.028223498740984065,0.021962577962577834,0.11144357631369528,crisp_unknown_conditional,0.021962577962577834,0.05700000000000001,0.018,0.018,0.02,0.022,0.02,0.03,0.14500000000000002,0.34500000000000003,0.325
compound__seed_000054__repr_table__parallel_primitives,compound__seed_000054,compound,table,0.891616122019,0.861,0.967,0.7268888888888889,0.392,0.7268888888888889,0.803,0.7321428571428572,0.7602087183378914,0.8564408431004936,0.8674854176700346,0.8738170347003155,0.7602087183378914,0.04899999999999993,0.0,1,4,1.5,0.0,0.5,0.24011111111111105,0.16399999999999992,0.23485714285714276,0.20679128166210858,0.11055915689950635,0.09951458232996535,0.0931829652996845,0.20679128166210858,crisp_unknown_conditional,0.0931829652996845,0.10500000000000001,0.015,0.02,0.028999999999999998,0.027999999999999997,0.020999999999999998,0.082,0.196,0.217,0.28700000000000003
compound__seed_000057__repr_direct__parallel_primitives,compound__seed_000057,compound,direct,0.773038,0.712,0.7,0.6861111111111111,0.632,0.6861111111111111,0.7070000000000001,0.7294303797468354,0.6957115254308606,0.7660727076732472,0.7646637714240365,0.7847147470398278,0.6957115254308606,0.07100000000000006,0.0,1,4,1.5,0.0,0.5,0.01388888888888884,0.007000000000000117,0.02943037974683549,0.004288474569139389,0.06607270767324724,0.06466377142403656,0.08471474703982784,0.004288474569139389,parametric_sharpening,0.004288474569139389,0.17099999999999999,0.028999999999999998,0.031,0.04,0.022,0.022,0.047,0.081,0.096,0.461
compound__seed_000057__repr_prose__parallel_primitives,compound__seed_000057,compound,prose,0.773038,0.679,0.71,0.5658888888888889,0.41100000000000003,0.5658888888888889,0.5800000000000001,0.5766423357664233,0.574468225110473,0.6927748978036236,0.7060521226983192,0.7185697808535179,0.574468225110473,0.133,0.0,1,4,1.5,0.0,0.5,0.14411111111111108,0.1299999999999999,0.13335766423357664,0.13553177488952695,0.017225102196376407,0.00394787730168078,0.008569780853517894,0.13553177488952695,full_q_ridge,0.00394787730168078,0.174,0.06999999999999999,0.08,0.053000000000000005,0.043,0.03,0.05500000000000001,0.14500000000000002,0.11300000000000002,0.23700000000000002
compound__seed_000057__repr_table__parallel_primitives,compound__seed_000057,compound,table,0.773038,0.736,0.779,0.6638888888888889,0.589,0.6638888888888889,0.69,0.6960950764006791,0.6753683775442408,0.7522434670927561,0.7532119316784959,0.7725788900979326,0.6753683775442408,0.08100000000000007,0.0,1,4,1.5,0.0,0.5,0.11511111111111116,0.08900000000000008,0.08290492359932089,0.10363162245575919,0.02675653290724389,0.025788068321504154,0.006421109902067457,0.10363162245575919,crisp_unknown_conditional,0.006421109902067457,0.179,0.03,0.039,0.042,0.02,0.024,0.046,0.10500000000000001,0.10500000000000001,0.41
compound__seed_000061__repr_direct__parallel_primitives,compound__seed_000061,compound,direct,0.04782608695652174,0.49000000000000005,0.371,0.35055555555555556,0.714,0.35055555555555556,0.36000000000000004,0.2843137254901961,0.3521474231662461,0.4271623035842715,0.4326311763088416,0.4174972314507198,0.3521474231662461,0.09699999999999998,0.0,1,4,1.5,0.0,0.5,0.020444444444444432,0.010999999999999954,0.08668627450980387,0.01885257683375391,0.05616230358427149,0.06163117630884163,0.04649723145071982,0.01885257683375391,hard_threshold,0.010999999999999954,0.511,0.015,0.033,0.064,0.017,0.025,0.082,0.03,0.02,0.203
compound__seed_000061__repr_prose__parallel_primitives,compound__seed_000061,compound,prose,0.04782608695652174,0.457,0.512,0.5801356912468023,0.5915915915915916,0.5801356912468023,0.5905905905905906,0.6548223350253807,0.577912788042416,0.6721492712563093,0.6782924906952167,0.6877777777777778,0.577912788042416,0.09909909909909909,0.0,1,4,1.5,0.0,0.5,0.0681356912468023,0.07859059059059059,0.14282233502538066,0.06591278804241596,0.1601492712563093,0.16629249069521668,0.1757777777777778,0.06591278804241596,parametric_sharpening,0.06591278804241596,0.2042042042042042,0.07707707707707707,0.05905905905905905,0.04004004004004004,0.029029029029029027,0.06906906906906908,0.038038038038038034,0.03903903903903904,0.05705705705705707,0.38738738738738737
compound__seed_000061__repr_table__parallel_primitives,compound__seed_000061,compound,table,0.04782608695652174,0.516,0.52,0.477,0.7409999999999999,0.477,0.482,0.4588394062078273,0.4784358535302213,0.5459276061121734,0.5494732583134301,0.5487404162102957,0.47843585353022133,0.08700000000000008,0.0,1,4,1.5,0.0,0.5,0.04300000000000004,0.038000000000000034,0.0611605937921727,0.04156414646977874,0.025927606112173374,0.029473258313430062,0.02874041621029566,0.041564146469778684,monotonic_collapse,0.025927606112173374,0.40099999999999997,0.011,0.034999999999999996,0.052000000000000005,0.019,0.025,0.054000000000000006,0.033,0.03,0.33999999999999997
conditional__seed_000042__repr_direct__parallel_primitives,conditional__seed_000042,conditional,direct,0.48366013071895425,0.521,0.767,0.5246666666666666,0.09899999999999999,0.5246666666666666,0.606,0.29292929292929293,0.5430735185148636,0.8061719228114159,0.8239553221735898,0.8796992481203008,0.5430735185148637,0.20200000000000007,0.0,1,4,1.5,0.0,0.5,0.2423333333333334,0.16100000000000003,0.4740707070707071,0.22392648148513639,0.039171922811415905,0.056955322173589784,0.11269924812030074,0.22392648148513628,monotonic_collapse,0.039171922811415905,0.06999999999999999,0.026000000000000002,0.061,0.14100000000000001,0.096,0.10200000000000001,0.359,0.086,0.03,0.028999999999999998
conditional__seed_000042__repr_distractor__parallel_primitives,conditional__seed_000042,conditional,distractor,0.48366013071895425,0.511,0.774,0.47933333333333333,0.156,0.47933333333333333,0.554,0.18589743589743588,0.49229720561405327,0.7458077006942334,0.7613938716108275,0.8065739570164349,0.4922972056140533,0.20899999999999996,0.0,1,4,1.5,0.0,0.5,0.2946666666666667,0.21999999999999997,0.5881025641025641,0.28170279438594675,0.02819229930576661,0.012606128389172522,0.03257395701643484,0.2817027943859467,full_q_ridge,0.012606128389172522,0.127,0.026000000000000002,0.065,0.144,0.084,0.123,0.323,0.05600000000000001,0.023,0.028999999999999998
conditional__seed_000042__repr_nested__parallel_primitives,conditional__seed_000042,conditional,nested,0.48366013071895425,0.542,0.6859999999999999,0.478589700811923,0.10310310310310311,0.478589700811923,0.5275275275275275,0.1941747572815534,0.4851935641591737,0.7651388033072998,0.7807505387606631,0.8443271767810027,0.48519356415917375,0.24124124124124124,0.0,1,4,1.5,0.0,0.5,0.20741029918807696,0.15847247247247243,0.4918252427184465,0.20080643584082625,0.07913880330729983,0.0947505387606632,0.15832717678100272,0.2008064358408262,monotonic_collapse,0.07913880330729983,0.08308308308308308,0.03503503503503503,0.07207207207207209,0.16916916916916916,0.1131131131131131,0.14914914914914915,0.2862862862862863,0.05205205205205206,0.02002002002002002,0.02002002002002002
conditional__seed_000042__repr_prose__parallel_primitives,conditional__seed_000042,conditional,prose,0.48366013071895425,0.52,0.736,0.5226666666666667,0.10500000000000001,0.5226666666666667,0.527,0.4666666666666666,0.5308187589582658,0.8416821826608791,0.900878568165698,0.9085439229843563,0.5308187589582658,0.16899999999999993,0.0,1,4,1.5,0.0,0.5,0.21333333333333326,0.20899999999999996,0.26933333333333337,0.20518124104173419,0.10568218266087914,0.16487856816569801,0.17254392298435628,0.20518124104173419,monotonic_collapse,0.10568218266087914,0.05600000000000001,0.02,0.05700000000000001,0.11200000000000002,0.22800000000000004,0.152,0.203,0.081,0.042,0.049
conditional__seed_000042__repr_table__parallel_primitives,conditional__seed_000042,conditional,table,0.48366013071895425,0.506,0.636,0.5029473918362808,0.10710710710710711,0.5029473918362808,0.5585585585585586,0.3271028037383177,0.51320450174156,0.7893168153315729,0.8025969731920602,0.8693402328589909,0.5132045017415601,0.22622622622622612,0.0,1,4,1.5,0.0,0.5,0.13305260816371922,0.07744144144144138,0.3088971962616823,0.12279549825844005,0.15331681533157293,0.16659697319206024,0.23334023285899086,0.12279549825843994,hard_threshold,0.07744144144144138,0.07207207207207209,0.029029029029029027,0.058058058058058054,0.16816816816816815,0.11411411411411414,0.13113113113113115,0.31931931931931934,0.05105105105105105,0.022022022022022022,0.03503503503503503
conditional__seed_000043__repr_direct__parallel_primitives,conditional__seed_000043,conditional,direct,0.5752212389380531,0.61,0.921,0.5378888888888889,0.126,0.5378888888888889,0.6639999999999999,0.2698412698412698,0.5644705625921332,0.8066631842344554,0.828423414576092,0.8645083932853717,0.5644705625921332,0.16600000000000004,0.0,1,4,1.5,0.0,0.5,0.3831111111111112,0.2570000000000001,0.6511587301587303,0.3565294374078668,0.11433681576554466,0.09257658542390801,0.056491606714628384,0.3565294374078668,crisp_unknown_conditional,0.056491606714628384,0.092,0.020999999999999998,0.062,0.10400000000000001,0.05700000000000001,0.097,0.40199999999999997,0.095,0.036,0.033999999999999996
conditional__seed_000043__repr_distractor__parallel_primitives,conditional__seed_000043,conditional,distractor,0.5752212389380531,0.595,0.9030000000000001,0.5598888888888889,0.14800000000000002,0.5598888888888889,0.6990000000000001,0.29729729729729726,0.5931230302936622,0.8068275874555795,0.8276998109339121,0.8512110726643598,0.5931230302936623,0.133,0.0,1,4,1.5,0.0,0.5,0.34311111111111126,0.20400000000000007,0.6057027027027029,0.30987696970633793,0.09617241254442066,0.07530018906608804,0.05178892733564033,0.3098769697063378,crisp_unknown_conditional,0.05178892733564033,0.10400000000000001,0.025,0.053000000000000005,0.08,0.039,0.07100000000000001,0.38,0.151,0.053000000000000005,0.044
conditional__seed_000043__repr_nested__parallel_primitives,conditional__seed_000043,conditional,nested,0.5752212389380531,0.652,0.9339999999999999,0.5584444444444444,0.135,0.5584444444444444,0.681,0.3037037037037037,0.5888608505787619,0.8095047157953807,0.8308575445103863,0.8603286384976526,0.5888608505787619,0.14800000000000002,0.0,1,4,1.5,0.0,0.5,0.37555555555555553,0.2529999999999999,0.6302962962962962,0.345139149421238,0.1244952842046192,0.10314245548961365,0.07367136150234732,0.345139149421238,crisp_unknown_conditional,0.07367136150234732,0.094,0.025,0.057999999999999996,0.09,0.052000000000000005,0.078,0.34500000000000003,0.158,0.059,0.041
conditional__seed_000043__repr_prose__parallel_primitives,conditional__seed_000043,conditional,prose,0.5752212389380531,0.642,0.8949999999999999,0.6586666666666666,0.094,0.6586666666666666,0.873,0.574468085106383,0.7125100623844556,0.9244034667262704,0.9544048781750317,0.9472016895459345,0.7125100623844556,0.052999999999999936,0.0,1,4,1.5,0.0,0.5,0.23633333333333328,0.02199999999999991,0.3205319148936169,0.18248993761554433,0.029403466726270477,0.05940487817503182,0.052201689545934626,0.18248993761554433,hard_threshold,0.02199999999999991,0.04,0.01,0.02,0.033,0.024,0.07200000000000001,0.46299999999999997,0.213,0.071,0.054000000000000006
conditional__seed_000043__repr_table__parallel_primitives,conditional__seed_000043,conditional,table,0.5752212389380531,0.616,0.931,0.6042222222222222,0.129,0.6042222222222222,0.783,0.3798449612403101,0.6483888938184568,0.862996837272746,0.8883021357035825,0.8985667034178612,0.6483888938184569,0.09300000000000008,0.0,1,4,1.5,0.0,0.5,0.32677777777777783,0.14800000000000002,0.55115503875969,0.2826111061815433,0.06800316272725404,0.04269786429641753,0.03243329658213889,0.28261110618154317,crisp_unknown_conditional,0.03243329658213889,0.08,0.012,0.034999999999999996,0.05800000000000001,0.032,0.061,0.449,0.178,0.046,0.049
conditional__seed_000047__repr_direct__parallel_primitives,conditional__seed_000047,conditional,direct,0.2647058823529412,0.328,0.545,0.35766666666666663,0.144,0.35766666666666663,0.303,0.16666666666666669,0.3315501987767814,0.5821826939748699,0.5953252228442913,0.6203554119547657,0.3315501987767814,0.381,0.0,1,4,1.5,0.0,0.5,0.1873333333333334,0.24200000000000005,0.37833333333333335,0.21344980122321866,0.03718269397486984,0.050325222844291306,0.0753554119547657,0.21344980122321866,monotonic_collapse,0.03718269397486984,0.12,0.11499999999999999,0.205,0.176,0.081,0.124,0.1,0.033999999999999996,0.020999999999999998,0.024
conditional__seed_000047__repr_distractor__parallel_primitives,conditional__seed_000047,conditional,distractor,0.2647058823529412,0.321,0.644,0.3338888888888889,0.192,0.3338888888888889,0.278,0.13020833333333334,0.30766347683222317,0.5463392101513785,0.5665048141586239,0.56055900621118,0.3076634768322232,0.356,0.0,1,4,1.5,0.0,0.5,0.3101111111111111,0.366,0.5137916666666666,0.33633652316777685,0.09766078984862148,0.07749518584137616,0.08344099378881997,0.3363365231677768,full_q_ridge,0.07749518584137616,0.167,0.11600000000000002,0.202,0.154,0.083,0.123,0.078,0.033,0.019,0.025
conditional__seed_000047__repr_nested__parallel_primitives,conditional__seed_000047,conditional,nested,0.2647058823529412,0.325,0.6950000000000001,0.385,0.131,0.385,0.33499999999999996,0.1679389312977099,0.3642172070760204,0.6219927863029472,0.6269597060287807,0.6837060702875399,0.36421720707602045,0.37400000000000005,0.0,1,4,1.5,0.0,0.5,0.31000000000000005,0.3600000000000001,0.5270610687022902,0.33078279292397966,0.07300721369705288,0.06804029397121936,0.011293929712460127,0.3307827929239796,crisp_unknown_conditional,0.011293929712460127,0.10900000000000001,0.089,0.172,0.202,0.093,0.12,0.122,0.044,0.027000000000000003,0.022
conditional__seed_000047__repr_prose__parallel_primitives,conditional__seed_000047,conditional,prose,0.2647058823529412,0.369,0.562,0.3755978200422645,0.14014014014014015,0.3755978200422645,0.3313313313313313,0.21428571428571427,0.3496376357192429,0.643555350400192,0.6583779942472168,0.718849840255591,0.34963763571924295,0.37337337337337334,0.0,1,4,1.5,0.0,0.5,0.18640217995773556,0.23066866866866875,0.34771428571428575,0.21236236428075717,0.0815553504001919,0.09637799424721671,0.1568498402555909,0.2123623642807571,monotonic_collapse,0.0815553504001919,0.11011011011011013,0.06606606606606608,0.16216216216216217,0.2112112112112112,0.11911911911911911,0.22922922922922923,0.05105105105105105,0.011011011011011011,0.01001001001001001,0.03003003003003003
conditional__seed_000047__repr_table__parallel_primitives,conditional__seed_000047,conditional,table,0.2647058823529412,0.28500000000000003,0.414,0.36477777777777776,0.151,0.36477777777777776,0.28600000000000003,0.17880794701986757,0.33771819058750885,0.6054964164862096,0.6059849607167633,0.6606851549755303,0.3377181905875089,0.387,0.0,1,4,1.5,0.0,0.5,0.04922222222222222,0.12799999999999995,0.2351920529801324,0.07628180941249113,0.19149641648620958,0.19198496071676335,0.24668515497553029,0.07628180941249108,expected_truth,0.04922222222222222,0.124,0.08399999999999999,0.157,0.22999999999999998,0.119,0.14300000000000002,0.071,0.025,0.02,0.027000000000000003
conditional__seed_000049__repr_direct__parallel_primitives,conditional__seed_000049,conditional,direct,0.49230769230769234,0.497,0.74,0.42066666666666663,0.147,0.42066666666666663,0.371,0.14285714285714285,0.41228299210729413,0.7094675262873835,0.739107525787704,0.778833107191316,0.4122829921072942,0.263,0.0,1,4,1.5,0.0,0.5,0.31933333333333336,0.369,0.5971428571428572,0.32771700789270586,0.03053247371261647,0.0008924742122959906,0.03883310719131605,0.3277170078927058,full_q_ridge,0.0008924742122959906,0.126,0.037,0.078,0.185,0.203,0.126,0.178,0.028999999999999998,0.017,0.020999999999999998
conditional__seed_000049__repr_distractor__parallel_primitives,conditional__seed_000049,conditional,distractor,0.49230769230769234,0.489,0.778,0.44822222222222224,0.13999999999999999,0.44822222222222224,0.457,0.18571428571428575,0.4479496505401576,0.7187475120962322,0.7336888240339798,0.790257104194858,0.4479496505401576,0.2609999999999999,0.0,1,4,1.5,0.0,0.5,0.3297777777777778,0.321,0.5922857142857143,0.3300503494598424,0.0592524879037678,0.04431117596602019,0.012257104194857926,0.3300503494598424,crisp_unknown_conditional,0.012257104194857926,0.11399999999999999,0.041,0.084,0.177,0.127,0.122,0.24300000000000002,0.044,0.022,0.026000000000000002
conditional__seed_000049__repr_nested__parallel_primitives,conditional__seed_000049,conditional,nested,0.49230769230769234,0.533,0.787,0.4301111111111111,0.125,0.4301111111111111,0.394,0.184,0.4209738997102154,0.702919852686829,0.707776621606171,0.7828571428571428,0.4209738997102154,0.29999999999999993,0.0,1,4,1.5,0.0,0.5,0.3568888888888889,0.393,0.603,0.3660261002897846,0.08408014731317104,0.07922337839382898,0.004142857142857226,0.3660261002897846,crisp_unknown_conditional,0.004142857142857226,0.10200000000000001,0.05,0.08,0.22000000000000003,0.154,0.129,0.183,0.037,0.022,0.023
conditional__seed_000049__repr_prose__parallel_primitives,conditional__seed_000049,conditional,prose,0.49230769230769234,0.54,0.768,0.5564444444444444,0.1,0.5564444444444444,0.619,0.48,0.5764299418363324,0.8701588001056987,0.9234302774072103,0.9260115606936415,0.5764299418363326,0.135,0.0,1,4,1.5,0.0,0.5,0.2115555555555556,0.14900000000000002,0.28800000000000003,0.19157005816366757,0.10215880010569867,0.15543027740721027,0.15801156069364153,0.19157005816366746,monotonic_collapse,0.10215880010569867,0.052000000000000005,0.012,0.041,0.094,0.182,0.14200000000000002,0.29,0.09,0.049,0.048
conditional__seed_000049__repr_table__parallel_primitives,conditional__seed_000049,conditional,table,0.49230769230769234,0.49399999999999994,0.6839999999999999,0.4666666666666667,0.10999999999999999,0.4666666666666667,0.428,0.3454545454545455,0.46066647847722986,0.7611248748003355,0.7727457271617798,0.8569444444444445,0.46066647847722986,0.28,0.0,1,4,1.5,0.0,0.5,0.21733333333333327,0.25599999999999995,0.3385454545454544,0.22333352152277008,0.07712487480033559,0.08874572716177986,0.17294444444444457,0.22333352152277008,monotonic_collapse,0.07712487480033559,0.072,0.031,0.059,0.221,0.189,0.138,0.189,0.038,0.025,0.038
conditional__seed_000053__repr_direct__parallel_primitives,conditional__seed_000053,conditional,direct,0.967741935483871,0.8469999999999999,0.931,0.5606666666666666,0.159,0.5606666666666666,0.65,0.38993710691823896,0.5862692315707753,0.7850593614763622,0.8061215245297019,0.8389423076923077,0.5862692315707753,0.16800000000000004,0.0,1,4,1.5,0.0,0.5,0.3703333333333334,0.281,0.5410628930817611,0.3447307684292248,0.1459406385236378,0.12487847547029818,0.09205769230769234,0.3447307684292248,crisp_unknown_conditional,0.09205769230769234,0.097,0.037,0.08399999999999999,0.08399999999999999,0.048,0.06,0.24,0.205,0.083,0.062
conditional__seed_000053__repr_distractor__parallel_primitives,conditional__seed_000053,conditional,distractor,0.967741935483871,0.829,0.9359999999999999,0.5936666666666667,0.17300000000000001,0.5936666666666667,0.6930000000000001,0.4161849710982659,0.6266641084704186,0.7995402697114607,0.8192174882421683,0.8413793103448276,0.6266641084704186,0.13,0.0,1,4,1.5,0.0,0.5,0.34233333333333327,0.24299999999999988,0.519815028901734,0.3093358915295813,0.1364597302885392,0.11678251175783161,0.09462068965517234,0.3093358915295813,crisp_unknown_conditional,0.09462068965517234,0.101,0.037,0.065,0.065,0.039,0.043,0.199,0.264,0.11499999999999999,0.07200000000000001
conditional__seed_000053__repr_nested__parallel_primitives,conditional__seed_000053,conditional,nested,0.967741935483871,0.907,0.962,0.6734444444444444,0.16499999999999998,0.6734444444444444,0.78,0.5090909090909091,0.717642433742899,0.8570708581083819,0.874600272394747,0.8885245901639345,0.717642433742899,0.08499999999999996,0.0,1,4,1.5,0.0,0.5,0.28855555555555557,0.18199999999999994,0.4529090909090908,0.24435756625710092,0.10492914189161806,0.08739972760525294,0.07347540983606549,0.24435756625710092,crisp_unknown_conditional,0.07347540983606549,0.081,0.020999999999999998,0.036,0.049,0.033,0.037,0.10400000000000001,0.316,0.23900000000000002,0.08399999999999999
conditional__seed_000053__repr_prose__parallel_primitives,conditional__seed_000053,conditional,prose,0.967741935483871,0.8480000000000001,0.958,0.8345011678345012,0.3283283283283283,0.8345011678345012,0.908908908908909,0.8780487804878049,0.87547989552795,0.9369965914809478,0.9459928603600358,0.9485596707818931,0.8754798955279501,0.027027027027026973,0.0,1,4,1.5,0.0,0.5,0.12349883216549873,0.049091091091091,0.07995121951219508,0.08252010447204994,0.021003408519052136,0.012007139639964137,0.009440329218106891,0.08252010447204983,crisp_unknown_conditional,0.009440329218106891,0.04004004004004004,0.01001001001001001,0.011011011011011011,0.016016016016016016,0.014014014014014016,0.015015015015015015,0.02102102102102102,0.09809809809809811,0.4864864864864865,0.2882882882882883
conditional__seed_000053__repr_table__parallel_primitives,conditional__seed_000053,conditional,table,0.967741935483871,0.869,0.951,0.6593333333333333,0.173,0.6593333333333333,0.771,0.5491329479768786,0.7015533657932822,0.8513158963094649,0.8683189378369717,0.8870431893687708,0.7015533657932822,0.09699999999999998,0.0,1,4,1.5,0.0,0.5,0.29166666666666663,0.17999999999999994,0.40186705202312134,0.24944663420671775,0.09968410369053504,0.08268106216302828,0.06395681063122916,0.24944663420671775,crisp_unknown_conditional,0.06395681063122916,0.078,0.024,0.045,0.052000000000000005,0.03,0.032,0.14900000000000002,0.325,0.16999999999999998,0.095
conditional__seed_000054__repr_direct__parallel_primitives,conditional__seed_000054,conditional,direct,0.8333333333333334,0.767,0.9570000000000001,0.6301111111111111,0.13,0.6301111111111111,0.764,0.36923076923076925,0.6754333914078032,0.8468450541985305,0.8655783186039836,0.8841870824053453,0.6754333914078032,0.10199999999999998,0.0,1,4,1.5,0.0,0.5,0.326888888888889,0.19300000000000006,0.5877692307692308,0.28156660859219684,0.11015494580146956,0.09142168139601647,0.0728129175946548,0.28156660859219684,crisp_unknown_conditional,0.0728129175946548,0.082,0.022,0.044,0.057999999999999996,0.03,0.034999999999999996,0.221,0.346,0.11400000000000002,0.048
conditional__seed_000054__repr_distractor__parallel_primitives,conditional__seed_000054,conditional,distractor,0.8333333333333334,0.777,0.952,0.6567777777777778,0.19,0.6567777777777778,0.777,0.4684210526315789,0.7026379353729691,0.8438890260470774,0.8626919444370723,0.8694714131607335,0.702637935372969,0.07299999999999995,0.0,1,4,1.5,0.0,0.5,0.29522222222222216,0.17499999999999993,0.48357894736842105,0.2493620646270308,0.10811097395292257,0.08930805556292765,0.08252858683926645,0.24936206462703092,crisp_unknown_conditional,0.08252858683926645,0.101,0.02,0.032,0.041,0.028999999999999998,0.03,0.139,0.34900000000000003,0.16999999999999998,0.089
conditional__seed_000054__repr_nested__parallel_primitives,conditional__seed_000054,conditional,nested,0.8333333333333334,0.782,0.959,0.6322222222222222,0.134,0.6322222222222222,0.753,0.3805970149253731,0.6761106804747008,0.841923005003113,0.8590178263994465,0.8794642857142857,0.6761106804747009,0.10399999999999998,0.0,1,4,1.5,0.0,0.5,0.3267777777777777,0.20599999999999996,0.5784029850746268,0.28288931952529917,0.11707699499688695,0.0999821736005535,0.07953571428571427,0.28288931952529905,crisp_unknown_conditional,0.07953571428571427,0.083,0.025,0.042,0.062,0.034999999999999996,0.039,0.17099999999999999,0.361,0.131,0.051000000000000004
conditional__seed_000054__repr_prose__parallel_primitives,conditional__seed_000054,conditional,prose,0.8333333333333334,0.796,0.9549999999999998,0.7964444444444445,0.23500000000000001,0.7964444444444445,0.899,0.825531914893617,0.8461503641219661,0.9341023209444437,0.9469020942096305,0.9473684210526315,0.8461503641219661,0.030999999999999917,0.0,1,4,1.5,0.0,0.5,0.15855555555555534,0.05599999999999983,0.12946808510638286,0.10884963587803376,0.020897679055556173,0.008097905790369397,0.007631578947368323,0.10884963587803376,crisp_unknown_conditional,0.007631578947368323,0.041,0.01,0.01,0.020999999999999998,0.019,0.017,0.039,0.258,0.391,0.194
conditional__seed_000054__repr_table__parallel_primitives,conditional__seed_000054,conditional,table,0.8333333333333334,0.759,0.9559999999999998,0.662,0.15000000000000002,0.662,0.796,0.47333333333333333,0.7108574809311345,0.861042832604395,0.8785386542362261,0.8911860718171927,0.7108574809311345,0.08099999999999996,0.0,1,4,1.5,0.0,0.5,0.2939999999999998,0.1599999999999998,0.4826666666666665,0.2451425190688653,0.09495716739560489,0.07746134576377373,0.06481392818280718,0.2451425190688653,crisp_unknown_conditional,0.06481392818280718,0.079,0.020999999999999998,0.036,0.045,0.023,0.027999999999999997,0.164,0.389,0.144,0.07100000000000001
explicit_probability__seed_000046__repr_direct__parallel_primitives,explicit_probability__seed_000046,explicit_probability,direct,0.210526315789,0.274,0.668,0.24988888888888888,0.054,0.24988888888888888,0.066,0.16666666666666666,0.18417316133297462,0.45049274854812005,0.4797284542766945,0.3471882640586797,0.18417316133297462,0.591,0.0,1,4,1.5,0.0,0.5,0.41811111111111116,0.6020000000000001,0.5013333333333334,0.4838268386670254,0.21750725145188,0.1882715457233055,0.32081173594132034,0.4838268386670254,full_q_ridge,0.1882715457233055,0.045,0.22200000000000003,0.417,0.174,0.076,0.05600000000000001,0.001,0.0,0.0,0.009
explicit_probability__seed_000046__repr_distractor__parallel_primitives,explicit_probability__seed_000046,explicit_probability,distractor,0.210526315789,0.25,0.658,0.2643333333333333,0.074,0.2643333333333333,0.08800000000000001,0.13513513513513514,0.20355226879961752,0.473539400720326,0.5002511308185591,0.40722891566265057,0.20355226879961752,0.585,0.0,1,4,1.5,0.0,0.5,0.3936666666666667,0.5700000000000001,0.5228648648648648,0.4544477312003825,0.184460599279674,0.15774886918144093,0.25077108433734946,0.4544477312003825,full_q_ridge,0.15774886918144093,0.064,0.182,0.396,0.189,0.081,0.05800000000000001,0.01,0.006,0.004,0.01
explicit_probability__seed_000046__repr_prose__parallel_primitives,explicit_probability__seed_000046,explicit_probability,prose,0.210526315789,0.295,0.653,0.2822222222222222,0.052,0.2822222222222222,0.09,0.11538461538461539,0.22261755944975228,0.5178065113215563,0.5348794821677516,0.515439429928741,0.22261755944975228,0.5790000000000001,0.0,1,4,1.5,0.0,0.5,0.3707777777777778,0.5630000000000001,0.5376153846153846,0.43038244055024777,0.13519348867844372,0.11812051783224842,0.137560570071259,0.43038244055024777,full_q_ridge,0.11812051783224842,0.046,0.158,0.34199999999999997,0.23700000000000002,0.127,0.079,0.005,0.0,0.0,0.006
explicit_probability__seed_000046__repr_ratio__parallel_primitives,explicit_probability__seed_000046,explicit_probability,ratio,0.210526315789,0.23000000000000004,0.132,0.20281124497991967,0.024096385542168676,0.20281124497991967,0.0,,0.12446816568787078,0.3696145919571371,0.4121789250920011,0.05230769230769231,0.12446816568787075,0.6736947791164658,0.0,1,4,1.5,0.0,0.5,0.07081124497991967,0.132,,0.007531834312129226,0.23761459195713708,0.2801789250920011,0.0796923076923077,0.007531834312129254,parametric_sharpening,0.007531834312129226,0.024096385542168676,0.285140562248996,0.5491967871485944,0.12449799196787148,0.01706827309236948,0.0,0.0,0.0,0.0,0.0
explicit_probability__seed_000051__repr_direct__parallel_primitives,explicit_probability__seed_000051,explicit_probability,direct,0.473684210526,0.47400000000000003,0.781,0.39741446561907945,0.020060180541624874,0.39741446561907945,0.10030090270812436,,0.35793733052517407,0.7763381522583906,0.8168867287284707,0.9399350649350648,0.35793733052517407,0.3821464393179538,0.0,1,4,1.5,0.0,0.5,0.3835855343809206,0.6806990972918756,,0.42306266947482596,0.004661847741609382,0.03588672872847065,0.15893506493506482,0.42306266947482596,monotonic_collapse,0.004661847741609382,0.0160481444332999,0.021063189568706116,0.053159478435305926,0.32898696088264795,0.48044132397191575,0.07522567703109327,0.01905717151454363,0.0020060180541624875,0.0,0.004012036108324975
explicit_probability__seed_000051__repr_distractor__parallel_primitives,explicit_probability__seed_000051,explicit_probability,distractor,0.473684210526,0.477,0.752,0.41388888888888886,0.039,0.41388888888888886,0.157,,0.3830212551025932,0.7993503950206712,0.8730751414236593,0.9169014084507043,0.38302125510259327,0.29000000000000004,0.0,1,4,1.5,0.0,0.5,0.33811111111111114,0.595,,0.3689787448974068,0.04735039502067118,0.12107514142365927,0.16490140845070433,0.36897874489740673,monotonic_collapse,0.04735039502067118,0.028999999999999998,0.03,0.05,0.24,0.49400000000000005,0.095,0.036,0.01,0.006,0.01
explicit_probability__seed_000051__repr_prose__parallel_primitives,explicit_probability__seed_000051,explicit_probability,prose,0.473684210526,0.49800000000000005,0.808,0.46244444444444444,0.023,0.46244444444444444,0.306,,0.44700276716809295,0.8545231404055901,0.9223898389304344,0.9643799472295514,0.44700276716809295,0.242,0.0,1,4,1.5,0.0,0.5,0.3455555555555556,0.502,,0.3609972328319071,0.046523140405590024,0.1143898389304343,0.1563799472295514,0.3609972328319071,monotonic_collapse,0.046523140405590024,0.013000000000000001,0.014000000000000002,0.026000000000000002,0.21600000000000003,0.425,0.148,0.123,0.02,0.005,0.01
explicit_probability__seed_000051__repr_ratio__parallel_primitives,explicit_probability__seed_000051,explicit_probability,ratio,0.473684210526,0.43499999999999994,0.358,0.4368585452922802,0.0,0.4368585452922802,0.06224899598393575,,0.4072320377345958,0.9361780412128315,1.0,1.0,0.4072320377345958,0.12650602409638556,0.0,1,4,1.5,0.0,0.5,0.0788585452922802,0.29575100401606425,,0.049232037734595835,0.5781780412128316,0.642,0.642,0.049232037734595835,parametric_sharpening,0.049232037734595835,0.0,0.0,0.006024096385542168,0.12048192771084336,0.8112449799196787,0.06024096385542169,0.002008032128514056,0.0,0.0,0.0
explicit_probability__seed_000053__repr_direct__parallel_primitives,explicit_probability__seed_000053,explicit_probability,direct,0.578947368421,0.642,0.9549999999999998,0.6504444444444444,0.047,0.6504444444444444,0.923,,0.7101266752504223,0.9574600881877738,0.9963218166977726,0.9711340206185567,0.7101266752504224,0.030000000000000027,0.0,1,4,1.5,0.0,0.5,0.30455555555555547,0.031999999999999806,,0.24487332474957757,0.00246008818777399,0.041321816697772795,0.016134020618556844,0.24487332474957746,monotonic_collapse,0.00246008818777399,0.024,0.004,0.01,0.02,0.019,0.101,0.634,0.142,0.023,0.023
explicit_probability__seed_000053__repr_distractor__parallel_primitives,explicit_probability__seed_000053,explicit_probability,distractor,0.578947368421,0.642,0.9490000000000001,0.6457568679790903,0.05705705705705706,0.6457568679790903,0.8998998998998999,0.4210526315789474,0.703776580008904,0.9381582725391141,0.9711676215267121,0.9552083333333333,0.7037765800089041,0.039039039039038936,0.0,1,4,1.5,0.0,0.5,0.3032431320209098,0.04910010010010013,0.5279473684210527,0.2452234199910961,0.010841727460885964,0.022167621526712034,0.00620833333333326,0.24522341999109598,crisp_unknown_conditional,0.00620833333333326,0.03303303303303304,0.010010010010010012,0.010010010010010012,0.02902902902902903,0.018018018018018018,0.0900900900900901,0.5755755755755756,0.1791791791791792,0.031031031031031036,0.024024024024024027
explicit_probability__seed_000053__repr_prose__parallel_primitives,explicit_probability__seed_000053,explicit_probability,prose,0.578947368421,0.627,0.924,0.6556556556556555,0.04104104104104104,0.6556556556556555,0.9119119119119119,,0.7154934782476005,0.9530797541796016,0.988665560114119,0.9688796680497925,0.7154934782476006,0.035035035035035134,0.0,1,4,1.5,0.0,0.5,0.2683443443443445,0.012088088088088145,,0.2085065217523996,0.029079754179601514,0.06466556011411895,0.04487966804979249,0.20850652175239948,hard_threshold,0.012088088088088145,0.02102102102102102,0.009009009009009009,0.01001001001001001,0.025025025025025027,0.02302302302302302,0.08808808808808809,0.5735735735735735,0.1991991991991992,0.031031031031031032,0.02002002002002002
explicit_probability__seed_000053__repr_ratio__parallel_primitives,explicit_probability__seed_000053,explicit_probability,ratio,0.578947368421,0.586,0.943,0.6831111111111111,0.005,0.6831111111111111,1.0,,0.7550153301320182,1.0,1.0,1.0,0.7550153301320183,0.0,0.0,1,4,1.5,0.0,0.5,0.25988888888888884,0.05700000000000005,,0.1879846698679818,0.05700000000000005,0.05700000000000005,0.05700000000000005,0.18798466986798168,hard_threshold,0.05700000000000005,0.0,0.0,0.0,0.0,0.0,0.067,0.738,0.18,0.01,0.005
explicit_probability__seed_000054__repr_direct__parallel_primitives,explicit_probability__seed_000054,explicit_probability,direct,0.631578947368,0.662,0.961,0.6749999999999999,0.062,0.6749999999999999,0.918,0.5322580645161291,0.7385299772479411,0.9475813521597455,0.9778137155754669,0.9608247422680412,0.7385299772479411,0.030000000000000027,0.0,1,4,1.5,0.0,0.5,0.28600000000000003,0.04299999999999993,0.42874193548387085,0.22247002275205885,0.013418647840254483,0.01681371557546696,0.00017525773195881111,0.22247002275205885,crisp_unknown_conditional,0.00017525773195881111,0.028999999999999998,0.009,0.01,0.02,0.014000000000000002,0.045,0.509,0.294,0.037,0.033
explicit_probability__seed_000054__repr_distractor__parallel_primitives,explicit_probability__seed_000054,explicit_probability,distractor,0.631578947368,0.662,0.9559999999999998,0.657888888888889,0.066,0.657888888888889,0.886,0.43939393939393934,0.7167733470365031,0.9303290872581124,0.9575289756051545,0.9506820566631689,0.7167733470365032,0.04699999999999993,0.0,1,4,1.5,0.0,0.5,0.2981111111111109,0.06999999999999984,0.5166060606060605,0.23922665296349677,0.025670912741887486,0.0015289756051546366,0.005317943336830999,0.23922665296349666,full_q_ridge,0.0015289756051546366,0.037,0.01,0.011,0.036,0.02,0.064,0.47300000000000003,0.278,0.042,0.028999999999999998
explicit_probability__seed_000054__repr_prose__parallel_primitives,explicit_probability__seed_000054,explicit_probability,prose,0.631578947368,0.659,0.945,0.6891111111111111,0.045,0.6891111111111111,0.9299999999999999,,0.7544398622962375,0.9644497474587889,0.9956006522683707,0.9773662551440329,0.7544398622962376,0.028000000000000025,0.0,1,4,1.5,0.0,0.5,0.25588888888888883,0.015000000000000013,,0.19056013770376246,0.019449747458788913,0.05060065226837074,0.03236625514403291,0.19056013770376234,hard_threshold,0.015000000000000013,0.017,0.005,0.007000000000000001,0.020999999999999998,0.02,0.054000000000000006,0.466,0.33399999999999996,0.048,0.027999999999999997
explicit_probability__seed_000054__repr_ratio__parallel_primitives,explicit_probability__seed_000054,explicit_probability,ratio,0.631578947368,0.652,0.959,0.6804582360137916,0.006006006006006006,0.6804582360137916,1.0,,0.752249407256166,1.0,1.0,1.0,0.7522494072561658,0.0,0.0,1,4,1.5,0.0,0.5,0.27854176398620833,0.041000000000000036,,0.206750592743834,0.041000000000000036,0.041000000000000036,0.041000000000000036,0.20675059274383412,hard_threshold,0.041000000000000036,0.0,0.0,0.0,0.0,0.0,0.05105105105105106,0.7957957957957958,0.13713713713713716,0.010010010010010012,0.006006006006006006
explicit_probability__seed_000057__repr_direct__parallel_primitives,explicit_probability__seed_000057,explicit_probability,direct,0.789473684211,0.768,0.9719999999999999,0.7451111111111111,0.065,0.7451111111111111,0.9329999999999999,0.5846153846153845,0.8159987059236771,0.9534708587698171,0.9759827275115662,0.9622448979591837,0.8159987059236772,0.020000000000000018,0.0,1,4,1.5,0.0,0.5,0.2268888888888888,0.038999999999999924,0.3873846153846153,0.1560012940763228,0.01852914123018279,0.003982727511566364,0.0097551020408162,0.15600129407632268,full_q_ridge,0.003982727511566364,0.027000000000000003,0.01,0.01,0.01,0.01,0.02,0.124,0.588,0.16299999999999998,0.038
explicit_probability__seed_000057__repr_distractor__parallel_primitives,explicit_probability__seed_000057,explicit_probability,distractor,0.789473684211,0.786,0.97,0.7342222222222222,0.064,0.7342222222222222,0.9159999999999999,0.515625,0.8031813751537464,0.9455710114307605,0.9671924399540504,0.9578189300411523,0.8031813751537465,0.028000000000000025,0.0,1,4,1.5,0.0,0.5,0.23577777777777775,0.05400000000000005,0.454375,0.16681862484625354,0.024428988569239474,0.0028075600459496197,0.012181069958847712,0.16681862484625343,full_q_ridge,0.0028075600459496197,0.031,0.01,0.01,0.018,0.015,0.027999999999999997,0.11299999999999999,0.587,0.155,0.033
explicit_probability__seed_000057__repr_prose__parallel_primitives,explicit_probability__seed_000057,explicit_probability,prose,0.789473684211,0.746,0.952,0.7568888888888889,0.044,0.7568888888888889,0.9420000000000001,,0.828665980177422,0.9674348455346309,0.9909297330934239,0.9765306122448979,0.8286659801774219,0.019999999999999907,0.0,1,4,1.5,0.0,0.5,0.195111111111111,0.009999999999999898,,0.12333401982257797,0.015434845534630925,0.03892973309342396,0.024530612244897942,0.12333401982257808,hard_threshold,0.009999999999999898,0.014000000000000002,0.009,0.009,0.011,0.015,0.02,0.118,0.5780000000000001,0.196,0.03
explicit_probability__seed_000057__repr_ratio__parallel_primitives,explicit_probability__seed_000057,explicit_probability,ratio,0.789473684211,0.783,0.975,0.7906795684573463,0.011011011011011011,0.7906795684573463,1.0,,0.8752557583136756,1.0,1.0,1.0,0.8752557583136755,0.0,0.0,1,4,1.5,0.0,0.5,0.18432043154265365,0.025000000000000022,,0.09974424168632434,0.025000000000000022,0.025000000000000022,0.025000000000000022,0.09974424168632445,hard_threshold,0.025000000000000022,0.0,0.0,0.0,0.0,0.0,0.0,0.05705705705705707,0.7807807807807808,0.15115115115115116,0.011011011011011011
sequential_bayes__seed_000047__repr_direct__parallel_primitives,sequential_bayes__seed_000047,sequential_bayes,direct,0.7887928911656144,0.475,0.664,0.4329885440996552,0.11011011011011011,0.4329885440996552,0.42342342342342343,0.2636363636363636,0.42644855816606003,0.6082819959362743,0.6235506686278276,0.6386206896551724,0.42644855816606003,0.2742742742742743,0.0,1,4,1.5,0.0,0.5,0.23101145590034483,0.2405765765765766,0.4003636363636364,0.23755144183394,0.055718004063725735,0.04044933137217244,0.025379310344827655,0.23755144183394,crisp_unknown_conditional,0.025379310344827655,0.08108108108108109,0.18118118118118118,0.18518518518518517,0.08908908908908908,0.04004004004004004,0.042042042042042045,0.08108108108108109,0.21021021021021022,0.06106106106106106,0.029029029029029027
sequential_bayes__seed_000047__repr_prose__parallel_primitives,sequential_bayes__seed_000047,sequential_bayes,prose,0.7887928911656144,0.758,0.9650000000000001,0.7552222222222222,0.052000000000000005,0.7552222222222222,0.949,0.7884615384615384,0.82770353934919,0.9704466059754228,0.9931648270270146,0.9795918367346939,0.82770353934919,0.020000000000000018,0.0,1,4,1.5,0.0,0.5,0.20977777777777784,0.016000000000000125,0.17653846153846164,0.13729646065081003,0.00544660597542268,0.028164827027014505,0.014591836734693775,0.13729646065081003,monotonic_collapse,0.00544660597542268,0.011,0.009,0.01,0.01,0.011,0.019,0.133,0.616,0.13999999999999999,0.041
sequential_bayes__seed_000047__repr_table__parallel_primitives,sequential_bayes__seed_000047,sequential_bayes,table,0.7887928911656144,0.46299999999999997,0.631,0.47944444444444445,0.093,0.47944444444444445,0.489,0.3655913978494623,0.48109938265796753,0.6701783006645836,0.6882113440877273,0.7171314741035857,0.48109938265796753,0.247,0.0,1,4,1.5,0.0,0.5,0.15155555555555555,0.14200000000000002,0.2654086021505377,0.14990061734203247,0.03917830066458361,0.05721134408772732,0.08613147410358568,0.14990061734203247,monotonic_collapse,0.03917830066458361,0.059,0.154,0.16,0.087,0.051000000000000004,0.05600000000000001,0.081,0.24,0.078,0.033999999999999996
sequential_bayes__seed_000049__repr_direct__parallel_primitives,sequential_bayes__seed_000049,sequential_bayes,direct,0.8003900273948994,0.755,0.93,0.7054444444444444,0.01,0.7054444444444444,0.9349999999999999,,0.7751940353392528,0.9809421036270877,1.0,0.9958720330237358,0.7751940353392529,0.031000000000000028,0.0,1,4,1.5,0.0,0.5,0.22455555555555562,0.004999999999999893,,0.15480596466074725,0.05094210362708762,0.06999999999999995,0.06587203302373579,0.15480596466074714,hard_threshold,0.004999999999999893,0.0,0.004,0.01,0.020999999999999998,0.03,0.034999999999999996,0.388,0.46699999999999997,0.034999999999999996,0.01
sequential_bayes__seed_000049__repr_prose__parallel_primitives,sequential_bayes__seed_000049,sequential_bayes,prose,0.8003900273948994,0.791,0.977,0.8034444444444444,0.06500000000000002,0.8034444444444444,0.95,0.8153846153846154,0.8716447863532086,0.9709005959107497,0.9903188526937271,0.9786368260427263,0.8716447863532085,0.017000000000000015,0.0,1,4,1.5,0.0,0.5,0.17355555555555557,0.027000000000000024,0.1616153846153846,0.10535521364679135,0.006099404089250249,0.013318852693727123,0.0016368260427263026,0.10535521364679146,crisp_unknown_conditional,0.0016368260427263026,0.012000000000000002,0.009000000000000001,0.007000000000000002,0.010000000000000002,0.012000000000000002,0.010000000000000002,0.029,0.435,0.423,0.05300000000000001
sequential_bayes__seed_000049__repr_table__parallel_primitives,sequential_bayes__seed_000049,sequential_bayes,table,0.8003900273948994,0.75,0.9469999999999998,0.7176666666666667,0.01,0.7176666666666667,0.934,,0.7886420245078454,0.981432207484185,1.0,0.996900826446281,0.7886420245078454,0.03199999999999992,0.0,1,4,1.5,0.0,0.5,0.22933333333333317,0.01299999999999979,,0.15835797549215447,0.034432207484185184,0.05300000000000016,0.04990082644628113,0.15835797549215447,hard_threshold,0.01299999999999979,0.0,0.003,0.01,0.022,0.031,0.028999999999999998,0.309,0.531,0.05500000000000001,0.01
sequential_bayes__seed_000052__repr_direct__parallel_primitives,sequential_bayes__seed_000052,sequential_bayes,direct,0.15389933510803008,0.298,0.281,0.28539650761872987,0.07307307307307306,0.28539650761872987,0.15815815815815817,0.16438356164383564,0.23703310259917398,0.4539305841427647,0.4591385665188451,0.39788732394366194,0.23703310259917396,0.43143143143143137,0.0,1,4,1.5,0.0,0.5,0.004396507618729839,0.12284184184184185,0.11661643835616439,0.043966897400826044,0.1729305841427647,0.17813856651884508,0.11688732394366191,0.04396689740082607,expected_truth,0.004396507618729839,0.06106106106106106,0.2812812812812813,0.2772772772772773,0.15415415415415415,0.06806806806806807,0.04804804804804805,0.05305305305305306,0.029029029029029027,0.01601601601601602,0.012012012012012012
sequential_bayes__seed_000052__repr_prose__parallel_primitives,sequential_bayes__seed_000052,sequential_bayes,prose,0.15389933510803008,0.211,0.481,0.248,0.076,0.248,0.057,0.14473684210526316,0.1847134836875513,0.4313457260311291,0.4533047324875671,0.3143507972665148,0.18471348368755136,0.561,0.0,1,4,1.5,0.0,0.5,0.23299999999999998,0.424,0.3362631578947368,0.2962865163124487,0.0496542739688709,0.027695267512432897,0.16664920273348516,0.2962865163124486,full_q_ridge,0.027695267512432897,0.065,0.236,0.387,0.174,0.081,0.023,0.006,0.01,0.007000000000000001,0.011
sequential_bayes__seed_000052__repr_table__parallel_primitives,sequential_bayes__seed_000052,sequential_bayes,table,0.15389933510803008,0.268,0.225,0.27855555555555556,0.086,0.27855555555555556,0.165,0.16279069767441864,0.23224329959162565,0.42228438192234924,0.42101590499965263,0.3548387096774194,0.2322432995916257,0.3800000000000001,0.0,1,4,1.5,0.0,0.5,0.05355555555555555,0.06,0.06220930232558136,0.007243299591625646,0.19728438192234923,0.19601590499965263,0.12983870967741937,0.0072432995916257015,parametric_sharpening,0.007243299591625646,0.072,0.32799999999999996,0.24700000000000003,0.133,0.05500000000000001,0.043,0.052000000000000005,0.034999999999999996,0.020999999999999998,0.014000000000000002
sequential_bayes__seed_000056__repr_direct__parallel_primitives,sequential_bayes__seed_000056,sequential_bayes,direct,0.6769462255144328,0.668,0.898,0.6464444444444445,0.0,0.6464444444444445,0.936,,0.707318219574752,0.9867788455129497,1.0,1.0,0.7073182195747522,0.027000000000000024,0.0,1,4,1.5,0.0,0.5,0.25155555555555553,0.038000000000000034,,0.19068178042524797,0.08877884551294968,0.10199999999999998,0.10199999999999998,0.19068178042524786,hard_threshold,0.038000000000000034,0.0,0.0,0.007000000000000001,0.02,0.037,0.10800000000000001,0.747,0.074,0.007000000000000001,0.0
sequential_bayes__seed_000056__repr_prose__parallel_primitives,sequential_bayes__seed_000056,sequential_bayes,prose,0.6769462255144328,0.681,0.9629999999999999,0.7214444444444444,0.043000000000000003,0.7214444444444444,0.965,,0.7933636692743088,0.980713772801214,1.0,0.9858442871587462,0.7933636692743088,0.01100000000000001,0.0,1,4,1.5,0.0,0.5,0.2415555555555554,0.002000000000000113,,0.16963633072569106,0.01771377280121411,0.037000000000000144,0.022844287158746313,0.16963633072569106,hard_threshold,0.002000000000000113,0.01,0.004,0.001,0.01,0.01,0.037,0.388,0.449,0.057999999999999996,0.033
sequential_bayes__seed_000056__repr_table__parallel_primitives,sequential_bayes__seed_000056,sequential_bayes,table,0.6769462255144328,0.656,0.931,0.6506666666666666,0.0,0.6506666666666666,0.9380000000000001,,0.7128315224401975,0.9877501322099663,1.0,1.0,0.7128315224401975,0.025000000000000022,0.0,1,4,1.5,0.0,0.5,0.28033333333333343,0.007000000000000006,,0.2181684775598025,0.056750132209966275,0.06899999999999995,0.06899999999999995,0.2181684775598025,hard_threshold,0.007000000000000006,0.0,0.0,0.005,0.02,0.037,0.089,0.759,0.081,0.009,0.0
sequential_bayes__seed_000058__repr_direct__parallel_primitives,sequential_bayes__seed_000058,sequential_bayes,direct,0.008611190063057283,0.094,0.066,0.107,0.29500000000000004,0.107,0.022000000000000002,0.020338983050847456,0.059855833650762004,0.08146871460328203,0.04576520746107471,0.032432432432432434,0.05985583365076202,0.07499999999999998,0.0,1,4,1.5,0.0,0.5,0.040999999999999995,0.044,0.04566101694915255,0.006144166349237999,0.01546871460328203,0.020234792538925295,0.03356756756756757,0.006144166349237985,fuzzy_unknown_conditional,0.006144166349237985,0.28900000000000003,0.606,0.06,0.015,0.008,0.001,0.006,0.007000000000000001,0.002,0.006
sequential_bayes__seed_000058__repr_prose__parallel_primitives,sequential_bayes__seed_000058,sequential_bayes,prose,0.008611190063057283,0.08499999999999999,0.122,0.11988888888888888,0.189,0.11988888888888888,0.022,0.052910052910052914,0.06441677197062454,0.08724373617797829,0.04266321550565322,0.03470715835140998,0.06441677197062455,0.0780000000000001,0.0,1,4,1.5,0.0,0.5,0.002111111111111119,0.1,0.06908994708994709,0.05758322802937546,0.03475626382202171,0.07933678449434678,0.08729284164859002,0.05758322802937545,expected_truth,0.002111111111111119,0.179,0.711,0.067,0.011,0.01,0.008,0.0,0.001,0.003,0.01
sequential_bayes__seed_000058__repr_table__parallel_primitives,sequential_bayes__seed_000058,sequential_bayes,table,0.008611190063057283,0.088,0.043,0.10176843510176843,0.27127127127127126,0.10176843510176843,0.009009009009009009,0.011070110701107012,0.05162716892432423,0.07219214840495361,0.032139835085225554,0.019565217391304346,0.05162716892432423,0.079079079079079,0.0,1,4,1.5,0.0,0.5,0.058768435101768435,0.03399099099099099,0.03192988929889298,0.008627168924324233,0.029192148404953613,0.010860164914774442,0.02343478260869565,0.008627168924324233,parametric_sharpening,0.008627168924324233,0.2682682682682683,0.6346346346346347,0.06006006006006006,0.019019019019019017,0.009009009009009009,0.0,0.001001001001001001,0.005005005005005005,0.0,0.003003003003003003
