collapse_rule,target,n_test,mae,rmse,r2,endpoint_min_mass,n_test_eligible,beta,alpha_0,alpha_1,alpha_2,alpha_3,alpha_4,alpha_5,alpha_6,alpha_7,alpha_8,alpha_9,ridge_l2,ridge_w_0,ridge_w_1,ridge_w_2,ridge_w_3,ridge_w_4,ridge_w_5,ridge_w_6,ridge_w_7,ridge_w_8,ridge_w_9,ridge_intercept,false_max_level,true_min_level,fuzzy_beta,unknown_lambda,unknown_gamma
expected_truth,noul,89,0.053497082371669155,0.07803454658012456,0.8611218174621653,,,,,,,,,,,,,,,,,,,,,,,,,,,,,,
hard_threshold,noul,89,0.12786517586357854,0.16152640590681347,0.40495849228928016,,,,,,,,,,,,,,,,,,,,,,,,,,,,,,
endpoint_conditioning,noul,71,0.16117611522099282,0.20323550434699758,0.15367920957915904,0.05,71,,,,,,,,,,,,,,,,,,,,,,,,,,,,
parametric_sharpening,noul,89,0.055355912450020237,0.07479568364638821,0.872410988127781,,,1.25,,,,,,,,,,,,,,,,,,,,,,,,,,,
monotonic_collapse,noul,89,0.05627105719007969,0.07508205778550785,0.8714321043340703,,,,0.0,0.039197320747100084,0.29256776884882574,0.37961156211651903,0.37961156211651903,0.37961156211651903,0.7708494148435696,0.7708494148435696,1.0,1.0,,,,,,,,,,,,,,,,,
full_q_ridge,noul,89,0.05779424425550902,0.07658484643906414,0.8662339528511888,,,,,,,,,,,,,,0.001,-0.4203686018599922,-0.4552764513773728,-0.2220685141497949,-0.033079714963618,-0.16789872567272712,-0.26601592398391116,0.31399193033773193,0.25832539887908873,0.5268931011829275,0.4654975016645516,0.4921764169967449,,,,,
expected_truth,choice,89,0.22124998234683646,0.24416098128992597,-0.030251232544791007,,,,,,,,,,,,,,,,,,,,,,,,,,,,,,
hard_threshold,choice,89,0.16312989001593312,0.22562809807950002,0.12021412632513229,,,,,,,,,,,,,,,,,,,,,,,,,,,,,,
endpoint_conditioning,choice,71,0.32281465099561024,0.37378126187729416,-1.4837183155972302,0.05,71,,,,,,,,,,,,,,,,,,,,,,,,,,,,
parametric_sharpening,choice,89,0.19734075758050854,0.22621461817799426,0.1156341756165099,,,1.5,,,,,,,,,,,,,,,,,,,,,,,,,,,
monotonic_collapse,choice,89,0.07013555181098498,0.1043782601794546,0.8117171660547529,,,,0.0,0.021312684196354386,0.5143566514916685,0.5143566514916685,0.9970598898020173,1.0,1.0,1.0,1.0,1.0,,,,,,,,,,,,,,,,,
full_q_ridge,choice,89,0.07359888683420644,0.11040017795650509,0.7893651798576153,,,,,,,,,,,,,,0.001,-0.699747173596711,-0.792767347916316,-0.028776177063711272,-0.5271344305771783,0.5362437560008422,0.36143071619030254,0.3138423122258542,0.2926939474617574,0.2936188531094617,0.2505955442432741,0.7273686373088291,,,,,
crisp_unknown_conditional,choice,89,0.07690527226487927,0.11750567089678461,0.7613792138407013,,,,,,,,,,,,,,,,,,,,,,,,,,1,4,,,
fuzzy_unknown_conditional,choice,89,0.1973407575805085,0.22621461817799424,0.11563417561651013,,,,,,,,,,,,,,,,,,,,,,,,,,,,1.5,0.0,0.5
