family,mapping,n_test,mae,rmse,r2,mean_implied_unknown,median_implied_unknown,alpha,a,b,c,n_blocks
bayes,identity,15,0.17419999999999997,0.19846460641635824,0.14100708588257194,0.0,0.0,,,,,
bayes,power,15,0.06208899465207672,0.07576357968508216,0.8748172698438342,0.22454418173912924,0.18420400805505655,1.75,,,,
bayes,logit,15,0.0516298315418547,0.06989935804386019,0.8934459843826448,0.24823265436944594,0.19224148747735548,,1.2318286829751712,1.0739970598913173,,
bayes,beta,15,0.05801557244641087,0.07289991296081658,0.8841015930701983,0.23847909868252018,0.1866907027757686,,0.993321458937253,-1.4294879767170101,0.6616965002887805,
bayes,isotonic,15,0.06335516296582536,0.07836998210752458,0.8660560993493844,0.2284101582695391,0.18950896997641575,,,,,9
compound,identity,9,0.06533333333333331,0.07828863973215468,0.8530589412245236,0.0,0.0,,,,,
compound,power,9,0.09779047979718836,0.12437441444615746,0.6291419003987462,0.16249756366186327,0.1578379433406576,1.5,,,,
compound,logit,9,0.11773150954647169,0.14421860777663217,0.5013586750947321,0.16984433654009592,0.1509457575210046,,0.9505648251634793,0.7873283406267167,,
compound,beta,9,0.09930438866655265,0.1283070206093764,0.6053187352972366,0.16700673803216212,0.15125533120006163,,-0.06300673360445741,-1.8545661117489514,-0.6799937555520438,
compound,isotonic,9,0.09192190848464286,0.11859677864978416,0.6627969797152156,0.16216594625958386,0.1578760914414321,,,,,13
conditional,identity,30,0.208,0.22272524179655376,-1.229121848153985,0.0,0.0,,,,,
conditional,power,30,0.0424677666666667,0.05731928444802271,0.8523625787987402,0.2723435123768062,0.3011925857582902,2.0,,,,
conditional,logit,30,0.04488502476906635,0.062286572683360804,0.8256653158235359,0.28234859631183856,0.32448786716913425,,1.5492589455926395,1.2478354014191604,,
conditional,beta,30,0.050693927484900404,0.07551076729709007,0.743780194593296,0.27185538907620355,0.3091176264003586,,2.958670147882912,-0.5370322052314664,3.0013906113511863,
conditional,isotonic,30,0.03220876407532299,0.049348723360666674,0.8905673857020343,0.2691775086165702,0.2927589290946315,,,,,15
explicit_probability,identity,20,0.27364999999999995,0.28687113831823513,-0.6614036404391195,0.0,0.0,,,,,
explicit_probability,power,20,0.07032804818589747,0.12895393013202114,0.6642851056047695,0.3469156243276331,0.30972766624655107,2.5,,,,
explicit_probability,logit,20,0.0888945939972191,0.1707084840067086,0.4116826511647772,0.24557267925840387,0.30464399102155815,,2.421203570300681,1.3304814696309268,,
explicit_probability,beta,20,0.09111822983619697,0.16538132548693815,0.4478279990542433,0.27549248340328325,0.3155894803955936,,3.0676688913475134,-1.8729929028667898,2.567731205847895,
explicit_probability,isotonic,20,0.0733612146195248,0.13616962670662938,0.6256637045619973,0.3456214311450515,0.3303057158267143,,,,,29
frequency,identity,8,0.151,0.159929672043683,0.7108755316125679,0.0,0.0,,,,,
frequency,power,8,0.04452862499999999,0.06132019739347711,0.957495604664467,0.34283232920229856,0.411936394376445,2.0,,,,
frequency,logit,8,0.059565898741810466,0.07763979959558825,0.9318610298558672,0.3142876228096499,0.28480959703281356,,1.7012802516111605,1.5780924042145208,,
frequency,beta,8,0.04455770819775467,0.06124509763711526,0.9575996524393277,0.3264722465616321,0.35295950427002865,,1.1401443535303835,-2.348748806114429,0.5773630424499814,
frequency,isotonic,8,0.04331721981756914,0.057544499030032836,0.9625687456422267,0.3609344063214155,0.37827765449182577,,,,,8
sequential_bayes,identity,15,0.1566,0.18222495255407073,0.740479289050037,0.0,0.0,,,,,
sequential_bayes,power,15,0.07670866804655492,0.09551511961006257,0.9286981860945087,0.2836963626291597,0.29754360508967737,1.75,,,,
sequential_bayes,logit,15,0.06629370383327966,0.08882968958104642,0.9383301887038544,0.22808310405715213,0.23611228440738874,,1.4027565169725889,1.0422652906269478,,
sequential_bayes,beta,15,0.07746043415612149,0.11566232373878581,0.8954461192383052,0.24436892675087662,0.26373371255684797,,2.278258874533559,-0.6050423805593861,2.695390514625169,
sequential_bayes,isotonic,15,0.06693988533358544,0.10428801027891593,0.9149987927744339,0.2337256397139549,0.2764222438424906,,,,,20
