model,latent_instance_id,mean_pairwise_tv,max_pairwise_tv,representation_variance,gold_relative_gap
jev_choice,bayes__seed_000042,0.17579999999999998,0.4099999999999999,0.017441359999999996,0.4099999999999999
jev_choice,bayes__seed_000045,0.03200000000000001,0.07699999999999999,0.00075376,0.07699999999999997
jev_choice,bayes__seed_000048,0.3196,0.6449999999999999,0.05550224000000001,0.401
jev_choice,bayes__seed_000051,0.03,0.05700000000000002,0.0004546399999999999,0.0363424088214553
jev_choice,bayes__seed_000054,0.20739999999999997,0.475,0.029464240000000003,0.3334133488075611
jev_choice,bayes__seed_000057,0.2202,0.46499999999999997,0.025450159999999993,0.46499999999999997
jev_choice,bayes__seed_000060,0.006200000000000014,0.013000000000000006,2.216e-05,0.013000000000000012
jev_choice,compound__seed_000042,0.07999999999999996,0.11999999999999994,0.002418,0.11999999999999994
jev_choice,compound__seed_000043,0.03466666666666668,0.05200000000000002,0.0004508888888888887,0.051999999999999935
jev_choice,compound__seed_000044,0.012000000000000005,0.01800000000000001,5.4222222222222235e-05,0.01800000000000001
jev_choice,compound__seed_000045,0.049333333333333305,0.07399999999999995,0.0009162222222222212,0.07399999999999995
jev_choice,compound__seed_000046,0.2226666666666667,0.3340000000000001,0.018880666666666674,0.3340000000000001
jev_choice,compound__seed_000047,0.27466666666666667,0.41200000000000003,0.035896222222222225,0.41200000000000003
jev_choice,compound__seed_000048,0.035333333333333335,0.053000000000000005,0.00048822222222222165,0.05300000000000005
jev_choice,compound__seed_000049,0.02066666666666664,0.030999999999999958,0.0001668888888888889,0.030999999999999917
jev_choice,compound__seed_000050,0.08400000000000003,0.12600000000000006,0.0027262222222222223,0.12600000000000006
jev_choice,compound__seed_000051,0.26799999999999996,0.40199999999999997,0.028320888888888885,0.17448484848484838
jev_choice,compound__seed_000052,0.07933333333333333,0.119,0.0027428888888888885,0.119
jev_choice,compound__seed_000053,0.07866666666666666,0.118,0.0024826666666666673,0.118
jev_choice,compound__seed_000054,0.015333333333333343,0.023000000000000013,8.822222222222227e-05,0.023000000000000013
jev_choice,compound__seed_000055,0.18066666666666664,0.27099999999999996,0.01515355555555555,0.2709999999999999
jev_choice,compound__seed_000056,0.21866666666666665,0.32799999999999996,0.017930888888888885,0.32800000000000007
jev_choice,compound__seed_000057,0.05266666666666669,0.07900000000000003,0.001233555555555555,0.06707600000000001
jev_choice,compound__seed_000058,0.021333333333333333,0.032,0.0002026666666666663,0.03200000000000003
jev_choice,compound__seed_000059,0.038666666666666676,0.05800000000000002,0.0006175555555555551,0.057999999999999996
jev_choice,compound__seed_000060,0.05666666666666664,0.08499999999999996,0.0016055555555555543,0.08499999999999996
jev_choice,compound__seed_000061,0.09933333333333334,0.14900000000000002,0.00468288888888889,0.14900000000000002
jev_choice,conditional__seed_000042,0.0714,0.138,0.0027185599999999996,0.13799999999999998
jev_choice,conditional__seed_000043,0.021200000000000004,0.03900000000000002,0.00023616000000000012,0.03899999999999998
jev_choice,conditional__seed_000044,0.1306,0.26099999999999995,0.008891439999999995,0.2609999999999999
jev_choice,conditional__seed_000045,0.1006,0.23199999999999998,0.00708336,0.23200000000000004
jev_choice,conditional__seed_000046,0.01620000000000001,0.034000000000000016,0.00014376000000000002,0.03400000000000003
jev_choice,conditional__seed_000047,0.13220000000000004,0.2810000000000001,0.009221200000000006,0.2810000000000001
jev_choice,conditional__seed_000048,0.13260000000000002,0.276,0.008976959999999999,0.276
jev_choice,conditional__seed_000049,0.048800000000000024,0.10300000000000005,0.00138464,0.10300000000000006
jev_choice,conditional__seed_000050,0.013399999999999985,0.028999999999999956,9.495999999999999e-05,0.028999999999999998
jev_choice,conditional__seed_000051,0.01919999999999992,0.034999999999999844,0.0002062399999999999,0.034999999999999865
jev_choice,conditional__seed_000052,0.12819999999999998,0.27299999999999996,0.008437359999999996,0.273
jev_choice,conditional__seed_000053,0.016799999999999985,0.030999999999999955,0.00014743999999999996,0.030999999999999955
jev_choice,conditional__seed_000054,0.0032000000000000236,0.007000000000000003,5.36e-06,0.0069999999999999785
jev_choice,conditional__seed_000055,0.027800000000000002,0.06199999999999998,0.00041040000000000016,0.06199999999999997
jev_choice,conditional__seed_000056,0.02799999999999998,0.05299999999999997,0.0004010400000000001,0.05299999999999999
jev_choice,conditional__seed_000057,0.009399999999999995,0.01999999999999996,4.616000000000005e-05,0.01999999999999995
jev_choice,conditional__seed_000058,0.005400000000000014,0.011000000000000062,1.4960000000000013e-05,0.011000000000000051
jev_choice,conditional__seed_000059,0.02779999999999998,0.06299999999999997,0.00041799999999999986,0.06299999999999994
jev_choice,conditional__seed_000060,0.013399999999999985,0.028999999999999956,0.00010215999999999997,0.029000000000000026
jev_choice,conditional__seed_000061,0.09359999999999999,0.20399999999999996,0.005154559999999998,0.20399999999999996
jev_choice,explicit_probability__seed_000042,0.007000000000000004,0.014000000000000007,3.6750000000000067e-05,0.014000000000000007
jev_choice,explicit_probability__seed_000043,0.24150000000000002,0.479,0.03466568749999999,0.44173684210600006
jev_choice,explicit_probability__seed_000044,0.247,0.487,0.0412575,0.46247368421
jev_choice,explicit_probability__seed_000045,0.28416666666666673,0.561,0.05211318750000001,0.3832105263159999
jev_choice,explicit_probability__seed_000046,0.2688333333333333,0.536,0.052235187499999995,0.37894736842199994
jev_choice,explicit_probability__seed_000047,0.32883333333333337,0.6420000000000001,0.07289418750000001,0.2836842105259999
jev_choice,explicit_probability__seed_000048,0.29749999999999993,0.589,0.060370687499999964,0.28142105263200007
jev_choice,explicit_probability__seed_000049,0.25733333333333336,0.5,0.042622249999999993,0.3411578947360001
jev_choice,explicit_probability__seed_000050,0.29050000000000004,0.579,0.0590051875,0.22689473684200007
jev_choice,explicit_probability__seed_000051,0.22983333333333336,0.45000000000000007,0.0338356875,0.21863157894800003
jev_choice,explicit_probability__seed_000052,0.01616666666666665,0.02899999999999996,0.00012068750000000005,0.028999999999999915
jev_choice,explicit_probability__seed_000053,0.016499999999999963,0.030999999999999903,0.00013518749999999997,0.030999999999999917
jev_choice,explicit_probability__seed_000054,0.008500000000000014,0.01600000000000001,3.8187500000000034e-05,0.016000000000000014
jev_choice,explicit_probability__seed_000055,0.010833333333333339,0.01900000000000001,5.4687500000000015e-05,0.019000000000000017
jev_choice,explicit_probability__seed_000056,0.008833333333333391,0.017000000000000116,3.818749999999997e-05,0.0170000000000001
jev_choice,explicit_probability__seed_000057,0.01183333333333333,0.02300000000000001,8.068750000000002e-05,0.022999999999999993
jev_choice,explicit_probability__seed_000058,0.012500000000000025,0.022000000000000068,7.818750000000002e-05,0.02200000000000006
jev_choice,explicit_probability__seed_000059,0.008333333333333337,0.016000000000000007,3.275e-05,0.016
jev_choice,explicit_probability__seed_000060,0.010333333333333347,0.020000000000000007,5.0749999999999994e-05,0.020000000000000004
jev_choice,explicit_probability__seed_000061,0.0,0.0,0.0,0.0
jev_choice,frequency__seed_000042,0.01679999999999999,0.036999999999999963,0.0001578888888888889,0.03699999999999995
jev_choice,frequency__seed_000046,0.014933333333333328,0.034000000000000016,0.00013688888888888892,0.03400000000000003
jev_choice,frequency__seed_000050,0.1398666666666667,0.32400000000000007,0.011560333333333334,0.276
jev_choice,frequency__seed_000054,0.1753333333333333,0.399,0.017314999999999997,0.30100000000000005
jev_choice,frequency__seed_000058,0.1934,0.427,0.02152180555555555,0.3990000000000001
jev_choice,sequential_bayes__seed_000042,0.04133333333333331,0.06199999999999997,0.0006726666666666666,0.061999999999999944
jev_choice,sequential_bayes__seed_000043,0.026666666666666672,0.04000000000000001,0.00031666666666666724,0.040000000000000036
jev_choice,sequential_bayes__seed_000044,0.05399999999999999,0.08099999999999999,0.0014402222222222208,0.08099999999999999
jev_choice,sequential_bayes__seed_000045,0.15933333333333335,0.23900000000000005,0.011589555555555556,0.23900000000000007
jev_choice,sequential_bayes__seed_000046,0.26733333333333337,0.401,0.03190066666666667,0.401
jev_choice,sequential_bayes__seed_000047,0.2226666666666667,0.3340000000000001,0.02258288888888889,0.051414217668771356
jev_choice,sequential_bayes__seed_000048,0.007333333333333299,0.010999999999999949,2.1555555555555555e-05,0.010999999999999949
jev_choice,sequential_bayes__seed_000049,0.0313333333333333,0.04699999999999996,0.00037755555555555546,0.04699999999999996
jev_choice,sequential_bayes__seed_000050,0.07133333333333336,0.10700000000000004,0.0021148888888888927,0.10700000000000004
jev_choice,sequential_bayes__seed_000051,0.2633333333333333,0.39499999999999996,0.03316422222222221,0.39499999999999996
jev_choice,sequential_bayes__seed_000052,0.17066666666666666,0.256,0.012074666666666666,0.256
jev_choice,sequential_bayes__seed_000053,0.12999999999999998,0.19499999999999995,0.008197999999999992,0.19499999999999995
jev_choice,sequential_bayes__seed_000054,0.26399999999999996,0.3959999999999999,0.030066888888888883,0.32475317522814096
jev_choice,sequential_bayes__seed_000055,0.009333333333333338,0.014000000000000005,3.355555555555556e-05,0.014000000000000005
jev_choice,sequential_bayes__seed_000056,0.04333333333333328,0.06499999999999992,0.0007042222222222224,0.06499999999999995
jev_choice,sequential_bayes__seed_000057,0.05666666666666665,0.08499999999999998,0.001360222222222222,0.08499999999999996
jev_choice,sequential_bayes__seed_000058,0.05266666666666673,0.0790000000000001,0.0011006666666666712,0.0790000000000001
jev_choice,sequential_bayes__seed_000059,0.09933333333333332,0.14899999999999997,0.0044606666666666605,0.14899999999999997
jev_choice,sequential_bayes__seed_000060,0.142,0.213,0.0076020000000000055,0.213
jev_choice,sequential_bayes__seed_000061,0.021333333333333343,0.032000000000000015,0.0001742222222222223,0.03200000000000003
jev_noul,bayes__seed_000042,0.06380000000000001,0.133,0.002090640000000001,0.133
jev_noul,bayes__seed_000045,0.05199999999999995,0.12199999999999991,0.0018473599999999986,0.12199999999999991
jev_noul,bayes__seed_000048,0.3324,0.645,0.05757744,0.479
jev_noul,bayes__seed_000051,0.050400000000000035,0.11300000000000007,0.0016546400000000013,0.11300000000000007
jev_noul,bayes__seed_000054,0.1874,0.45999999999999996,0.02220216,0.30600000000000005
jev_noul,bayes__seed_000057,0.10599999999999998,0.20899999999999996,0.005908959999999997,0.20899999999999996
jev_noul,bayes__seed_000060,0.04419999999999997,0.08599999999999998,0.0009809599999999993,0.04995272985282101
jev_noul,compound__seed_000042,0.10599999999999994,0.15899999999999992,0.005138,0.15899999999999986
jev_noul,compound__seed_000043,0.07666666666666667,0.11500000000000002,0.0022068888888888884,0.11500000000000002
jev_noul,compound__seed_000044,0.027999999999999987,0.04199999999999998,0.00033155555555555613,0.04199999999999998
jev_noul,compound__seed_000045,0.05399999999999997,0.08099999999999996,0.0011095555555555548,0.08099999999999996
jev_noul,compound__seed_000046,0.05866666666666672,0.08800000000000008,0.001504222222222224,0.08800000000000008
jev_noul,compound__seed_000047,0.11533333333333333,0.173,0.005428222222222217,0.173
jev_noul,compound__seed_000048,0.04999999999999997,0.07499999999999996,0.0011868888888888875,0.07499999999999996
jev_noul,compound__seed_000049,0.0313333333333333,0.04699999999999996,0.00037488888888888863,0.04699999999999996
jev_noul,compound__seed_000050,0.10066666666666668,0.15100000000000002,0.004389555555555558,0.15100000000000002
jev_noul,compound__seed_000051,0.112,0.168,0.005095999999999999,0.07648484848484838
jev_noul,compound__seed_000052,0.016000000000000014,0.02400000000000002,0.00010155555555555574,0.02400000000000002
jev_noul,compound__seed_000053,0.0813333333333333,0.12199999999999994,0.002481555555555551,0.12199999999999996
jev_noul,compound__seed_000054,0.016000000000000014,0.02400000000000002,0.00010155555555555574,0.02400000000000002
jev_noul,compound__seed_000055,0.1293333333333333,0.19399999999999995,0.006742888888888887,0.19399999999999995
jev_noul,compound__seed_000056,0.057999999999999996,0.087,0.0012682222222222211,0.08699999999999997
jev_noul,compound__seed_000057,0.03799999999999998,0.05699999999999997,0.0005459999999999998,0.05699999999999997
jev_noul,compound__seed_000058,0.044000000000000004,0.066,0.0008539999999999985,0.066
jev_noul,compound__seed_000059,0.06933333333333334,0.10400000000000001,0.00188288888888889,0.10400000000000001
jev_noul,compound__seed_000060,0.06333333333333337,0.09500000000000006,0.0016375555555555564,0.09500000000000008
jev_noul,compound__seed_000061,0.03933333333333335,0.059000000000000025,0.00058288888888889,0.05900000000000005
jev_noul,conditional__seed_000042,0.01639999999999999,0.035999999999999976,0.00015239999999999948,0.035999999999999976
jev_noul,conditional__seed_000043,0.02920000000000004,0.05700000000000008,0.0004408000000000014,0.05700000000000008
jev_noul,conditional__seed_000044,0.03939999999999998,0.09099999999999997,0.0009285599999999995,0.09099999999999997
jev_noul,conditional__seed_000045,0.03460000000000003,0.08400000000000007,0.0010434400000000018,0.07600000000000007
jev_noul,conditional__seed_000046,0.017799999999999972,0.03699999999999995,0.00016919999999999997,0.03699999999999995
jev_noul,conditional__seed_000047,0.03499999999999999,0.08399999999999996,0.0007118399999999994,0.08399999999999996
jev_noul,conditional__seed_000048,0.042800000000000005,0.095,0.0012846399999999992,0.095
jev_noul,conditional__seed_000049,0.02820000000000003,0.051000000000000045,0.0004586400000000008,0.04600000000000007
jev_noul,conditional__seed_000050,0.020199999999999958,0.03699999999999992,0.0002106399999999993,0.02100000000000002
jev_noul,conditional__seed_000051,0.029600000000000015,0.058000000000000024,0.00045496000000000024,0.058000000000000024
jev_noul,conditional__seed_000052,0.030799999999999977,0.054999999999999966,0.0005107999999999989,0.054999999999999966
jev_noul,conditional__seed_000053,0.035600000000000034,0.07800000000000006,0.000712800000000001,0.07800000000000007
jev_noul,conditional__seed_000054,0.017800000000000024,0.03700000000000005,0.00016136000000000058,0.03700000000000005
jev_noul,conditional__seed_000055,0.02900000000000001,0.05500000000000001,0.00047864,0.04200000000000001
jev_noul,conditional__seed_000056,0.017799999999999948,0.038999999999999924,0.0001674399999999992,0.019213483146067384
jev_noul,conditional__seed_000057,0.0086,0.017,3.895999999999994e-05,0.017
jev_noul,conditional__seed_000058,0.02500000000000004,0.04400000000000011,0.0003345600000000008,0.04400000000000011
jev_noul,conditional__seed_000059,0.026200000000000022,0.051000000000000045,0.00035736000000000063,0.051000000000000045
jev_noul,conditional__seed_000060,0.018799999999999983,0.03999999999999995,0.00018055999999999986,0.03999999999999995
jev_noul,conditional__seed_000061,0.027599999999999996,0.06,0.00042263999999999995,0.04899999999999999
jev_noul,explicit_probability__seed_000042,0.039666666666666635,0.07899999999999993,0.0010524999999999994,0.07899999999999992
jev_noul,explicit_probability__seed_000043,0.042833333333333314,0.07699999999999997,0.000858687499999998,0.07699999999999997
jev_noul,explicit_probability__seed_000044,0.033333333333333305,0.06299999999999997,0.0005234999999999985,0.06299999999999997
jev_noul,explicit_probability__seed_000045,0.03249999999999998,0.05899999999999998,0.0004786874999999987,0.05899999999999998
jev_noul,explicit_probability__seed_000046,0.036500000000000005,0.065,0.0006001875000000011,0.065
jev_noul,explicit_probability__seed_000047,0.04700000000000002,0.09100000000000004,0.001145250000000002,0.04668421052600001
jev_noul,explicit_probability__seed_000048,0.05149999999999998,0.09799999999999998,0.0013441874999999992,0.03642105263200002
jev_noul,explicit_probability__seed_000049,0.014166666666666638,0.02799999999999994,0.0001161874999999992,0.02799999999999994
jev_noul,explicit_probability__seed_000050,0.05516666666666666,0.10599999999999998,0.001552187499999999,0.03699999999999998
jev_noul,explicit_probability__seed_000051,0.032000000000000035,0.06300000000000008,0.0005175000000000009,0.03836842105200003
jev_noul,explicit_probability__seed_000052,0.015499999999999995,0.03,0.0001466874999999995,0.03
jev_noul,explicit_probability__seed_000053,0.030500000000000027,0.05600000000000005,0.0005251875000000009,0.05600000000000005
jev_noul,explicit_probability__seed_000054,0.005500000000000005,0.010000000000000009,1.668750000000003e-05,0.010000000000000009
jev_noul,explicit_probability__seed_000055,0.0005000000000000004,0.0010000000000000009,1.8750000000000032e-07,0.0010000000000000009
jev_noul,explicit_probability__seed_000056,0.008500000000000008,0.017000000000000015,3.918750000000007e-05,0.0050000000000000044
jev_noul,explicit_probability__seed_000057,0.02250000000000002,0.040000000000000036,0.00025068750000000026,0.040000000000000036
jev_noul,explicit_probability__seed_000058,0.0233333333333333,0.04199999999999994,0.0002699999999999993,0.04199999999999994
jev_noul,explicit_probability__seed_000059,0.02233333333333339,0.04400000000000008,0.0002487500000000001,0.04400000000000008
jev_noul,explicit_probability__seed_000060,0.03333333333333338,0.0620000000000001,0.0006260000000000008,0.0620000000000001
jev_noul,explicit_probability__seed_000061,0.0038333333333333275,0.007000000000000006,6.687500000000012e-06,0.007000000000000006
jev_noul,frequency__seed_000042,0.013000000000000015,0.03200000000000003,0.00012113888888888916,0.03200000000000003
jev_noul,frequency__seed_000046,0.026666666666666655,0.05599999999999994,0.0003915555555555551,0.03599999999999992
jev_noul,frequency__seed_000050,0.020466666666666668,0.05099999999999999,0.0002902499999999992,0.05099999999999999
jev_noul,frequency__seed_000054,0.02973333333333334,0.08200000000000003,0.0006945555555555568,0.08200000000000003
jev_noul,frequency__seed_000058,0.031800000000000016,0.08300000000000005,0.0007229166666666668,0.08300000000000005
jev_noul,sequential_bayes__seed_000042,0.020666666666666684,0.031000000000000028,0.00018022222222222254,0.024337934562447816
jev_noul,sequential_bayes__seed_000043,0.04866666666666669,0.07300000000000004,0.0010442222222222242,0.07300000000000005
jev_noul,sequential_bayes__seed_000044,0.04066666666666669,0.06100000000000004,0.0006402222222222233,0.061000000000000026
jev_noul,sequential_bayes__seed_000045,0.033999999999999975,0.05099999999999996,0.0004628888888888875,0.027118746495231605
jev_noul,sequential_bayes__seed_000046,0.028000000000000008,0.04200000000000001,0.00030488888888888943,0.04200000000000001
jev_noul,sequential_bayes__seed_000047,0.19666666666666668,0.29500000000000004,0.018584222222222228,0.29500000000000004
jev_noul,sequential_bayes__seed_000048,0.006666666666666617,0.009999999999999926,1.6888888888888722e-05,0.009999999999999926
jev_noul,sequential_bayes__seed_000049,0.02733333333333335,0.04100000000000002,0.00033355555555555585,0.04100000000000002
jev_noul,sequential_bayes__seed_000050,0.013333333333333308,0.019999999999999962,8.46666666666663e-05,0.019999999999999962
jev_noul,sequential_bayes__seed_000051,0.016000000000000004,0.024000000000000007,9.600000000000017e-05,0.023999999999999994
jev_noul,sequential_bayes__seed_000052,0.058000000000000024,0.08700000000000004,0.0013020000000000024,0.08700000000000005
jev_noul,sequential_bayes__seed_000053,0.006666666666666636,0.009999999999999953,2.222222222222177e-05,0.009999999999999953
jev_noul,sequential_bayes__seed_000054,0.15933333333333338,0.23900000000000007,0.010562888888888898,0.153246824771859
jev_noul,sequential_bayes__seed_000055,0.013999999999999948,0.02099999999999992,9.799999999999933e-05,0.020999999999999915
jev_noul,sequential_bayes__seed_000056,0.016666666666666663,0.024999999999999994,0.00010422222222222194,0.016892451028865635
jev_noul,sequential_bayes__seed_000057,0.020000000000000018,0.030000000000000027,0.00015200000000000028,0.018000000000000016
jev_noul,sequential_bayes__seed_000058,0.006000000000000005,0.009000000000000008,1.4000000000000098e-05,0.009000000000000008
jev_noul,sequential_bayes__seed_000059,0.0033333333333333734,0.00500000000000006,4.666666666666897e-06,0.00500000000000006
jev_noul,sequential_bayes__seed_000060,0.003333333333333336,0.0050000000000000044,4.666666666666749e-06,0.0050000000000000044
jev_noul,sequential_bayes__seed_000061,0.008000000000000007,0.01200000000000001,3.200000000000006e-05,0.01200000000000001
jev_score,bayes__seed_000042,0.06404826038264563,0.1337317620686141,0.0021337297814392115,0.1337317620686141
jev_score,bayes__seed_000045,0.0687452300787717,0.15900000000039996,0.002694239149568737,0.15900000000039996
jev_score,bayes__seed_000048,0.2993777777927,0.5746666666963,0.04644817975775439,0.5746666666963001
jev_score,bayes__seed_000051,0.07466666666663999,0.13344444444559994,0.0031223081480998113,0.1334444444455999
jev_score,bayes__seed_000054,0.122088888896,0.2906666666834,0.008598106667665495,0.14211111111850003
jev_score,bayes__seed_000057,0.07895555556034,0.14288888889680001,0.0033696661732127977,0.14288888889679996
jev_score,bayes__seed_000060,0.015823120088906868,0.027668911335017143,0.00013609076522119252,0.027668911335017143
jev_score,compound__seed_000042,0.13155555555719997,0.19733333333579997,0.00804978875193361,0.19733333333579994
jev_score,compound__seed_000043,0.08696296296773336,0.13044444445160003,0.002977327846662321,0.13044444445160006
jev_score,compound__seed_000044,0.06584960718036088,0.09877441077054133,0.0016261066128279548,0.09877441077054133
jev_score,compound__seed_000045,0.1175944631495084,0.1763916947242626,0.005199206060923153,0.1763916947242626
jev_score,compound__seed_000046,0.2194814814836,0.3292222222254,0.01812751440364664,0.3292222222254
jev_score,compound__seed_000047,0.13888888889360002,0.20833333334040002,0.008035128688077455,0.20833333334040002
jev_score,compound__seed_000048,0.0849629629678,0.1274444444517,0.0027411220853631795,0.1274444444517
jev_score,compound__seed_000049,0.10199999999593329,0.15299999999389993,0.0039739451300252185,0.15299999999389993
jev_score,compound__seed_000050,0.051923681257229626,0.07788552188584444,0.0013350307878357104,0.07788552188584452
jev_score,compound__seed_000051,0.2185185185196,0.3277777777794,0.020143440329433996,0.08551515151015157
jev_score,compound__seed_000052,0.05140740740699997,0.07711111111049995,0.0010511138545701666,0.07711111111049995
jev_score,compound__seed_000053,0.07837037037306664,0.11755555555959996,0.0023152640211075055,0.11755555555959996
jev_score,compound__seed_000054,0.0730145903442337,0.10952188551635056,0.0020585801245404443,0.10952188551635056
jev_score,compound__seed_000055,0.16259259259386666,0.2438888888908,0.010510674897287759,0.24388888889079996
jev_score,compound__seed_000056,0.20525925925953334,0.3078888888893,0.015801648834062224,0.3078888888893
jev_score,compound__seed_000057,0.0801481481486,0.1202222222229,0.0027279122085464612,0.1202222222229
jev_score,compound__seed_000058,0.08792592592973336,0.13188888889460004,0.0029075637862569343,0.13188888889460004
jev_score,compound__seed_000059,0.014222222216466704,0.021333333324700055,7.815912202369518e-05,0.021333333324700055
jev_score,compound__seed_000060,0.029629629628466658,0.04444444444269999,0.00042515500684369117,0.044444444442700015
jev_score,compound__seed_000061,0.15307444818562757,0.22961167227844137,0.008817021608477521,0.22961167227844126
jev_score,conditional__seed_000042,0.02709854096509755,0.046079685749593896,0.00040061311402586635,0.036679738577691495
jev_score,conditional__seed_000043,0.057466666671319985,0.12077777778659995,0.0018689116052365293,0.06811307771479375
jev_score,conditional__seed_000044,0.05694725028507939,0.12159034793234846,0.0016541015477577832,0.08537175171950712
jev_score,conditional__seed_000045,0.05784444444878001,0.13511111112330004,0.0026652375313571965,0.09621256039119577
jev_score,conditional__seed_000046,0.04755555555687998,0.10966666666899996,0.0016554172840143164,0.09586046514491242
jev_score,conditional__seed_000047,0.024032098765876576,0.0511111111117,0.00030423896358186656,0.0511111111117
jev_score,conditional__seed_000048,0.05748888889607997,0.12866666668219995,0.002267644444991496,0.12866666668219995
jev_score,conditional__seed_000049,0.06162222222665999,0.13577777778899996,0.002365473580604502,0.04600000000109997
jev_score,conditional__seed_000050,0.07195555555596,0.1646666666672,0.0037880775723570224,0.08005555552573326
jev_score,conditional__seed_000051,0.05915555555868,0.1263333333399,0.0019292345681009935,0.09955555555879997
jev_score,conditional__seed_000052,0.04360000000368001,0.08422222222870002,0.000984052345857852,0.08422222222870002
jev_score,conditional__seed_000053,0.125487317620199,0.27382940516124754,0.008960784953082942,0.27382940516124754
jev_score,conditional__seed_000054,0.07248888888790003,0.16633333333020006,0.0038186893825973628,0.16633333333020006
jev_score,conditional__seed_000055,0.10095555555817996,0.22100000000369993,0.006542229897475048,0.22100000000369993
jev_score,conditional__seed_000056,0.08842222222547999,0.19000000000670003,0.004861015308983762,0.13789762793823257
jev_score,conditional__seed_000057,0.0722015712684491,0.16917059483777275,0.003799070375347332,0.16917059483777275
jev_score,conditional__seed_000058,0.07493333333237999,0.17433333333150003,0.004077661234479713,0.17433333333150003
jev_score,conditional__seed_000059,0.04926666666892,0.11300000000499999,0.0017738044446028683,0.08844444444729996
jev_score,conditional__seed_000060,0.058622222224459994,0.1377777777831,0.0025638270175412864,0.030491039456967767
jev_score,conditional__seed_000061,0.03928888889028002,0.08411111111370007,0.0008682883951307939,0.03788888889019995
jev_score,explicit_probability__seed_000042,0.003400673400333338,0.006801346800666677,8.673434681801055e-06,0.006801346800666677
jev_score,explicit_probability__seed_000043,0.043923868312386725,0.08752974186223035,0.0012122089654259718,0.08752974186223035
jev_score,explicit_probability__seed_000044,0.04105480733292879,0.07506285073061113,0.0008747191911661564,0.07506285073061114
jev_score,explicit_probability__seed_000045,0.03920239431270068,0.0734444444433,0.000906646561941229,0.0734444444433
jev_score,explicit_probability__seed_000046,0.04210942761008332,0.07940404040509999,0.000867429108035646,0.06398777242289996
jev_score,explicit_probability__seed_000047,0.055634118967592926,0.09856453423105252,0.0015698807359395119,0.05660493827294441
jev_score,explicit_probability__seed_000048,0.03600000000435002,0.06511111111950005,0.0006800154322026107,0.024532163705
jev_score,explicit_probability__seed_000049,0.03777777777833331,0.07511111111699997,0.0008010370372097626,0.057508771964799976
jev_score,explicit_probability__seed_000050,0.04851851852814998,0.08855555556899997,0.0012389660499191747,0.04377192985420003
jev_score,explicit_probability__seed_000051,0.036340628512366656,0.06502469137209188,0.0005996718479614361,0.06502469137209188
jev_score,explicit_probability__seed_000052,0.015287317614972215,0.02916722782437775,0.00011833579426028428,0.02916722782437775
jev_score,explicit_probability__seed_000053,0.019545267492577758,0.037353535359810064,0.0002102062774419223,0.037353535359810064
jev_score,explicit_probability__seed_000054,0.016520389077859254,0.031222222223500018,0.00013004257882989444,0.031222222223500018
jev_score,explicit_probability__seed_000055,0.025220538723116623,0.047515151520499926,0.0002971114874138025,0.040871876709500016
jev_score,explicit_probability__seed_000056,0.03253086419871517,0.05950617284196366,0.0004787353681207131,0.031871345072900015
jev_score,explicit_probability__seed_000057,0.030191358026022217,0.05645679012621112,0.0004485398091424616,0.05404613381498881
jev_score,explicit_probability__seed_000058,0.024835578003384304,0.04863411896950193,0.0003306718503339988,0.04863411896950193
jev_score,explicit_probability__seed_000059,0.04098148148086671,0.07999999999840007,0.0009626751542872682,0.07999999999840007
jev_score,explicit_probability__seed_000060,0.03725925925833331,0.07366666666509994,0.000771537037001657,0.07366666666509994
jev_score,explicit_probability__seed_000061,0.0073333333332667025,0.01111111111100005,2.9666666666178005e-05,0.01111111111100005
jev_score,frequency__seed_000042,0.019690909090056642,0.04538383838212631,0.00021513977313380404,0.0378282828271263
jev_score,frequency__seed_000046,0.015847287691920422,0.04229741863192127,0.00015624598079004822,0.04229741863192127
jev_score,frequency__seed_000050,0.03664796109337197,0.08085297418712924,0.0007579876265113662,0.0534354657684535
jev_score,frequency__seed_000054,0.050128843994995495,0.10449719416352127,0.0014215509774190328,0.07227497194432121
jev_score,frequency__seed_000058,0.03617777777608002,0.07444444443990007,0.0007712537722128567,0.07444444443990007
jev_score,sequential_bayes__seed_000042,0.0645925925864,0.0968888888796,0.0019139139425066658,0.0806712678512478
jev_score,sequential_bayes__seed_000043,0.07111111111406666,0.1066666666711,0.002130216735418693,0.10666666667110002
jev_score,sequential_bayes__seed_000044,0.02444444444446663,0.036666666666699946,0.0002244691358030041,0.03666666666669993
jev_score,sequential_bayes__seed_000045,0.044618032185179145,0.06692704827776871,0.0007469542469597421,0.06692704827776871
jev_score,sequential_bayes__seed_000046,0.017259259261133347,0.025888888891700018,0.00011898216737864784,0.025888888891700004
jev_score,sequential_bayes__seed_000047,0.21484549197016092,0.3222682379552414,0.020230173645198423,0.3222682379552414
jev_score,sequential_bayes__seed_000048,0.009185185184600023,0.013777777776900035,4.151440328661913e-05,0.013777777776900035
jev_score,sequential_bayes__seed_000049,0.06533333332779996,0.09799999999169995,0.0019012455415207776,0.09189116586329887
jev_score,sequential_bayes__seed_000050,0.0203883277209569,0.030582491581435348,0.0001650319567803001,0.030582491581435348
jev_score,sequential_bayes__seed_000051,0.0566666666636667,0.08499999999550005,0.0013331442085735244,0.08499999999550004
jev_score,sequential_bayes__seed_000052,0.024933782271366306,0.03740067340704946,0.0002643675539308342,0.037400673407049445
jev_score,sequential_bayes__seed_000053,0.031251777027363675,0.04687766554104551,0.00039694340106429183,0.04687766554104551
jev_score,sequential_bayes__seed_000054,0.24140740743033332,0.3621111111455,0.024385105628821336,0.21813571364555906
jev_score,sequential_bayes__seed_000055,0.01338945005544175,0.020084175083162625,6.74216185984071e-05,0.020084175083162625
jev_score,sequential_bayes__seed_000056,0.049999999996933366,0.07499999999540005,0.0011835912207047508,0.018218660135334325
jev_score,sequential_bayes__seed_000057,0.0520261878035051,0.07803928170525765,0.0013244241696259266,0.03928659191661771
jev_score,sequential_bayes__seed_000058,0.012080808080466687,0.01812121212070003,5.798655465510487e-05,0.01812121212070003
jev_score,sequential_bayes__seed_000059,0.02449233071337044,0.03673849607005566,0.00029933360230236845,0.036738496070055665
jev_score,sequential_bayes__seed_000060,0.04466666666380003,0.06699999999570004,0.0009244691357688212,0.06699999999570004
jev_score,sequential_bayes__seed_000061,0.03747998503352932,0.05621997755029398,0.0005987899582337342,0.05621997755029398
semif_qwen35_4b,bayes__seed_000042,0.163320363052759,0.3621000326805925,0.014979405988534424,0.36210003268059243
semif_qwen35_4b,bayes__seed_000045,0.026991156162131602,0.05326173698349061,0.0004249716507869794,0.05326173698349061
semif_qwen35_4b,bayes__seed_000048,0.08153091829441403,0.17527426564774218,0.003778090814884405,0.08553836702026259
semif_qwen35_4b,bayes__seed_000051,0.03186915723484373,0.05578681425566391,0.0005895502332817421,0.053753684579831845
semif_qwen35_4b,bayes__seed_000054,0.0776899158173683,0.16261348865130132,0.003116018941863944,0.16261348865130126
semif_qwen35_4b,bayes__seed_000057,0.1186450689644202,0.2592862020142408,0.009703284475149314,0.25928620201424074
semif_qwen35_4b,bayes__seed_000060,0.037341561424833594,0.0693921077013126,0.0007597094234839264,0.0693921077013126
semif_qwen35_4b,compound__seed_000042,0.14993858415971592,0.22490787623957387,0.008580143022528988,0.22490787623957376
semif_qwen35_4b,compound__seed_000043,0.23637553259207986,0.35456329888811977,0.023899593195652533,0.35456329888811977
semif_qwen35_4b,compound__seed_000044,0.0570255780135084,0.0855383670202626,0.0012651456015375484,0.0855383670202626
semif_qwen35_4b,compound__seed_000045,0.24349711475354094,0.36524567213031145,0.02595279882512412,0.3652456721303114
semif_qwen35_4b,compound__seed_000046,0.04386639481486215,0.06579959222229323,0.0009621302970266852,0.06579959222229326
semif_qwen35_4b,compound__seed_000047,0.1829127732320673,0.27436915984810095,0.012675112573528966,0.23323764024375948
semif_qwen35_4b,compound__seed_000048,0.13116185441834136,0.19674278162751202,0.006973375011822522,0.19674278162751202
semif_qwen35_4b,compound__seed_000049,0.04150899100693684,0.06226348651040526,0.0006762347967906852,0.06226348651040525
semif_qwen35_4b,compound__seed_000050,0.263823847465722,0.39573577119858305,0.03004770353231067,0.39573577119858305
semif_qwen35_4b,compound__seed_000051,0.04196543534977948,0.06294815302466922,0.0007201158329877143,0.06294815302466922
semif_qwen35_4b,compound__seed_000052,0.2651066919928233,0.39766003798923494,0.026403613100176842,0.3653090362176387
semif_qwen35_4b,compound__seed_000053,0.18082506816864208,0.2712376022529631,0.012860348131130505,0.2712376022529631
semif_qwen35_4b,compound__seed_000054,0.10965755661083293,0.1644863349162494,0.005482189172929468,0.038448796098203106
semif_qwen35_4b,compound__seed_000055,0.1889962756536517,0.28349441348047755,0.01576229706041473,0.28349441348047755
semif_qwen35_4b,compound__seed_000056,0.09355853059382502,0.14033779589073753,0.003289334095085614,0.14033779589073747
semif_qwen35_4b,compound__seed_000057,0.1822046908117592,0.2733070362176388,0.01246020537390002,0.27330703621763885
semif_qwen35_4b,compound__seed_000058,0.19433938004883378,0.29150907007325066,0.016350110431347722,0.29150907007325066
semif_qwen35_4b,compound__seed_000059,0.05992712751384081,0.08989069127076121,0.001372842161043571,0.08989069127076121
semif_qwen35_4b,compound__seed_000060,0.23149783324794848,0.3472467498719227,0.024350860798738452,0.34724674987192283
semif_qwen35_4b,compound__seed_000061,0.039410847898740005,0.059116271848110004,0.0007766074660488076,0.05911627184810997
semif_qwen35_4b,conditional__seed_000042,0.039919785250237885,0.08261030023826126,0.0008055370091838474,0.08261030023826121
semif_qwen35_4b,conditional__seed_000043,0.0488022561716289,0.09512262831472758,0.0012794293032982026,0.09512262831472759
semif_qwen35_4b,conditional__seed_000044,0.06477366916997049,0.12735067392619942,0.002271531043056218,0.12735067392619936
semif_qwen35_4b,conditional__seed_000045,0.05134702390547598,0.09703781510068227,0.001395141263621388,0.09703781510068221
semif_qwen35_4b,conditional__seed_000046,0.046395597353081144,0.08707605890724691,0.0011134322314221396,0.08707605890724696
semif_qwen35_4b,conditional__seed_000047,0.04578661617269725,0.08973589862747958,0.0011653930615849934,0.08973589862747955
semif_qwen35_4b,conditional__seed_000048,0.05271426249160982,0.11600954487965764,0.0015060191414612335,0.11600954487965759
semif_qwen35_4b,conditional__seed_000049,0.06249978940007859,0.13760109381828864,0.002234685741911658,0.1376010938182886
semif_qwen35_4b,conditional__seed_000050,0.07277699103101015,0.12588209111025417,0.002893346034257446,0.12588209111025417
semif_qwen35_4b,conditional__seed_000051,0.04711175950078015,0.09512262831472758,0.0012740747155331944,0.09512262831472759
semif_qwen35_4b,conditional__seed_000052,0.031121405006978454,0.06884898206254951,0.000519085388659344,0.06884898206254952
semif_qwen35_4b,conditional__seed_000053,0.061850224341629456,0.13597718117216578,0.00217273988732717,0.13597718117216578
semif_qwen35_4b,conditional__seed_000054,0.06024509316580708,0.12588209111025417,0.0019738479029599984,0.06265948932601534
semif_qwen35_4b,conditional__seed_000055,0.06450029278606377,0.16125073196515943,0.0028382504141067047,0.111746665037146
semif_qwen35_4b,conditional__seed_000056,0.07050458251602804,0.13597718117216578,0.002563944247586358,0.13597718117216578
semif_qwen35_4b,conditional__seed_000057,0.060832526292185184,0.12735067392619942,0.0019700048639246246,0.04638602850767426
semif_qwen35_4b,conditional__seed_000058,0.046395597353081144,0.08707605890724691,0.0011134322314221396,0.052697733132579985
semif_qwen35_4b,conditional__seed_000059,0.07187982772234044,0.1383944191867205,0.002647223445563623,0.13839441918672052
semif_qwen35_4b,conditional__seed_000060,0.060832526292185184,0.12735067392619942,0.001959480136984173,0.12735067392619942
semif_qwen35_4b,conditional__seed_000061,0.05977889733254085,0.11212077293454242,0.0020187300895476525,0.11212077293454237
semif_qwen35_4b,explicit_probability__seed_000042,0.28072217034093955,0.5098299737352565,0.03554597638339929,0.5098299737352565
semif_qwen35_4b,explicit_probability__seed_000043,0.12790459812314356,0.21199903474366752,0.008182901079220904,0.21199903474366755
semif_qwen35_4b,explicit_probability__seed_000044,0.1341674192482216,0.23962919061863877,0.009436391418532832,0.23962919061863874
semif_qwen35_4b,explicit_probability__seed_000045,0.1027691064954508,0.18961416043660467,0.00589102229239689,0.18961416043660473
semif_qwen35_4b,explicit_probability__seed_000046,0.09662774350624544,0.17250099150902248,0.004863244109072096,0.17250099150902254
semif_qwen35_4b,explicit_probability__seed_000047,0.09060933151777607,0.14933954541765218,0.004058905528537196,0.14933954541765226
semif_qwen35_4b,explicit_probability__seed_000048,0.08924028899557195,0.1564681666085595,0.004043477736780297,0.15646816660855967
semif_qwen35_4b,explicit_probability__seed_000049,0.055951551326672795,0.08989069127076121,0.0015907182974225084,0.08989069127076121
semif_qwen35_4b,explicit_probability__seed_000050,0.12659656592703145,0.23585544298129088,0.00940401984454189,0.2358554429812909
semif_qwen35_4b,explicit_probability__seed_000051,0.049606988613274006,0.09087651228221044,0.0011662696886622745,0.0908765122822105
semif_qwen35_4b,explicit_probability__seed_000052,0.010194434886288078,0.016130370717821984,5.3628721946079316e-05,0.016130370717821974
semif_qwen35_4b,explicit_probability__seed_000053,0.025368995737920657,0.04158933394183216,0.0003228714305988261,0.04158933394183212
semif_qwen35_4b,explicit_probability__seed_000054,0.015231527997233757,0.027093519834907983,0.00011307848384094594,0.027093519834908042
semif_qwen35_4b,explicit_probability__seed_000055,0.015775641747959365,0.02943966321547516,0.0001241155006644944,0.029439663215475198
semif_qwen35_4b,explicit_probability__seed_000056,0.011355106770798698,0.019340677382037864,5.9565900655895495e-05,0.019340677382037874
semif_qwen35_4b,explicit_probability__seed_000057,0.00819956575455377,0.01340583903954167,3.376866085102397e-05,0.01340583903954165
semif_qwen35_4b,explicit_probability__seed_000058,0.013945680667819078,0.02410151795352731,8.941280223146465e-05,0.024101517953527316
semif_qwen35_4b,explicit_probability__seed_000059,0.007549884213306333,0.015099768426612665,3.0137143283717688e-05,0.015099768426612675
semif_qwen35_4b,explicit_probability__seed_000060,0.02178331046345657,0.035417119837732776,0.00023157351002352323,0.0338736181320841
semif_qwen35_4b,explicit_probability__seed_000061,0.022875618006967507,0.03771739669609257,0.00025097572133028426,0.03771739669609257
semif_qwen35_4b,frequency__seed_000042,0.1548623969756812,0.2881304780238127,0.014106110350146427,0.17184986294249344
semif_qwen35_4b,frequency__seed_000046,0.13617385690023262,0.30168248877690196,0.010573338772745789,0.24660115118061102
semif_qwen35_4b,frequency__seed_000050,0.11516580792797122,0.20552017778555146,0.007836126512640857,0.20552017778555143
semif_qwen35_4b,frequency__seed_000054,0.09911859230549229,0.22370561349387202,0.005331536138683013,0.2237056134938719
semif_qwen35_4b,frequency__seed_000058,0.1340098491597114,0.27729986117469113,0.010043197847896427,0.2772998611746912
semif_qwen35_4b,sequential_bayes__seed_000042,0.06591371245297255,0.09887056867945883,0.0016303276926212197,0.09887056867945883
semif_qwen35_4b,sequential_bayes__seed_000043,0.2079892900978805,0.31198393514682077,0.016630804943969336,0.31198393514682077
semif_qwen35_4b,sequential_bayes__seed_000044,0.22680918763601068,0.34021378145401604,0.01960592851557046,0.34021378145401604
semif_qwen35_4b,sequential_bayes__seed_000045,0.21887518799419137,0.32831278199128705,0.01878085997909043,0.32831278199128705
semif_qwen35_4b,sequential_bayes__seed_000046,0.26982501381699847,0.40473752072549773,0.033867026604588575,0.40473752072549773
semif_qwen35_4b,sequential_bayes__seed_000047,0.3005362777761014,0.45080441666415216,0.034444845586913346,0.17457565446325496
semif_qwen35_4b,sequential_bayes__seed_000048,0.20559309998094744,0.30838964997142115,0.015927404826879803,0.2835783992274947
semif_qwen35_4b,sequential_bayes__seed_000049,0.04844492943588961,0.07266739415383441,0.0009085743365176396,0.07266739415383441
semif_qwen35_4b,sequential_bayes__seed_000050,0.23993835124557572,0.3599075268683636,0.026599645891035684,0.3599075268683636
semif_qwen35_4b,sequential_bayes__seed_000051,0.2619549644033335,0.39293244660500026,0.02819275404813852,0.39293244660500026
semif_qwen35_4b,sequential_bayes__seed_000052,0.2003259649879655,0.30048894748194827,0.015652676732450393,0.3004889474819482
semif_qwen35_4b,sequential_bayes__seed_000053,0.23993835124557572,0.3599075268683636,0.023529203451832237,0.3599075268683636
semif_qwen35_4b,sequential_bayes__seed_000054,0.3084487417705804,0.4626731126558706,0.038312012673813164,0.3348856190858661
semif_qwen35_4b,sequential_bayes__seed_000055,0.18967099712100977,0.28450649568151465,0.013729133042637709,0.2845064956815146
semif_qwen35_4b,sequential_bayes__seed_000056,0.1251663968114222,0.18774959521713327,0.005875331102137614,0.18774959521713327
semif_qwen35_4b,sequential_bayes__seed_000057,0.14114213079647708,0.21171319619471562,0.007493320091244628,0.21171319619471562
semif_qwen35_4b,sequential_bayes__seed_000058,0.22365569140229125,0.33548353710343687,0.022900666151912462,0.3354835371034369
semif_qwen35_4b,sequential_bayes__seed_000059,0.258000697802181,0.3870010467032715,0.027505306779990777,0.3870010467032715
semif_qwen35_4b,sequential_bayes__seed_000060,0.27234084557523036,0.40851126836284557,0.03241983567498241,0.40851126836284557
semif_qwen35_4b,sequential_bayes__seed_000061,0.25956479338922583,0.3893471900838387,0.025498848875956263,0.26615173857568003
