family,truth_model,unknown_rule,n_test,mae,rmse,r2,corr,mean_observed_choice,mean_predicted_choice,mean_predicted_unknown,u_profile,central_lambda
bayes,score_expectation,no_unknown,15,0.18001483705928148,0.19273537660361617,0.1898856587720006,0.9489114823396256,0.7920666666666667,0.6120518296073851,0.0,,
bayes,score_expectation,central_2_unknown,15,0.11836673791813852,0.12873850682759902,0.6385565306658859,0.9683935515723664,0.7920666666666667,0.678523684836356,0.10180233566900235,"0.000,0.000,0.000,0.000,1.000,1.000,0.000,0.000,0.000,0.000",
bayes,score_expectation,central_decay_unknown,15,0.040543204979408776,0.061971589146583,0.9162453915201257,0.9616875409518982,0.7920666666666667,0.8105288372859932,0.25466790253727056,"0.000,0.080,0.185,0.430,1.000,1.000,0.430,0.185,0.080,0.000",0.43
bayes,score_expectation,learned_symmetric_unknown,15,0.03299500080582823,0.053950764723003704,0.9365226691642947,0.9719346496826871,0.7920666666666667,0.8110205186405945,0.24928332593833544,"0.000,0.139,0.215,0.215,0.972,0.972,0.215,0.215,0.139,0.000",
bayes,score_to_noul_monotonic,no_unknown,15,0.1289556686813498,0.14254892451855505,0.5568494047557918,0.9638303146025234,0.7920666666666667,0.6631109979853169,0.0,,
bayes,score_to_noul_monotonic,central_2_unknown,15,0.07250475746446483,0.07931087253189821,0.8628205989281057,0.9679373024388566,0.7920666666666667,0.7352435475609043,0.10180233566900235,"0.000,0.000,0.000,0.000,1.000,1.000,0.000,0.000,0.000,0.000",
bayes,score_to_noul_monotonic,central_decay_unknown,15,0.07582961738506762,0.0978164146255194,0.7913362889060961,0.9490813683782945,0.7920666666666667,0.8611021191437648,0.287673271923657,"0.000,0.111,0.230,0.480,1.000,1.000,0.480,0.230,0.111,0.000",0.48
bayes,score_to_noul_monotonic,learned_symmetric_unknown,15,0.07866886614202451,0.10159869094910104,0.7748874686925203,0.9469170550855547,0.7920666666666667,0.8660397695954052,0.3296089677653434,"0.000,0.292,0.292,0.292,0.917,0.917,0.292,0.292,0.292,0.000",
compound,score_expectation,no_unknown,9,0.11748179043240767,0.14572825470209275,0.49086471349250294,0.9016488150025477,0.7175555555555556,0.6152150298446595,0.0,,
compound,score_expectation,central_2_unknown,9,0.09957168676815091,0.12397630014965587,0.6315122852221904,0.8877325580688261,0.7175555555555556,0.6510783926730563,0.05501746190635079,"0.000,0.000,0.000,0.000,1.000,1.000,0.000,0.000,0.000,0.000",
compound,score_expectation,central_decay_unknown,9,0.06513185447170769,0.08224897787259264,0.8378164921630769,0.9308801734145378,0.7175555555555556,0.7145827719164148,0.13640384483438994,"0.000,0.069,0.168,0.410,1.000,1.000,0.410,0.168,0.069,0.000",0.41
compound,score_expectation,learned_symmetric_unknown,9,0.052357553599821444,0.07227062009788114,0.8747812879590148,0.9455927861745643,0.7175555555555556,0.7285098801335597,0.15026533799272845,"0.000,0.150,0.239,0.461,0.714,0.714,0.461,0.239,0.150,0.000",
compound,score_to_noul_monotonic,no_unknown,9,0.09185754665406608,0.11060446940638519,0.7067142085034398,0.9543638021096481,0.7175555555555556,0.6335344237046203,0.0,,
compound,score_to_noul_monotonic,central_2_unknown,9,0.07412976864361356,0.08569433123279947,0.8239443942081747,0.9487715803724096,0.7175555555555556,0.6702222532000907,0.05501746190635079,"0.000,0.000,0.000,0.000,1.000,1.000,0.000,0.000,0.000,0.000",
compound,score_to_noul_monotonic,central_decay_unknown,9,0.044306124968774944,0.06502152961616774,0.8986415328140719,0.9697923736970323,0.7175555555555556,0.7593235056503259,0.1642503665792459,"0.000,0.118,0.240,0.490,1.000,1.000,0.490,0.240,0.118,0.000",0.49
compound,score_to_noul_monotonic,learned_symmetric_unknown,9,0.04430347157196663,0.06560283927932159,0.8968210884200684,0.9690209449078162,0.7175555555555556,0.7594785023722664,0.16414963067112198,"0.000,0.165,0.184,0.506,1.000,1.000,0.506,0.184,0.165,0.000",
conditional,score_expectation,no_unknown,30,0.26838250101953803,0.2807656117210657,-2.54227895256624,0.8333334735811102,0.8105666666666667,0.5421841656471286,0.0,,
conditional,score_expectation,central_2_unknown,30,0.17604246062874698,0.19948834075240823,-0.7882571350107257,0.5697846283189708,0.8105666666666667,0.6542972058993066,0.17526282949616284,"0.000,0.000,0.000,0.000,1.000,1.000,0.000,0.000,0.000,0.000",
conditional,score_expectation,central_decay_unknown,30,0.11874760169647522,0.14702917519240213,0.028591336998770145,0.4620591451062644,0.8105666666666667,0.851273047881785,0.3685004148524525,"0.000,0.080,0.185,0.430,1.000,1.000,0.430,0.185,0.080,0.000",0.43
conditional,score_expectation,learned_symmetric_unknown,30,0.0666290676042457,0.08023754386545309,0.7106988349726693,0.8641084197103083,0.8105666666666667,0.8248859393897289,0.3503207998157283,"0.000,0.248,0.439,0.439,0.439,0.439,0.439,0.439,0.248,0.000",
conditional,score_to_noul_monotonic,no_unknown,30,0.22196419325139374,0.2331601064618982,-1.4428872353592888,0.8789143906848298,0.8105666666666667,0.5886024734152729,0.0,,
conditional,score_to_noul_monotonic,central_2_unknown,30,0.13258761105431321,0.14777405273865635,0.018723725376279754,0.6987200953409125,0.8105666666666667,0.7084304123771943,0.17526282949616284,"0.000,0.000,0.000,0.000,1.000,1.000,0.000,0.000,0.000,0.000",
conditional,score_to_noul_monotonic,central_decay_unknown,30,0.10349861138826087,0.12565073519220965,0.2905447638284082,0.5920901105146398,0.8105666666666667,0.8271886037562449,0.2929710476094761,"0.000,0.024,0.084,0.290,1.000,1.000,0.290,0.084,0.024,0.000",0.29
conditional,score_to_noul_monotonic,learned_symmetric_unknown,30,0.060132737125807266,0.07485626195296856,0.7482026223475531,0.8865583853560643,0.8105666666666667,0.8149277419010578,0.2844326368337028,"0.000,0.188,0.336,0.336,0.431,0.431,0.336,0.336,0.188,0.000",
explicit_probability,score_expectation,no_unknown,20,0.274807472049584,0.28952283238865123,-0.6922599718977174,0.8194805937125141,0.81355,0.553709506977636,0.0,,
explicit_probability,score_expectation,central_2_unknown,20,0.24096326962986575,0.26655846669692224,-0.4344532786217683,0.4243892802133549,0.81355,0.6995600251139227,0.19327457440703746,"0.000,0.000,0.000,0.000,1.000,1.000,0.000,0.000,0.000,0.000",
explicit_probability,score_expectation,central_decay_unknown,20,0.13211915054503356,0.19912778096955536,0.19949296576097952,0.6809355153602852,0.81355,0.8690181625989333,0.4269752044237755,"0.000,0.091,0.203,0.450,1.000,1.000,0.450,0.203,0.091,0.000",0.45
explicit_probability,score_expectation,learned_symmetric_unknown,20,0.11987543492988843,0.1820377651650832,0.33100259281775246,0.7044047338811777,0.81355,0.8852762469150754,0.4832902020520213,"0.000,0.467,0.467,0.467,0.650,0.650,0.467,0.467,0.467,0.000",
explicit_probability,score_to_noul_monotonic,no_unknown,20,0.28081918132940326,0.2949451170022232,-0.7562400041599198,0.8075888286549675,0.81355,0.5494295676211121,0.0,,
explicit_probability,score_to_noul_monotonic,central_2_unknown,20,0.25303635335234903,0.2755184142319968,-0.5325078388883429,0.3774563012805563,0.81355,0.6949854935027593,0.19327457440703746,"0.000,0.000,0.000,0.000,1.000,1.000,0.000,0.000,0.000,0.000",
explicit_probability,score_to_noul_monotonic,central_decay_unknown,20,0.13001089543322136,0.198643136038446,0.2033848341529515,0.6464049991319343,0.81355,0.8452888480808791,0.37388432450515896,"0.000,0.051,0.137,0.370,1.000,1.000,0.370,0.137,0.051,0.000",0.37
explicit_probability,score_to_noul_monotonic,learned_symmetric_unknown,20,0.11175585464398867,0.17582069372349837,0.37591833596051993,0.7151352002004032,0.81355,0.8752895620132868,0.434967835145076,"0.000,0.421,0.421,0.421,0.582,0.582,0.421,0.421,0.421,0.000",
frequency,score_expectation,no_unknown,8,0.14795168779891,0.1553344585191471,0.7272515007692905,0.9922577645147098,0.584125,0.43617331220109,0.0,,
frequency,score_expectation,central_2_unknown,8,0.12401286027776855,0.1321247249337226,0.8026691683372607,0.9929734961099183,0.584125,0.4601121397222315,0.06327039539539539,"0.000,0.000,0.000,0.000,1.000,1.000,0.000,0.000,0.000,0.000",
frequency,score_expectation,central_decay_unknown,8,0.04103943581472612,0.05025770093082279,0.9714482988516993,0.9924463098538052,0.584125,0.6141709676875994,0.343549265977978,"0.000,0.176,0.314,0.560,1.000,1.000,0.560,0.314,0.176,0.000",0.56
frequency,score_expectation,learned_symmetric_unknown,8,0.04224108773320505,0.05299513925103087,0.968253282368626,0.993046047878496,0.584125,0.6225164262531612,0.3762231192802757,"0.000,0.149,0.472,0.472,0.778,0.778,0.472,0.472,0.149,0.000",
frequency,score_to_noul_monotonic,no_unknown,8,0.15210430287974008,0.1641708261958164,0.6953376964245563,0.9859916553123903,0.584125,0.4320206971202599,0.0,,
frequency,score_to_noul_monotonic,central_2_unknown,8,0.1285202782668354,0.1410670154532143,0.7750542925562224,0.9889458057044856,0.584125,0.4556047217331646,0.06327039539539539,"0.000,0.000,0.000,0.000,1.000,1.000,0.000,0.000,0.000,0.000",
frequency,score_to_noul_monotonic,central_decay_unknown,8,0.03507107184235313,0.04505864708229598,0.9770499810182125,0.994726935163399,0.584125,0.6140429064399997,0.3344809870964715,"0.000,0.166,0.303,0.550,1.000,1.000,0.550,0.303,0.166,0.000",0.55
frequency,score_to_noul_monotonic,learned_symmetric_unknown,8,0.03374146950767971,0.03568278795538624,0.9856072324210907,0.9960989206660499,0.584125,0.591345828963605,0.28122470965108903,"0.000,0.189,0.189,0.493,1.000,1.000,0.493,0.189,0.189,0.000",
sequential_bayes,score_expectation,no_unknown,15,0.15907101916731545,0.1854749535098306,0.7311395801954731,0.9775526844960901,0.6082666666666667,0.4702250472694917,0.0,,
sequential_bayes,score_expectation,central_2_unknown,15,0.13022983244985314,0.1466100225470437,0.8320099142807226,0.9816538499032025,0.6082666666666667,0.5083649462486945,0.06921381381381382,"0.000,0.000,0.000,0.000,1.000,1.000,0.000,0.000,0.000,0.000",
sequential_bayes,score_expectation,central_decay_unknown,15,0.08342966965241314,0.09656743908724022,0.9271184233356052,0.971877038914559,0.6082666666666667,0.5721264875510745,0.1477403121165165,"0.000,0.012,0.053,0.230,1.000,1.000,0.230,0.053,0.012,0.000",0.23
sequential_bayes,score_expectation,learned_symmetric_unknown,15,0.04906804714179696,0.06934762739537709,0.9624145681361269,0.9818305331557624,0.6082666666666667,0.6191927981122393,0.2147489070483637,"0.000,0.114,0.245,0.245,0.647,0.647,0.245,0.245,0.114,0.000",
sequential_bayes,score_to_noul_monotonic,no_unknown,15,0.15945292048967943,0.18678957867390797,0.7273147696140678,0.9762420998720656,0.6082666666666667,0.4632374159617027,0.0,,
sequential_bayes,score_to_noul_monotonic,central_2_unknown,15,0.12815071157336078,0.14780063528882792,0.8292703570071391,0.9799183234759217,0.6082666666666667,0.5008680740157002,0.06921381381381382,"0.000,0.000,0.000,0.000,1.000,1.000,0.000,0.000,0.000,0.000",
sequential_bayes,score_to_noul_monotonic,central_decay_unknown,15,0.0791701358777441,0.09222781238305217,0.9335216631958895,0.969255934109511,0.6082666666666667,0.5815220747535814,0.17112306456429763,"0.000,0.022,0.078,0.280,1.000,1.000,0.280,0.078,0.022,0.000",0.28
sequential_bayes,score_to_noul_monotonic,learned_symmetric_unknown,15,0.05050574131368814,0.0709863754424486,0.9606172232066117,0.9804470400850099,0.6082666666666667,0.6172728390916853,0.23449058879414578,"0.000,0.172,0.212,0.212,0.979,0.979,0.212,0.212,0.172,0.000",
