instance_id,latent_instance_id,family,representation,p_noul,p_choice,t_score,u_score,f_score,pred_choice_tuf,abs_error_choice,u_profile,q_0,q_1,q_2,q_3,q_4,q_5,q_6,q_7,q_8,q_9
bayes__seed_000048__repr_counts__parallel_primitives,bayes__seed_000048,bayes,counts,0.916,0.9709999999999999,0.8856477897301722,0.11435121026982778,1.000000000001e-06,0.9999988708842471,0.02899887088424724,"0.000,0.348,0.348,0.348,0.619,0.619,0.348,0.348,0.348,0.000",0.01,0.01,0.01,0.01,0.01,0.019,0.034,0.24300000000000002,0.5549999999999999,0.099
bayes__seed_000048__repr_direct__parallel_primitives,bayes__seed_000048,bayes,direct,0.46799999999999997,0.727,0.5477081294930567,0.3586155934275061,0.09367627707943721,0.8539467499996833,0.12694674999968336,"0.000,0.348,0.348,0.348,0.619,0.619,0.348,0.348,0.348,0.000",0.04,0.094,0.131,0.10500000000000001,0.081,0.068,0.11000000000000001,0.20299999999999999,0.122,0.046
bayes__seed_000048__repr_distractor__parallel_primitives,bayes__seed_000048,bayes,distractor,0.378,0.643,0.4415262418030714,0.356640034239502,0.20183372395742655,0.6862818100301835,0.0432818100301835,"0.000,0.348,0.348,0.348,0.619,0.619,0.348,0.348,0.348,0.000",0.061,0.156,0.158,0.145,0.074,0.078,0.084,0.14100000000000001,0.06999999999999999,0.033
bayes__seed_000048__repr_prose__parallel_primitives,bayes__seed_000048,bayes,prose,0.75,0.951,0.8349254440707823,0.1650735559292177,1.000000000001e-06,0.9999988022897022,0.048998802289702215,"0.000,0.348,0.348,0.348,0.619,0.619,0.348,0.348,0.348,0.000",0.028999999999999998,0.02,0.013000000000000001,0.018,0.013000000000000001,0.014000000000000002,0.038,0.31,0.45599999999999996,0.089
bayes__seed_000048__repr_table__parallel_primitives,bayes__seed_000048,bayes,table,0.271,0.326,0.2606671812620545,0.35347780198121365,0.3858550167567319,0.40318365256575484,0.07718365256575482,"0.000,0.348,0.348,0.348,0.619,0.619,0.348,0.348,0.348,0.000",0.036,0.28500000000000003,0.385,0.16799999999999998,0.047,0.025,0.014000000000000002,0.022,0.013000000000000001,0.005
bayes__seed_000054__repr_counts__parallel_primitives,bayes__seed_000054,bayes,counts,0.737,0.7929999999999999,0.631616082047898,0.3487602304806803,0.019623687471421736,0.9698671850370778,0.17686718503707788,"0.000,0.348,0.348,0.348,0.619,0.619,0.348,0.348,0.348,0.000",0.042,0.057999999999999996,0.077,0.079,0.057999999999999996,0.07,0.10900000000000001,0.274,0.177,0.05600000000000001
bayes__seed_000054__repr_direct__parallel_primitives,bayes__seed_000054,bayes,direct,0.43099999999999994,0.717,0.47704656410519686,0.3559852533423664,0.16696818255243673,0.7407385724954538,0.023738572495453858,"0.000,0.348,0.348,0.348,0.619,0.619,0.348,0.348,0.348,0.000",0.05,0.159,0.146,0.10400000000000001,0.07100000000000001,0.076,0.11000000000000001,0.157,0.08499999999999999,0.042
bayes__seed_000054__repr_distractor__parallel_primitives,bayes__seed_000054,bayes,distractor,0.44800000000000006,0.706,0.5073987881443767,0.3446530666294761,0.14794814522614724,0.7742445448470582,0.06824454484705822,"0.000,0.348,0.348,0.348,0.619,0.619,0.348,0.348,0.348,0.000",0.069,0.139,0.10600000000000001,0.098,0.068,0.068,0.10900000000000001,0.196,0.1,0.047
bayes__seed_000054__repr_prose__parallel_primitives,bayes__seed_000054,bayes,prose,0.44800000000000006,0.818,0.44225975888119073,0.43549366157212355,0.12224657954668572,0.7834451604438372,0.034554839556162786,"0.000,0.348,0.348,0.348,0.619,0.619,0.348,0.348,0.348,0.000",0.036,0.037,0.079,0.21600000000000003,0.154,0.273,0.10400000000000001,0.033,0.023,0.045
bayes__seed_000054__repr_table__parallel_primitives,bayes__seed_000054,bayes,table,0.277,0.343,0.3208496778795382,0.34473669761537273,0.33441362450508905,0.48965000284909205,0.14665000284909202,"0.000,0.348,0.348,0.348,0.619,0.619,0.348,0.348,0.348,0.000",0.08499999999999999,0.263,0.223,0.128,0.073,0.053000000000000005,0.052000000000000005,0.062,0.038,0.023
bayes__seed_000060__repr_counts__parallel_primitives,bayes__seed_000060,bayes,counts,0.787,0.969,0.8114659007309519,0.18853309926904807,1.000000000001e-06,0.9999987676638454,0.03099876766384546,"0.000,0.348,0.348,0.348,0.619,0.619,0.348,0.348,0.348,0.000",0.01001001001001001,0.01001001001001001,0.01001001001001001,0.018018018018018018,0.011011011011011011,0.024024024024024024,0.08708708708708708,0.4754754754754755,0.29129129129129133,0.06306306306306306
bayes__seed_000060__repr_direct__parallel_primitives,bayes__seed_000060,bayes,direct,0.829,0.975,0.8415838140625519,0.1584151859374481,1.000000000001e-06,0.9999988117656315,0.024998811765631568,"0.000,0.348,0.348,0.348,0.619,0.619,0.348,0.348,0.348,0.000",0.010000000000000002,0.010000000000000002,0.010000000000000002,0.010000000000000002,0.010000000000000002,0.018000000000000002,0.059000000000000004,0.41300000000000003,0.411,0.04900000000000001
bayes__seed_000060__repr_distractor__parallel_primitives,bayes__seed_000060,bayes,distractor,0.873,0.9800000000000001,0.8156380070467933,0.18436099295320665,1.000000000001e-06,0.9999987739674152,0.019998773967415118,"0.000,0.348,0.348,0.348,0.619,0.619,0.348,0.348,0.348,0.000",0.012,0.01,0.009,0.01,0.01,0.016,0.075,0.51,0.304,0.044
bayes__seed_000060__repr_prose__parallel_primitives,bayes__seed_000060,bayes,prose,0.8030000000000002,0.982,0.8494231650707446,0.15057583492925544,1.000000000001e-06,0.999998822731868,0.017998822731868036,"0.000,0.348,0.348,0.348,0.619,0.619,0.348,0.348,0.348,0.000",0.018,0.01,0.01,0.01,0.012,0.013000000000000001,0.034999999999999996,0.376,0.41900000000000004,0.097
bayes__seed_000060__repr_table__parallel_primitives,bayes__seed_000060,bayes,table,0.852,0.9800000000000001,0.8476878784085158,0.15231112159148422,1.000000000001e-06,0.9999988203219065,0.019998820321906363,"0.000,0.348,0.348,0.348,0.619,0.619,0.348,0.348,0.348,0.000",0.01,0.002,0.005,0.01,0.01,0.01,0.06,0.45599999999999996,0.371,0.066
compound__seed_000054__repr_direct__parallel_primitives,compound__seed_000054,compound,direct,0.844,0.9549999999999998,0.7109761905972587,0.28790675087280243,0.0011170585299388747,0.998431303019221,0.04343130301922116,"0.000,0.348,0.348,0.348,0.619,0.619,0.348,0.348,0.348,0.000",0.08208208208208209,0.02002002002002002,0.02102102102102102,0.03503503503503503,0.031031031031031032,0.028028028028028024,0.13513513513513514,0.36436436436436437,0.14614614614614613,0.13713713713713716
compound__seed_000054__repr_prose__parallel_primitives,compound__seed_000054,compound,prose,0.837,0.944,0.8344063360615755,0.16559266393842445,1.000000000001e-06,0.9999988015445732,0.05599880154457326,"0.000,0.348,0.348,0.348,0.619,0.619,0.348,0.348,0.348,0.000",0.05700000000000001,0.018,0.018,0.02,0.022,0.02,0.03,0.14500000000000002,0.34500000000000003,0.325
compound__seed_000054__repr_table__parallel_primitives,compound__seed_000054,compound,table,0.861,0.967,0.7543451543597839,0.22500880000027118,0.020646045639944932,0.9733596386127324,0.006359638612732477,"0.000,0.348,0.348,0.348,0.619,0.619,0.348,0.348,0.348,0.000",0.10500000000000001,0.015,0.02,0.028999999999999998,0.027999999999999997,0.020999999999999998,0.082,0.196,0.217,0.28700000000000003
compound__seed_000057__repr_direct__parallel_primitives,compound__seed_000057,compound,direct,0.712,0.7,0.6977624194537441,0.14006585590297815,0.16217172464327778,0.8114137858619779,0.11141378586197792,"0.000,0.348,0.348,0.348,0.619,0.619,0.348,0.348,0.348,0.000",0.17099999999999999,0.028999999999999998,0.031,0.04,0.022,0.022,0.047,0.081,0.096,0.461
compound__seed_000057__repr_prose__parallel_primitives,compound__seed_000057,compound,prose,0.679,0.71,0.5781501737555984,0.2248777452731276,0.196972080971274,0.7458825626924098,0.03588256269240986,"0.000,0.348,0.348,0.348,0.619,0.619,0.348,0.348,0.348,0.000",0.174,0.06999999999999999,0.08,0.053000000000000005,0.043,0.03,0.05500000000000001,0.14500000000000002,0.11300000000000002,0.23700000000000002
compound__seed_000057__repr_table__parallel_primitives,compound__seed_000057,compound,table,0.736,0.779,0.6766309185909168,0.155042678289783,0.16832640311930017,0.8007870944551343,0.02178709445513427,"0.000,0.348,0.348,0.348,0.619,0.619,0.348,0.348,0.348,0.000",0.179,0.03,0.039,0.042,0.02,0.024,0.046,0.10500000000000001,0.10500000000000001,0.41
compound__seed_000061__repr_direct__parallel_primitives,compound__seed_000061,compound,direct,0.49000000000000005,0.371,0.3598166562300486,0.11096485299464855,0.5292184907753028,0.40472714430027223,0.03372714430027224,"0.000,0.348,0.348,0.348,0.619,0.619,0.348,0.348,0.348,0.000",0.511,0.015,0.033,0.064,0.017,0.025,0.082,0.03,0.02,0.203
compound__seed_000061__repr_prose__parallel_primitives,compound__seed_000061,compound,prose,0.457,0.512,0.5765980906653072,0.16876141982645476,0.25464048950823803,0.6936613680093212,0.1816613680093212,"0.000,0.348,0.348,0.348,0.619,0.619,0.348,0.348,0.348,0.000",0.2042042042042042,0.07707707707707707,0.05905905905905905,0.04004004004004004,0.029029029029029027,0.06906906906906908,0.038038038038038034,0.03903903903903904,0.05705705705705707,0.38738738738738737
compound__seed_000061__repr_table__parallel_primitives,compound__seed_000061,compound,table,0.516,0.52,0.48417765149250336,0.1021013526434031,0.41372099586409355,0.5392341918744579,0.01923419187445785,"0.000,0.348,0.348,0.348,0.619,0.619,0.348,0.348,0.348,0.000",0.40099999999999997,0.011,0.034999999999999996,0.052000000000000005,0.019,0.025,0.054000000000000006,0.033,0.03,0.33999999999999997
conditional__seed_000042__repr_direct__parallel_primitives,conditional__seed_000042,conditional,direct,0.521,0.767,0.5495820734020914,0.3673312143067121,0.08308671229119646,0.8686726543650343,0.10167265436503425,"0.000,0.348,0.348,0.348,0.619,0.619,0.348,0.348,0.348,0.000",0.06999999999999999,0.026000000000000002,0.061,0.14100000000000001,0.096,0.10200000000000001,0.359,0.086,0.03,0.028999999999999998
conditional__seed_000042__repr_distractor__parallel_primitives,conditional__seed_000042,conditional,distractor,0.511,0.774,0.4974316218432093,0.3499106963063149,0.1526576818504758,0.7651742906965189,0.008825709303481144,"0.000,0.348,0.348,0.348,0.619,0.619,0.348,0.348,0.348,0.000",0.127,0.026000000000000002,0.065,0.144,0.084,0.123,0.323,0.05600000000000001,0.023,0.028999999999999998
conditional__seed_000042__repr_nested__parallel_primitives,conditional__seed_000042,conditional,nested,0.542,0.6859999999999999,0.4870835546272374,0.38327062323114375,0.12964582214161885,0.7897849088673966,0.10378490886739666,"0.000,0.348,0.348,0.348,0.619,0.619,0.348,0.348,0.348,0.000",0.08308308308308308,0.03503503503503503,0.07207207207207209,0.16916916916916916,0.1131131131131131,0.14914914914914915,0.2862862862862863,0.05205205205205206,0.02002002002002002,0.02002002002002002
conditional__seed_000042__repr_prose__parallel_primitives,conditional__seed_000042,conditional,prose,0.52,0.736,0.5141504316162262,0.41443155839125234,0.07141800999252146,0.8780364430222488,0.14203644302224883,"0.000,0.348,0.348,0.348,0.619,0.619,0.348,0.348,0.348,0.000",0.05600000000000001,0.02,0.05700000000000001,0.11200000000000002,0.22800000000000004,0.152,0.203,0.081,0.042,0.049
conditional__seed_000042__repr_table__parallel_primitives,conditional__seed_000042,conditional,table,0.506,0.636,0.5176171286698108,0.37727675380500325,0.10510611752518595,0.8312153622537587,0.19521536225375868,"0.000,0.348,0.348,0.348,0.619,0.619,0.348,0.348,0.348,0.000",0.07207207207207209,0.029029029029029027,0.058058058058058054,0.16816816816816815,0.11411411411411414,0.13113113113113115,0.31931931931931934,0.05105105105105105,0.022022022022022022,0.03503503503503503
conditional__seed_000043__repr_direct__parallel_primitives,conditional__seed_000043,conditional,direct,0.61,0.921,0.5700142876076323,0.3460350429130467,0.083950669479321,0.8716281834836013,0.04937181651639877,"0.000,0.348,0.348,0.348,0.619,0.619,0.348,0.348,0.348,0.000",0.092,0.020999999999999998,0.062,0.10400000000000001,0.05700000000000001,0.097,0.40199999999999997,0.095,0.036,0.033999999999999996
conditional__seed_000043__repr_distractor__parallel_primitives,conditional__seed_000043,conditional,distractor,0.595,0.9030000000000001,0.5949332608517394,0.3264803624945912,0.07858637665366941,0.8833198435835684,0.019680156416431727,"0.000,0.348,0.348,0.348,0.619,0.619,0.348,0.348,0.348,0.000",0.10400000000000001,0.025,0.053000000000000005,0.08,0.039,0.07100000000000001,0.38,0.151,0.053000000000000005,0.044
conditional__seed_000043__repr_nested__parallel_primitives,conditional__seed_000043,conditional,nested,0.652,0.9339999999999999,0.5892006629438591,0.3364137481790151,0.07438558887712582,0.8879036618480264,0.04609633815197356,"0.000,0.348,0.348,0.348,0.619,0.619,0.348,0.348,0.348,0.000",0.094,0.025,0.057999999999999996,0.09,0.052000000000000005,0.078,0.34500000000000003,0.158,0.059,0.041
conditional__seed_000043__repr_prose__parallel_primitives,conditional__seed_000043,conditional,prose,0.642,0.8949999999999999,0.7013074245317314,0.2986915754682686,9.999999999732445e-07,0.9999985740938439,0.10499857409384394,"0.000,0.348,0.348,0.348,0.619,0.619,0.348,0.348,0.348,0.000",0.04,0.01,0.02,0.033,0.024,0.07200000000000001,0.46299999999999997,0.213,0.071,0.054000000000000006
conditional__seed_000043__repr_table__parallel_primitives,conditional__seed_000043,conditional,table,0.616,0.931,0.6463541687451866,0.3285033454238422,0.02514248583097123,0.9625575411885843,0.031557541188584226,"0.000,0.348,0.348,0.348,0.619,0.619,0.348,0.348,0.348,0.000",0.08,0.012,0.034999999999999996,0.05800000000000001,0.032,0.061,0.449,0.178,0.046,0.049
conditional__seed_000047__repr_direct__parallel_primitives,conditional__seed_000047,conditional,direct,0.328,0.545,0.35740991125535787,0.3535497237319307,0.28904036501271135,0.5528807464027559,0.007880746402755823,"0.000,0.348,0.348,0.348,0.619,0.619,0.348,0.348,0.348,0.000",0.12,0.11499999999999999,0.205,0.176,0.081,0.124,0.1,0.033999999999999996,0.020999999999999998,0.024
conditional__seed_000047__repr_distractor__parallel_primitives,conditional__seed_000047,conditional,distractor,0.321,0.644,0.3298700259237095,0.33710168582735994,0.33302828824893055,0.49761783801700954,0.14638216198299048,"0.000,0.348,0.348,0.348,0.619,0.619,0.348,0.348,0.348,0.000",0.167,0.11600000000000002,0.202,0.154,0.083,0.123,0.078,0.033,0.019,0.025
conditional__seed_000047__repr_nested__parallel_primitives,conditional__seed_000047,conditional,nested,0.325,0.6950000000000001,0.38831001893087785,0.3602398039270277,0.2514501771420944,0.606961829314224,0.08803817068577602,"0.000,0.348,0.348,0.348,0.619,0.619,0.348,0.348,0.348,0.000",0.10900000000000001,0.089,0.172,0.202,0.093,0.12,0.122,0.044,0.027000000000000003,0.022
conditional__seed_000047__repr_prose__parallel_primitives,conditional__seed_000047,conditional,prose,0.369,0.562,0.3503288575237776,0.393637646377914,0.2560334960983084,0.5777549602660842,0.01575496026608414,"0.000,0.348,0.348,0.348,0.619,0.619,0.348,0.348,0.348,0.000",0.11011011011011013,0.06606606606606608,0.16216216216216217,0.2112112112112112,0.11911911911911911,0.22922922922922923,0.05105105105105105,0.011011011011011011,0.01001001001001001,0.03003003003003003
conditional__seed_000047__repr_table__parallel_primitives,conditional__seed_000047,conditional,table,0.28500000000000003,0.414,0.3569961470383321,0.3665173374409399,0.27648651552072806,0.5635452525191232,0.14954525251912326,"0.000,0.348,0.348,0.348,0.619,0.619,0.348,0.348,0.348,0.000",0.124,0.08399999999999999,0.157,0.22999999999999998,0.119,0.14300000000000002,0.071,0.025,0.02,0.027000000000000003
conditional__seed_000049__repr_direct__parallel_primitives,conditional__seed_000049,conditional,direct,0.497,0.74,0.4169567586383608,0.3860189858698499,0.1970242554917893,0.6791036677723318,0.060896332227668215,"0.000,0.348,0.348,0.348,0.619,0.619,0.348,0.348,0.348,0.000",0.126,0.037,0.078,0.185,0.203,0.126,0.178,0.028999999999999998,0.017,0.020999999999999998
conditional__seed_000049__repr_distractor__parallel_primitives,conditional__seed_000049,conditional,distractor,0.489,0.778,0.45713109025567406,0.36683503663963074,0.17603387310469526,0.7219778678680542,0.056022132131945845,"0.000,0.348,0.348,0.348,0.619,0.619,0.348,0.348,0.348,0.000",0.11399999999999999,0.041,0.084,0.177,0.127,0.122,0.24300000000000002,0.044,0.022,0.026000000000000002
conditional__seed_000049__repr_nested__parallel_primitives,conditional__seed_000049,conditional,nested,0.533,0.787,0.43089677455545544,0.38124887511835337,0.18785435032619113,0.6963975615201935,0.09060243847980654,"0.000,0.348,0.348,0.348,0.619,0.619,0.348,0.348,0.348,0.000",0.10200000000000001,0.05,0.08,0.22000000000000003,0.154,0.129,0.183,0.037,0.022,0.023
conditional__seed_000049__repr_prose__parallel_primitives,conditional__seed_000049,conditional,prose,0.54,0.768,0.5610660569770285,0.40103762374960306,0.03789631927336845,0.9367300505407273,0.16873005054072732,"0.000,0.348,0.348,0.348,0.619,0.619,0.348,0.348,0.348,0.000",0.052000000000000005,0.012,0.041,0.094,0.182,0.14200000000000002,0.29,0.09,0.049,0.048
conditional__seed_000049__repr_table__parallel_primitives,conditional__seed_000049,conditional,table,0.49399999999999994,0.6839999999999999,0.4644865685145836,0.3983654681715151,0.13714796331390133,0.7720410713509381,0.0880410713509382,"0.000,0.348,0.348,0.348,0.619,0.619,0.348,0.348,0.348,0.000",0.072,0.031,0.059,0.221,0.189,0.138,0.189,0.038,0.025,0.038
conditional__seed_000053__repr_direct__parallel_primitives,conditional__seed_000053,conditional,direct,0.8469999999999999,0.931,0.5869394029827042,0.3221085314342417,0.09095206558305413,0.8658309334155141,0.06516906658448596,"0.000,0.348,0.348,0.348,0.619,0.619,0.348,0.348,0.348,0.000",0.097,0.037,0.08399999999999999,0.08399999999999999,0.048,0.06,0.24,0.205,0.083,0.062
conditional__seed_000053__repr_distractor__parallel_primitives,conditional__seed_000053,conditional,distractor,0.829,0.9359999999999999,0.6201733845465174,0.31020519481011233,0.06962142064337029,0.8990693752409388,0.03693062475906117,"0.000,0.348,0.348,0.348,0.619,0.619,0.348,0.348,0.348,0.000",0.101,0.037,0.065,0.065,0.039,0.043,0.199,0.264,0.11499999999999999,0.07200000000000001
conditional__seed_000053__repr_nested__parallel_primitives,conditional__seed_000053,conditional,nested,0.907,0.962,0.7032861135404118,0.2967128864595882,9.999999999732445e-07,0.999998578105612,0.037998578105612024,"0.000,0.348,0.348,0.348,0.619,0.619,0.348,0.348,0.348,0.000",0.081,0.020999999999999998,0.036,0.049,0.033,0.037,0.10400000000000001,0.316,0.23900000000000002,0.08399999999999999
conditional__seed_000053__repr_prose__parallel_primitives,conditional__seed_000053,conditional,prose,0.8480000000000001,0.958,0.8873111304568931,0.11268786954310686,1.000000000001e-06,0.9999988730008689,0.04199887300086891,"0.000,0.348,0.348,0.348,0.619,0.619,0.348,0.348,0.348,0.000",0.04004004004004004,0.01001001001001001,0.011011011011011011,0.016016016016016016,0.014014014014014016,0.015015015015015015,0.02102102102102102,0.09809809809809811,0.4864864864864865,0.2882882882882883
conditional__seed_000053__repr_table__parallel_primitives,conditional__seed_000053,conditional,table,0.869,0.951,0.6877646260132627,0.3047996856612341,0.007435688325503176,0.9893042506279998,0.0383042506279998,"0.000,0.348,0.348,0.348,0.619,0.619,0.348,0.348,0.348,0.000",0.078,0.024,0.045,0.052000000000000005,0.03,0.032,0.14900000000000002,0.325,0.16999999999999998,0.095
conditional__seed_000054__repr_direct__parallel_primitives,conditional__seed_000054,conditional,direct,0.767,0.9570000000000001,0.6594991632424203,0.3205873344203707,0.01991350233720901,0.9706901220038043,0.013690122003804261,"0.000,0.348,0.348,0.348,0.619,0.619,0.348,0.348,0.348,0.000",0.082,0.022,0.044,0.057999999999999996,0.03,0.034999999999999996,0.221,0.346,0.11400000000000002,0.048
conditional__seed_000054__repr_distractor__parallel_primitives,conditional__seed_000054,conditional,distractor,0.777,0.952,0.6832817856734182,0.29806778997318883,0.018650424353392925,0.9734298781463804,0.02142987814638042,"0.000,0.348,0.348,0.348,0.619,0.619,0.348,0.348,0.348,0.000",0.101,0.02,0.032,0.041,0.028999999999999998,0.03,0.139,0.34900000000000003,0.16999999999999998,0.089
conditional__seed_000054__repr_nested__parallel_primitives,conditional__seed_000054,conditional,nested,0.782,0.959,0.6569868404549538,0.32162662075719795,0.02138653878784824,0.9684737941637395,0.009473794163739502,"0.000,0.348,0.348,0.348,0.619,0.619,0.348,0.348,0.348,0.000",0.083,0.025,0.042,0.062,0.034999999999999996,0.039,0.17099999999999999,0.361,0.131,0.051000000000000004
conditional__seed_000054__repr_prose__parallel_primitives,conditional__seed_000054,conditional,prose,0.796,0.9549999999999998,0.838897786145141,0.161101213854859,1.000000000001e-06,0.9999988079610835,0.04499880796108369,"0.000,0.348,0.348,0.348,0.619,0.619,0.348,0.348,0.348,0.000",0.041,0.01,0.01,0.020999999999999998,0.019,0.017,0.039,0.258,0.391,0.194
conditional__seed_000054__repr_table__parallel_primitives,conditional__seed_000054,conditional,table,0.759,0.9559999999999998,0.6890780197859266,0.30983751411531646,0.0010844660987568977,0.9984286800268972,0.04242868002689737,"0.000,0.348,0.348,0.348,0.619,0.619,0.348,0.348,0.348,0.000",0.079,0.020999999999999998,0.036,0.045,0.023,0.027999999999999997,0.164,0.389,0.144,0.07100000000000001
explicit_probability__seed_000046__repr_direct__parallel_primitives,explicit_probability__seed_000046,explicit_probability,direct,0.274,0.668,0.25663455223831494,0.3651664528923027,0.3781989948693824,0.40425486870935284,0.2637451312906472,"0.000,0.348,0.348,0.348,0.619,0.619,0.348,0.348,0.348,0.000",0.045,0.22200000000000003,0.417,0.174,0.076,0.05600000000000001,0.001,0.0,0.0,0.009
explicit_probability__seed_000046__repr_distractor__parallel_primitives,explicit_probability__seed_000046,explicit_probability,distractor,0.25,0.658,0.27383693185182256,0.36009241719357066,0.3660706509546068,0.4279320001973748,0.2300679998026252,"0.000,0.348,0.348,0.348,0.619,0.619,0.348,0.348,0.348,0.000",0.064,0.182,0.396,0.189,0.081,0.05800000000000001,0.01,0.006,0.004,0.01
explicit_probability__seed_000046__repr_prose__parallel_primitives,explicit_probability__seed_000046,explicit_probability,prose,0.295,0.653,0.284273522716176,0.3858634331332361,0.32986304415058787,0.4628832381150963,0.19011676188490373,"0.000,0.348,0.348,0.348,0.619,0.619,0.348,0.348,0.348,0.000",0.046,0.158,0.34199999999999997,0.23700000000000002,0.127,0.079,0.005,0.0,0.0,0.006
explicit_probability__seed_000046__repr_ratio__parallel_primitives,explicit_probability__seed_000046,explicit_probability,ratio,0.23000000000000004,0.132,0.22559421577400934,0.3445186027684178,0.4298871814575728,0.3441657028358147,0.2121657028358147,"0.000,0.348,0.348,0.348,0.619,0.619,0.348,0.348,0.348,0.000",0.024096385542168676,0.285140562248996,0.5491967871485944,0.12449799196787148,0.01706827309236948,0.0,0.0,0.0,0.0,0.0
explicit_probability__seed_000051__repr_direct__parallel_primitives,explicit_probability__seed_000051,explicit_probability,direct,0.47400000000000003,0.781,0.37245182646254926,0.4914944232496838,0.13605375028776695,0.7324439366875001,0.04855606331249995,"0.000,0.348,0.348,0.348,0.619,0.619,0.348,0.348,0.348,0.000",0.0160481444332999,0.021063189568706116,0.053159478435305926,0.32898696088264795,0.48044132397191575,0.07522567703109327,0.01905717151454363,0.0020060180541624875,0.0,0.004012036108324975
explicit_probability__seed_000051__repr_distractor__parallel_primitives,explicit_probability__seed_000051,explicit_probability,distractor,0.477,0.752,0.3819613661422528,0.4939068098698001,0.12413182398794714,0.7547253620306323,0.002725362030632339,"0.000,0.348,0.348,0.348,0.619,0.619,0.348,0.348,0.348,0.000",0.028999999999999998,0.03,0.05,0.24,0.49400000000000005,0.095,0.036,0.01,0.006,0.01
explicit_probability__seed_000051__repr_prose__parallel_primitives,explicit_probability__seed_000051,explicit_probability,prose,0.49800000000000005,0.808,0.43290051331309287,0.4951551736713691,0.07194431301553805,0.85749222481146,0.049492224811459984,"0.000,0.348,0.348,0.348,0.619,0.619,0.348,0.348,0.348,0.000",0.013000000000000001,0.014000000000000002,0.026000000000000002,0.21600000000000003,0.425,0.148,0.123,0.02,0.005,0.01
explicit_probability__seed_000051__repr_ratio__parallel_primitives,explicit_probability__seed_000051,explicit_probability,ratio,0.43499999999999994,0.358,0.379872820094278,0.5838394571517275,0.0362877227539945,0.9128035481075759,0.5548035481075759,"0.000,0.348,0.348,0.348,0.619,0.619,0.348,0.348,0.348,0.000",0.0,0.0,0.006024096385542168,0.12048192771084336,0.8112449799196787,0.06024096385542169,0.002008032128514056,0.0,0.0,0.0
explicit_probability__seed_000053__repr_direct__parallel_primitives,explicit_probability__seed_000053,explicit_probability,direct,0.642,0.9549999999999998,0.7004072315863993,0.29959176841360075,9.999999999732445e-07,0.9999985722612115,0.04499857226121162,"0.000,0.348,0.348,0.348,0.619,0.619,0.348,0.348,0.348,0.000",0.024,0.004,0.01,0.02,0.019,0.101,0.634,0.142,0.023,0.023
explicit_probability__seed_000053__repr_distractor__parallel_primitives,explicit_probability__seed_000053,explicit_probability,distractor,0.642,0.9490000000000001,0.6922371308288027,0.30776186917119736,9.999999999732445e-07,0.9999985554104066,0.05099855541040654,"0.000,0.348,0.348,0.348,0.619,0.619,0.348,0.348,0.348,0.000",0.03303303303303304,0.010010010010010012,0.010010010010010012,0.02902902902902903,0.018018018018018018,0.0900900900900901,0.5755755755755756,0.1791791791791792,0.031031031031031036,0.024024024024024027
explicit_probability__seed_000053__repr_prose__parallel_primitives,explicit_probability__seed_000053,explicit_probability,prose,0.627,0.924,0.7017030773596541,0.29829592264034593,9.999999999732445e-07,0.9999985748978347,0.07599857489783468,"0.000,0.348,0.348,0.348,0.619,0.619,0.348,0.348,0.348,0.000",0.02102102102102102,0.009009009009009009,0.01001001001001001,0.025025025025025027,0.02302302302302302,0.08808808808808809,0.5735735735735735,0.1991991991991992,0.031031031031031032,0.02002002002002002
explicit_probability__seed_000053__repr_ratio__parallel_primitives,explicit_probability__seed_000053,explicit_probability,ratio,0.586,0.943,0.7480737374882036,0.2519252625117964,9.999999999732445e-07,0.9999986632351692,0.05699866323516922,"0.000,0.348,0.348,0.348,0.619,0.619,0.348,0.348,0.348,0.000",0.0,0.0,0.0,0.0,0.0,0.067,0.738,0.18,0.01,0.005
explicit_probability__seed_000054__repr_direct__parallel_primitives,explicit_probability__seed_000054,explicit_probability,direct,0.662,0.961,0.7222598471018036,0.27773915289819645,9.999999999732445e-07,0.9999986154586616,0.03899861545866168,"0.000,0.348,0.348,0.348,0.619,0.619,0.348,0.348,0.348,0.000",0.028999999999999998,0.009,0.01,0.02,0.014000000000000002,0.045,0.509,0.294,0.037,0.033
explicit_probability__seed_000054__repr_distractor__parallel_primitives,explicit_probability__seed_000054,explicit_probability,distractor,0.662,0.9559999999999998,0.6990715166663112,0.30092748333368885,9.999999999732445e-07,0.999998569533237,0.04399856953323711,"0.000,0.348,0.348,0.348,0.619,0.619,0.348,0.348,0.348,0.000",0.037,0.01,0.011,0.036,0.02,0.064,0.47300000000000003,0.278,0.042,0.028999999999999998
explicit_probability__seed_000054__repr_prose__parallel_primitives,explicit_probability__seed_000054,explicit_probability,prose,0.659,0.945,0.7309865912616023,0.26901240873839777,9.999999999732445e-07,0.999998631987722,0.054998631987722035,"0.000,0.348,0.348,0.348,0.619,0.619,0.348,0.348,0.348,0.000",0.017,0.005,0.007000000000000001,0.020999999999999998,0.02,0.054000000000000006,0.466,0.33399999999999996,0.048,0.027999999999999997
explicit_probability__seed_000054__repr_ratio__parallel_primitives,explicit_probability__seed_000054,explicit_probability,ratio,0.652,0.959,0.7545463906928422,0.24545260930715776,1.000000000001e-06,0.9999986747021958,0.04099867470219587,"0.000,0.348,0.348,0.348,0.619,0.619,0.348,0.348,0.348,0.000",0.0,0.0,0.0,0.0,0.0,0.05105105105105106,0.7957957957957958,0.13713713713713716,0.010010010010010012,0.006006006006006006
explicit_probability__seed_000057__repr_direct__parallel_primitives,explicit_probability__seed_000057,explicit_probability,direct,0.768,0.9719999999999999,0.7683468967492415,0.2316521032507585,1.000000000001e-06,0.999998698506231,0.027998698506231157,"0.000,0.348,0.348,0.348,0.619,0.619,0.348,0.348,0.348,0.000",0.027000000000000003,0.01,0.01,0.01,0.01,0.02,0.124,0.588,0.16299999999999998,0.038
explicit_probability__seed_000057__repr_distractor__parallel_primitives,explicit_probability__seed_000057,explicit_probability,distractor,0.786,0.97,0.7540685465755657,0.24593045342443434,1.000000000001e-06,0.9999986738623717,0.02999867386237176,"0.000,0.348,0.348,0.348,0.619,0.619,0.348,0.348,0.348,0.000",0.031,0.01,0.01,0.018,0.015,0.027999999999999997,0.11299999999999999,0.587,0.155,0.033
explicit_probability__seed_000057__repr_prose__parallel_primitives,explicit_probability__seed_000057,explicit_probability,prose,0.746,0.952,0.7829592103948477,0.21703978960515227,1.000000000001e-06,0.9999987227958883,0.04799872279588835,"0.000,0.348,0.348,0.348,0.619,0.619,0.348,0.348,0.348,0.000",0.014000000000000002,0.009,0.009,0.011,0.015,0.02,0.118,0.5780000000000001,0.196,0.03
explicit_probability__seed_000057__repr_ratio__parallel_primitives,explicit_probability__seed_000057,explicit_probability,ratio,0.783,0.975,0.808008969193261,0.19199003080673896,1.000000000001e-06,0.9999987623915073,0.024998762391507334,"0.000,0.348,0.348,0.348,0.619,0.619,0.348,0.348,0.348,0.000",0.0,0.0,0.0,0.0,0.0,0.0,0.05705705705705707,0.7807807807807808,0.15115115115115116,0.011011011011011011
sequential_bayes__seed_000047__repr_direct__parallel_primitives,sequential_bayes__seed_000047,sequential_bayes,direct,0.475,0.664,0.44089140053419557,0.3321318147174321,0.2269767847483724,0.6601473318386308,0.0038526681613691993,"0.000,0.348,0.348,0.348,0.619,0.619,0.348,0.348,0.348,0.000",0.08108108108108109,0.18118118118118118,0.18518518518518517,0.08908908908908908,0.04004004004004004,0.042042042042042045,0.08108108108108109,0.21021021021021022,0.06106106106106106,0.029029029029029027
sequential_bayes__seed_000047__repr_prose__parallel_primitives,sequential_bayes__seed_000047,sequential_bayes,prose,0.758,0.9650000000000001,0.7768291277777065,0.22316987222229348,1.000000000001e-06,0.9999987127172798,0.03499871271727972,"0.000,0.348,0.348,0.348,0.619,0.619,0.348,0.348,0.348,0.000",0.011,0.009,0.01,0.01,0.011,0.019,0.133,0.616,0.13999999999999999,0.041
sequential_bayes__seed_000047__repr_table__parallel_primitives,sequential_bayes__seed_000047,sequential_bayes,table,0.46299999999999997,0.631,0.48593453562625605,0.34482593684956797,0.16923952752417593,0.7416876872225672,0.11068768722256717,"0.000,0.348,0.348,0.348,0.619,0.619,0.348,0.348,0.348,0.000",0.059,0.154,0.16,0.087,0.051000000000000004,0.05600000000000001,0.081,0.24,0.078,0.033999999999999996
sequential_bayes__seed_000049__repr_direct__parallel_primitives,sequential_bayes__seed_000049,sequential_bayes,direct,0.755,0.93,0.7398053110047493,0.2601936889952507,9.999999999732445e-07,0.9999986482948509,0.06999864829485081,"0.000,0.348,0.348,0.348,0.619,0.619,0.348,0.348,0.348,0.000",0.0,0.004,0.01,0.020999999999999998,0.03,0.034999999999999996,0.388,0.46699999999999997,0.034999999999999996,0.01
sequential_bayes__seed_000049__repr_prose__parallel_primitives,sequential_bayes__seed_000049,sequential_bayes,prose,0.791,0.977,0.8482224487438106,0.1517765512561894,1.000000000001e-06,0.9999988210653673,0.022998821065367325,"0.000,0.348,0.348,0.348,0.619,0.619,0.348,0.348,0.348,0.000",0.012000000000000002,0.009000000000000001,0.007000000000000002,0.010000000000000002,0.012000000000000002,0.010000000000000002,0.029,0.435,0.423,0.05300000000000001
sequential_bayes__seed_000049__repr_table__parallel_primitives,sequential_bayes__seed_000049,sequential_bayes,table,0.75,0.9469999999999998,0.7466849262128826,0.2533140737871174,9.999999999732445e-07,0.9999986607488304,0.05299866074883053,"0.000,0.348,0.348,0.348,0.619,0.619,0.348,0.348,0.348,0.000",0.0,0.003,0.01,0.022,0.031,0.028999999999999998,0.309,0.531,0.05500000000000001,0.01
sequential_bayes__seed_000052__repr_direct__parallel_primitives,sequential_bayes__seed_000052,sequential_bayes,direct,0.298,0.281,0.28604653942912184,0.354230311984345,0.35972314858653315,0.44295442281921943,0.1619544228192194,"0.000,0.348,0.348,0.348,0.619,0.619,0.348,0.348,0.348,0.000",0.06106106106106106,0.2812812812812813,0.2772772772772773,0.15415415415415415,0.06806806806806807,0.04804804804804805,0.05305305305305306,0.029029029029029027,0.01601601601601602,0.012012012012012012
sequential_bayes__seed_000052__repr_prose__parallel_primitives,sequential_bayes__seed_000052,sequential_bayes,prose,0.211,0.481,0.2583398991467006,0.3499361797929498,0.3917239210603497,0.3974069793092274,0.08359302069077257,"0.000,0.348,0.348,0.348,0.619,0.619,0.348,0.348,0.348,0.000",0.065,0.236,0.387,0.174,0.081,0.023,0.006,0.01,0.007000000000000001,0.011
sequential_bayes__seed_000052__repr_table__parallel_primitives,sequential_bayes__seed_000052,sequential_bayes,table,0.268,0.225,0.2748751300510152,0.34483154509786657,0.38029332485111816,0.4195487862615044,0.19454878626150438,"0.000,0.348,0.348,0.348,0.619,0.619,0.348,0.348,0.348,0.000",0.072,0.32799999999999996,0.24700000000000003,0.133,0.05500000000000001,0.043,0.052000000000000005,0.034999999999999996,0.020999999999999998,0.014000000000000002
sequential_bayes__seed_000056__repr_direct__parallel_primitives,sequential_bayes__seed_000056,sequential_bayes,direct,0.668,0.898,0.7045512517177381,0.2954477482822619,9.999999999732445e-07,0.9999985806588546,0.10199858065885459,"0.000,0.348,0.348,0.348,0.619,0.619,0.348,0.348,0.348,0.000",0.0,0.0,0.007000000000000001,0.02,0.037,0.10800000000000001,0.747,0.074,0.007000000000000001,0.0
sequential_bayes__seed_000056__repr_prose__parallel_primitives,sequential_bayes__seed_000056,sequential_bayes,prose,0.681,0.9629999999999999,0.7582881763165465,0.24171082368345345,1.000000000001e-06,0.9999986812418913,0.03699868124189143,"0.000,0.348,0.348,0.348,0.619,0.619,0.348,0.348,0.348,0.000",0.01,0.004,0.001,0.01,0.01,0.037,0.388,0.449,0.057999999999999996,0.033
sequential_bayes__seed_000056__repr_table__parallel_primitives,sequential_bayes__seed_000056,sequential_bayes,table,0.656,0.931,0.7133996353818544,0.28659936461814567,9.999999999732445e-07,0.9999985982630932,0.06899859826309318,"0.000,0.348,0.348,0.348,0.619,0.619,0.348,0.348,0.348,0.000",0.0,0.0,0.005,0.02,0.037,0.089,0.759,0.081,0.009,0.0
sequential_bayes__seed_000058__repr_direct__parallel_primitives,sequential_bayes__seed_000058,sequential_bayes,direct,0.094,0.066,0.06843936238743506,0.24798270662158609,0.6835779309909789,0.09100769754904622,0.02500769754904622,"0.000,0.348,0.348,0.348,0.619,0.619,0.348,0.348,0.348,0.000",0.28900000000000003,0.606,0.06,0.015,0.008,0.001,0.006,0.007000000000000001,0.002,0.006
sequential_bayes__seed_000058__repr_prose__parallel_primitives,sequential_bayes__seed_000058,sequential_bayes,prose,0.08499999999999999,0.122,0.0722509202802821,0.2873347944130304,0.6404142853066874,0.10138129336730332,0.020618706632696673,"0.000,0.348,0.348,0.348,0.619,0.619,0.348,0.348,0.348,0.000",0.179,0.711,0.067,0.011,0.01,0.008,0.0,0.001,0.003,0.01
sequential_bayes__seed_000058__repr_table__parallel_primitives,sequential_bayes__seed_000058,sequential_bayes,table,0.088,0.043,0.06072010782073568,0.2562498149224739,0.6830300772567904,0.08164046078779318,0.03864046078779318,"0.000,0.348,0.348,0.348,0.619,0.619,0.348,0.348,0.348,0.000",0.2682682682682683,0.6346346346346347,0.06006006006006006,0.019019019019019017,0.009009009009009009,0.0,0.001001001001001001,0.005005005005005005,0.0,0.003003003003003003
