instance_id,latent_instance_id,family,representation,p_star,p_noul,p_choice,implied_unknown,pred_noul_from_score_t,pred_choice_from_score_tf,pred_unknown_from_score_u,pred_false_from_score_f,abs_error_noul,abs_error_choice,abs_error_unknown,u_profile,t_profile,f_profile,truth_share_profile,train_joint_mse,q_0,q_1,q_2,q_3,q_4,q_5,q_6,q_7,q_8,q_9
bayes__seed_000048__repr_counts__parallel_primitives,bayes__seed_000048,bayes,counts,0.8313821568498233,0.916,0.9709999999999999,0.05664263645726042,0.8498186434442778,0.8519575104593152,0.0025105324957862543,0.14767082405993587,0.06618135655572221,0.11904248954068464,0.054132103961474165,"0.000,0.000,0.000,0.000,0.087,0.087,0.000,0.000,0.000,0.000","0.000,0.083,0.197,0.197,0.314,0.599,0.803,0.803,0.917,1.000","1.000,0.917,0.803,0.803,0.599,0.314,0.197,0.197,0.083,0.000","0.000,0.083,0.197,0.197,0.344,0.656,0.803,0.803,0.917,1.000",0.028445091307735083,0.01,0.01,0.01,0.01,0.01,0.019,0.034,0.24300000000000002,0.5549999999999999,0.099
bayes__seed_000048__repr_direct__parallel_primitives,bayes__seed_000048,bayes,direct,0.8313821568498233,0.46799999999999997,0.727,0.3562585969738652,0.5297257727121158,0.5366479641174414,0.012898942823177653,0.45737528446470654,0.06172577271211588,0.19035203588255856,0.34335965415068753,"0.000,0.000,0.000,0.000,0.087,0.087,0.000,0.000,0.000,0.000","0.000,0.083,0.197,0.197,0.314,0.599,0.803,0.803,0.917,1.000","1.000,0.917,0.803,0.803,0.599,0.314,0.197,0.197,0.083,0.000","0.000,0.083,0.197,0.197,0.344,0.656,0.803,0.803,0.917,1.000",0.028445091307735083,0.04,0.094,0.131,0.10500000000000001,0.081,0.068,0.11000000000000001,0.20299999999999999,0.122,0.046
bayes__seed_000048__repr_distractor__parallel_primitives,bayes__seed_000048,bayes,distractor,0.8313821568498233,0.378,0.643,0.41213063763608093,0.42046283920987687,0.4260693378147875,0.013158653081362437,0.5663785077087606,0.04246283920987687,0.2169306621852125,0.3989719845547185,"0.000,0.000,0.000,0.000,0.087,0.087,0.000,0.000,0.000,0.000","0.000,0.083,0.197,0.197,0.314,0.599,0.803,0.803,0.917,1.000","1.000,0.917,0.803,0.803,0.599,0.314,0.197,0.197,0.083,0.000","0.000,0.083,0.197,0.197,0.344,0.656,0.803,0.803,0.917,1.000",0.028445091307735083,0.061,0.156,0.158,0.145,0.074,0.078,0.084,0.14100000000000001,0.06999999999999999,0.033
bayes__seed_000048__repr_prose__parallel_primitives,bayes__seed_000048,bayes,prose,0.8313821568498233,0.75,0.951,0.21135646687697163,0.8069821669826244,0.8088728201031532,0.0023373923236630653,0.19068044069371262,0.05698216698262437,0.14212717989684676,0.20901907455330856,"0.000,0.000,0.000,0.000,0.087,0.087,0.000,0.000,0.000,0.000","0.000,0.083,0.197,0.197,0.314,0.599,0.803,0.803,0.917,1.000","1.000,0.917,0.803,0.803,0.599,0.314,0.197,0.197,0.083,0.000","0.000,0.083,0.197,0.197,0.344,0.656,0.803,0.803,0.917,1.000",0.028445091307735083,0.028999999999999998,0.02,0.013000000000000001,0.018,0.013000000000000001,0.014000000000000002,0.038,0.31,0.45599999999999996,0.089
bayes__seed_000048__repr_table__parallel_primitives,bayes__seed_000048,bayes,table,0.8313821568498233,0.271,0.326,0.16871165644171782,0.20802532742569105,0.20933009155666768,0.006233046196434839,0.7857416263778741,0.06297467257430897,0.11666990844333233,0.16247861024528298,"0.000,0.000,0.000,0.000,0.087,0.087,0.000,0.000,0.000,0.000","0.000,0.083,0.197,0.197,0.314,0.599,0.803,0.803,0.917,1.000","1.000,0.917,0.803,0.803,0.599,0.314,0.197,0.197,0.083,0.000","0.000,0.083,0.197,0.197,0.344,0.656,0.803,0.803,0.917,1.000",0.028445091307735083,0.036,0.28500000000000003,0.385,0.16799999999999998,0.047,0.025,0.014000000000000002,0.022,0.013000000000000001,0.005
bayes__seed_000054__repr_counts__parallel_primitives,bayes__seed_000054,bayes,counts,0.4137933255962194,0.737,0.7929999999999999,0.07061790668348034,0.6216383091475436,0.6286038501919943,0.011080971015884157,0.3672807198365723,0.1153616908524564,0.16439614980800565,0.05953693566759618,"0.000,0.000,0.000,0.000,0.087,0.087,0.000,0.000,0.000,0.000","0.000,0.083,0.197,0.197,0.314,0.599,0.803,0.803,0.917,1.000","1.000,0.917,0.803,0.803,0.599,0.314,0.197,0.197,0.083,0.000","0.000,0.083,0.197,0.197,0.344,0.656,0.803,0.803,0.917,1.000",0.028445091307735083,0.042,0.057999999999999996,0.077,0.079,0.057999999999999996,0.07,0.10900000000000001,0.274,0.177,0.05600000000000001
bayes__seed_000054__repr_direct__parallel_primitives,bayes__seed_000054,bayes,direct,0.4137933255962194,0.43099999999999994,0.717,0.39888423988842403,0.4646306408703449,0.47061965370712944,0.012725802651054462,0.5226435564786006,0.03363064087034495,0.24638034629287053,0.3861584372373696,"0.000,0.000,0.000,0.000,0.087,0.087,0.000,0.000,0.000,0.000","0.000,0.083,0.197,0.197,0.314,0.599,0.803,0.803,0.917,1.000","1.000,0.917,0.803,0.803,0.599,0.314,0.197,0.197,0.083,0.000","0.000,0.083,0.197,0.197,0.344,0.656,0.803,0.803,0.917,1.000",0.028445091307735083,0.05,0.159,0.146,0.10400000000000001,0.07100000000000001,0.076,0.11000000000000001,0.157,0.08499999999999999,0.042
bayes__seed_000054__repr_distractor__parallel_primitives,bayes__seed_000054,bayes,distractor,0.4137933255962194,0.44800000000000006,0.706,0.36543909348441916,0.4974641328552995,0.5033908206418182,0.011773531704376918,0.49076233544032366,0.049464132855299436,0.2026091793581818,0.35366556178004227,"0.000,0.000,0.000,0.000,0.087,0.087,0.000,0.000,0.000,0.000","0.000,0.083,0.197,0.197,0.314,0.599,0.803,0.803,0.917,1.000","1.000,0.917,0.803,0.803,0.599,0.314,0.197,0.197,0.083,0.000","0.000,0.083,0.197,0.197,0.344,0.656,0.803,0.803,0.917,1.000",0.028445091307735083,0.069,0.139,0.10600000000000001,0.098,0.068,0.068,0.10900000000000001,0.196,0.1,0.047
bayes__seed_000054__repr_prose__parallel_primitives,bayes__seed_000054,bayes,prose,0.4137933255962194,0.44800000000000006,0.818,0.452322738386308,0.4492222326014226,0.4664653223036612,0.03696542674830106,0.5138123406502764,0.0012222326014225127,0.3515346776963387,0.41535731163800693,"0.000,0.000,0.000,0.000,0.087,0.087,0.000,0.000,0.000,0.000","0.000,0.083,0.197,0.197,0.314,0.599,0.803,0.803,0.917,1.000","1.000,0.917,0.803,0.803,0.599,0.314,0.197,0.197,0.083,0.000","0.000,0.083,0.197,0.197,0.344,0.656,0.803,0.803,0.917,1.000",0.028445091307735083,0.036,0.037,0.079,0.21600000000000003,0.154,0.273,0.10400000000000001,0.033,0.023,0.045
bayes__seed_000054__repr_table__parallel_primitives,bayes__seed_000054,bayes,table,0.4137933255962194,0.277,0.343,0.19241982507288624,0.29497290336489107,0.2982259010467371,0.010907830843760968,0.694119265791348,0.017972903364891046,0.04477409895326295,0.18151199422912528,"0.000,0.000,0.000,0.000,0.087,0.087,0.000,0.000,0.000,0.000","0.000,0.083,0.197,0.197,0.314,0.599,0.803,0.803,0.917,1.000","1.000,0.917,0.803,0.803,0.599,0.314,0.197,0.197,0.083,0.000","0.000,0.083,0.197,0.197,0.344,0.656,0.803,0.803,0.917,1.000",0.028445091307735083,0.08499999999999999,0.263,0.223,0.128,0.073,0.053000000000000005,0.052000000000000005,0.062,0.038,0.023
bayes__seed_000060__repr_counts__parallel_primitives,bayes__seed_000060,bayes,counts,0.8130236350735895,0.787,0.969,0.18782249742002055,0.8062765318386508,0.8087293967753659,0.0030329859981539785,0.19069048216319534,0.019276531838650746,0.16027060322463405,0.18478951142186656,"0.000,0.000,0.000,0.000,0.087,0.087,0.000,0.000,0.000,0.000","0.000,0.083,0.197,0.197,0.314,0.599,0.803,0.803,0.917,1.000","1.000,0.917,0.803,0.803,0.599,0.314,0.197,0.197,0.083,0.000","0.000,0.083,0.197,0.197,0.344,0.656,0.803,0.803,0.917,1.000",0.028445091307735083,0.01001001001001001,0.01001001001001001,0.01001001001001001,0.018018018018018018,0.011011011011011011,0.024024024024024024,0.08708708708708708,0.4754754754754755,0.29129129129129133,0.06306306306306306
bayes__seed_000060__repr_direct__parallel_primitives,bayes__seed_000060,bayes,direct,0.8130236350735895,0.829,0.975,0.1497435897435898,0.8237638576379559,0.8257654821258772,0.00242396240972466,0.17381217995231948,0.005236142362044061,0.14923451787412279,0.14731962733386514,"0.000,0.000,0.000,0.000,0.087,0.087,0.000,0.000,0.000,0.000","0.000,0.083,0.197,0.197,0.314,0.599,0.803,0.803,0.917,1.000","1.000,0.917,0.803,0.803,0.599,0.314,0.197,0.197,0.083,0.000","0.000,0.083,0.197,0.197,0.344,0.656,0.803,0.803,0.917,1.000",0.028445091307735083,0.010000000000000002,0.010000000000000002,0.010000000000000002,0.010000000000000002,0.010000000000000002,0.018000000000000002,0.059000000000000004,0.41300000000000003,0.411,0.04900000000000001
bayes__seed_000060__repr_distractor__parallel_primitives,bayes__seed_000060,bayes,distractor,0.8130236350735895,0.873,0.9800000000000001,0.10918367346938784,0.8099883282013753,0.8118155807633889,0.0022508222376014697,0.18776084956102318,0.06301167179862466,0.1681844192366112,0.10693285123178638,"0.000,0.000,0.000,0.000,0.087,0.087,0.000,0.000,0.000,0.000","0.000,0.083,0.197,0.197,0.314,0.599,0.803,0.803,0.917,1.000","1.000,0.917,0.803,0.803,0.599,0.314,0.197,0.197,0.083,0.000","0.000,0.083,0.197,0.197,0.344,0.656,0.803,0.803,0.917,1.000",0.028445091307735083,0.012,0.01,0.009,0.01,0.01,0.016,0.075,0.51,0.304,0.044
bayes__seed_000060__repr_prose__parallel_primitives,bayes__seed_000060,bayes,prose,0.8130236350735895,0.8030000000000002,0.982,0.1822810590631363,0.8277400358349342,0.829535359521557,0.0021642521515398746,0.17009571201352602,0.024740035834934004,0.152464640478443,0.18011680691159643,"0.000,0.000,0.000,0.000,0.087,0.087,0.000,0.000,0.000,0.000","0.000,0.083,0.197,0.197,0.314,0.599,0.803,0.803,0.917,1.000","1.000,0.917,0.803,0.803,0.599,0.314,0.197,0.197,0.083,0.000","0.000,0.083,0.197,0.197,0.344,0.656,0.803,0.803,0.917,1.000",0.028445091307735083,0.018,0.01,0.01,0.01,0.012,0.013000000000000001,0.034999999999999996,0.376,0.41900000000000004,0.097
bayes__seed_000060__repr_table__parallel_primitives,bayes__seed_000060,bayes,table,0.8130236350735895,0.852,0.9800000000000001,0.1306122448979593,0.8329763959329094,0.8344211140860701,0.0017314017212319,0.16529220234585879,0.019023604067090583,0.14557888591392998,0.1288808431767274,"0.000,0.000,0.000,0.000,0.087,0.087,0.000,0.000,0.000,0.000","0.000,0.083,0.197,0.197,0.314,0.599,0.803,0.803,0.917,1.000","1.000,0.917,0.803,0.803,0.599,0.314,0.197,0.197,0.083,0.000","0.000,0.083,0.197,0.197,0.344,0.656,0.803,0.803,0.917,1.000",0.028445091307735083,0.01,0.002,0.005,0.01,0.01,0.01,0.06,0.45599999999999996,0.371,0.066
compound__seed_000054__repr_direct__parallel_primitives,compound__seed_000054,compound,direct,0.891616122019,0.844,0.9549999999999998,0.11623036649214646,0.7116084810082733,0.7152654528971999,0.005112747825459563,0.28327877116626715,0.13239151899172663,0.23973454710279996,0.1111176186666869,"0.000,0.000,0.000,0.000,0.087,0.087,0.000,0.000,0.000,0.000","0.000,0.083,0.197,0.197,0.314,0.599,0.803,0.803,0.917,1.000","1.000,0.917,0.803,0.803,0.599,0.314,0.197,0.197,0.083,0.000","0.000,0.083,0.197,0.197,0.344,0.656,0.803,0.803,0.917,1.000",0.028445091307735083,0.08208208208208209,0.02002002002002002,0.02102102102102102,0.03503503503503503,0.031031031031031032,0.028028028028028024,0.13513513513513514,0.36436436436436437,0.14614614614614613,0.13713713713713716
compound__seed_000054__repr_prose__parallel_primitives,compound__seed_000054,compound,prose,0.891616122019,0.837,0.944,0.11334745762711862,0.8098576275758119,0.8128129697028564,0.0036359436145869894,0.1865064288096012,0.027142372424188044,0.13118703029714351,0.10971151401253162,"0.000,0.000,0.000,0.000,0.087,0.087,0.000,0.000,0.000,0.000","0.000,0.083,0.197,0.197,0.314,0.599,0.803,0.803,0.917,1.000","1.000,0.917,0.803,0.803,0.599,0.314,0.197,0.197,0.083,0.000","0.000,0.083,0.197,0.197,0.344,0.656,0.803,0.803,0.917,1.000",0.028445091307735083,0.05700000000000001,0.018,0.018,0.02,0.022,0.02,0.03,0.14500000000000002,0.34500000000000003,0.325
compound__seed_000054__repr_table__parallel_primitives,compound__seed_000054,compound,table,0.891616122019,0.861,0.967,0.10961737331954502,0.7415855971405451,0.7447447554014271,0.004241934217018154,0.2541724686424368,0.11941440285945493,0.22225524459857282,0.10537543910252686,"0.000,0.000,0.000,0.000,0.087,0.087,0.000,0.000,0.000,0.000","0.000,0.083,0.197,0.197,0.314,0.599,0.803,0.803,0.917,1.000","1.000,0.917,0.803,0.803,0.599,0.314,0.197,0.197,0.083,0.000","0.000,0.083,0.197,0.197,0.344,0.656,0.803,0.803,0.917,1.000",0.028445091307735083,0.10500000000000001,0.015,0.02,0.028999999999999998,0.027999999999999997,0.020999999999999998,0.082,0.196,0.217,0.28700000000000003
compound__seed_000057__repr_direct__parallel_primitives,compound__seed_000057,compound,direct,0.773038,0.712,0.7,0.0,0.6883293386476628,0.6909612680108878,0.003809083786710179,0.3078615775656271,0.023670661352337197,0.009038731989112203,0.003809083786710179,"0.000,0.000,0.000,0.000,0.087,0.087,0.000,0.000,0.000,0.000","0.000,0.083,0.197,0.197,0.314,0.599,0.803,0.803,0.917,1.000","1.000,0.917,0.803,0.803,0.599,0.314,0.197,0.197,0.083,0.000","0.000,0.083,0.197,0.197,0.344,0.656,0.803,0.803,0.917,1.000",0.028445091307735083,0.17099999999999999,0.028999999999999998,0.031,0.04,0.022,0.022,0.047,0.081,0.096,0.461
compound__seed_000057__repr_prose__parallel_primitives,compound__seed_000057,compound,prose,0.773038,0.679,0.71,0.043661971830985746,0.5647415755908799,0.5683332234838924,0.0063196162824964335,0.42893880812662377,0.11425842440912015,0.1416667765161076,0.03734235554848931,"0.000,0.000,0.000,0.000,0.087,0.087,0.000,0.000,0.000,0.000","0.000,0.083,0.197,0.197,0.314,0.599,0.803,0.803,0.917,1.000","1.000,0.917,0.803,0.803,0.599,0.314,0.197,0.197,0.083,0.000","0.000,0.083,0.197,0.197,0.344,0.656,0.803,0.803,0.917,1.000",0.028445091307735083,0.174,0.06999999999999999,0.08,0.053000000000000005,0.043,0.03,0.05500000000000001,0.14500000000000002,0.11300000000000002,0.23700000000000002
compound__seed_000057__repr_table__parallel_primitives,compound__seed_000057,compound,table,0.773038,0.736,0.779,0.0551989730423621,0.6666780470057101,0.6692271894426417,0.003809083786710179,0.3295128692075798,0.06932195299428989,0.10977281055735832,0.05138988925565192,"0.000,0.000,0.000,0.000,0.087,0.087,0.000,0.000,0.000,0.000","0.000,0.083,0.197,0.197,0.314,0.599,0.803,0.803,0.917,1.000","1.000,0.917,0.803,0.803,0.599,0.314,0.197,0.197,0.083,0.000","0.000,0.083,0.197,0.197,0.344,0.656,0.803,0.803,0.917,1.000",0.028445091307735083,0.179,0.03,0.039,0.042,0.02,0.024,0.046,0.10500000000000001,0.10500000000000001,0.41
compound__seed_000061__repr_direct__parallel_primitives,compound__seed_000061,compound,direct,0.04782608695652174,0.49000000000000005,0.371,0.0,0.3519552207829958,0.3532395799782371,0.0036359436145869894,0.6444088356024172,0.13804477921700425,0.017760420021762924,0.0036359436145869894,"0.000,0.000,0.000,0.000,0.087,0.087,0.000,0.000,0.000,0.000","0.000,0.083,0.197,0.197,0.314,0.599,0.803,0.803,0.917,1.000","1.000,0.917,0.803,0.803,0.599,0.314,0.197,0.197,0.083,0.000","0.000,0.083,0.197,0.197,0.344,0.656,0.803,0.803,0.917,1.000",0.028445091307735083,0.511,0.015,0.033,0.064,0.017,0.025,0.082,0.03,0.02,0.203
compound__seed_000061__repr_prose__parallel_primitives,compound__seed_000061,compound,prose,0.04782608695652174,0.457,0.512,0.107421875,0.578019156605065,0.582969947733764,0.00849236079483114,0.41348848260010385,0.12101915660506496,0.07096994773376397,0.09892951420516886,"0.000,0.000,0.000,0.000,0.087,0.087,0.000,0.000,0.000,0.000","0.000,0.083,0.197,0.197,0.314,0.599,0.803,0.803,0.917,1.000","1.000,0.917,0.803,0.803,0.599,0.314,0.197,0.197,0.083,0.000","0.000,0.083,0.197,0.197,0.344,0.656,0.803,0.803,0.917,1.000",0.028445091307735083,0.2042042042042042,0.07707707707707707,0.05905905905905905,0.04004004004004004,0.029029029029029027,0.06906906906906908,0.038038038038038034,0.03903903903903904,0.05705705705705707,0.38738738738738737
compound__seed_000061__repr_table__parallel_primitives,compound__seed_000061,compound,table,0.04782608695652174,0.516,0.52,0.007692307692307665,0.47637681092685663,0.47819830835002497,0.003809083786710179,0.5198141052864331,0.03962318907314338,0.04180169164997505,0.0038832239055974858,"0.000,0.000,0.000,0.000,0.087,0.087,0.000,0.000,0.000,0.000","0.000,0.083,0.197,0.197,0.314,0.599,0.803,0.803,0.917,1.000","1.000,0.917,0.803,0.803,0.599,0.314,0.197,0.197,0.083,0.000","0.000,0.083,0.197,0.197,0.344,0.656,0.803,0.803,0.917,1.000",0.028445091307735083,0.40099999999999997,0.011,0.034999999999999996,0.052000000000000005,0.019,0.025,0.054000000000000006,0.033,0.03,0.33999999999999997
conditional__seed_000042__repr_direct__parallel_primitives,conditional__seed_000042,conditional,direct,0.48366013071895425,0.521,0.767,0.3207301173402868,0.5471268383400578,0.5566686268245928,0.017140877040195807,0.43573228461974634,0.0261268383400578,0.21033137317540718,0.303589240300091,"0.000,0.000,0.000,0.000,0.087,0.087,0.000,0.000,0.000,0.000","0.000,0.083,0.197,0.197,0.314,0.599,0.803,0.803,0.917,1.000","1.000,0.917,0.803,0.803,0.599,0.314,0.197,0.197,0.083,0.000","0.000,0.083,0.197,0.197,0.344,0.656,0.803,0.803,0.917,1.000",0.028445091307735083,0.06999999999999999,0.026000000000000002,0.061,0.14100000000000001,0.096,0.10200000000000001,0.359,0.086,0.03,0.028999999999999998
conditional__seed_000042__repr_distractor__parallel_primitives,conditional__seed_000042,conditional,distractor,0.48366013071895425,0.511,0.774,0.3397932816537468,0.49788451185595484,0.5069694076020224,0.01792000781475016,0.48419548032929505,0.013115488144045173,0.26703059239797766,0.3218732738389966,"0.000,0.000,0.000,0.000,0.087,0.087,0.000,0.000,0.000,0.000","0.000,0.083,0.197,0.197,0.314,0.599,0.803,0.803,0.917,1.000","1.000,0.917,0.803,0.803,0.599,0.314,0.197,0.197,0.083,0.000","0.000,0.083,0.197,0.197,0.344,0.656,0.803,0.803,0.917,1.000",0.028445091307735083,0.127,0.026000000000000002,0.065,0.144,0.084,0.123,0.323,0.05600000000000001,0.023,0.028999999999999998
conditional__seed_000042__repr_nested__parallel_primitives,conditional__seed_000042,conditional,nested,0.48366013071895425,0.542,0.6859999999999999,0.20991253644314856,0.4854230911536913,0.49670020571173185,0.02270406661475264,0.4918728422315561,0.05657690884630873,0.1892997942882681,0.18720846982839592,"0.000,0.000,0.000,0.000,0.087,0.087,0.000,0.000,0.000,0.000","0.000,0.083,0.197,0.197,0.314,0.599,0.803,0.803,0.917,1.000","1.000,0.917,0.803,0.803,0.599,0.314,0.197,0.197,0.083,0.000","0.000,0.083,0.197,0.197,0.344,0.656,0.803,0.803,0.917,1.000",0.028445091307735083,0.08308308308308308,0.03503503503503503,0.07207207207207209,0.16916916916916916,0.1131131131131131,0.14914914914914915,0.2862862862862863,0.05205205205205206,0.02002002002002002,0.02002002002002002
conditional__seed_000042__repr_prose__parallel_primitives,conditional__seed_000042,conditional,prose,0.48366013071895425,0.52,0.736,0.2934782608695652,0.5132717894701451,0.5307310540184826,0.03289663270340609,0.4538315778264489,0.00672821052985495,0.20526894598151735,0.2605816281661591,"0.000,0.000,0.000,0.000,0.087,0.087,0.000,0.000,0.000,0.000","0.000,0.083,0.197,0.197,0.314,0.599,0.803,0.803,0.917,1.000","1.000,0.917,0.803,0.803,0.599,0.314,0.197,0.197,0.083,0.000","0.000,0.083,0.197,0.197,0.344,0.656,0.803,0.803,0.917,1.000",0.028445091307735083,0.05600000000000001,0.02,0.05700000000000001,0.11200000000000002,0.22800000000000004,0.152,0.203,0.081,0.042,0.049
conditional__seed_000042__repr_table__parallel_primitives,conditional__seed_000042,conditional,table,0.48366013071895425,0.506,0.636,0.2044025157232704,0.5140687299628498,0.5252196161551301,0.02123090198707785,0.46470036805007225,0.008068729962849797,0.11078038384486988,0.18317161373619253,"0.000,0.000,0.000,0.000,0.087,0.087,0.000,0.000,0.000,0.000","0.000,0.083,0.197,0.197,0.314,0.599,0.803,0.803,0.917,1.000","1.000,0.917,0.803,0.803,0.599,0.314,0.197,0.197,0.083,0.000","0.000,0.083,0.197,0.197,0.344,0.656,0.803,0.803,0.917,1.000",0.028445091307735083,0.07207207207207209,0.029029029029029027,0.058058058058058054,0.16816816816816815,0.11411411411411414,0.13113113113113115,0.31931931931931934,0.05105105105105105,0.022022022022022022,0.03503503503503503
conditional__seed_000043__repr_direct__parallel_primitives,conditional__seed_000043,conditional,direct,0.5752212389380531,0.61,0.921,0.3376764386536374,0.5766433890020332,0.584434954992098,0.01333179325348563,0.4100248177444812,0.03335661099796683,0.3365650450079021,0.32434464540015173,"0.000,0.000,0.000,0.000,0.087,0.087,0.000,0.000,0.000,0.000","0.000,0.083,0.197,0.197,0.314,0.599,0.803,0.803,0.917,1.000","1.000,0.917,0.803,0.803,0.599,0.314,0.197,0.197,0.083,0.000","0.000,0.083,0.197,0.197,0.344,0.656,0.803,0.803,0.917,1.000",0.028445091307735083,0.092,0.020999999999999998,0.062,0.10400000000000001,0.05700000000000001,0.097,0.40199999999999997,0.095,0.036,0.033999999999999996
conditional__seed_000043__repr_distractor__parallel_primitives,conditional__seed_000043,conditional,distractor,0.5752212389380531,0.595,0.9030000000000001,0.3410852713178296,0.6021454791525742,0.6079346643358259,0.009522709466775449,0.3883318113806504,0.007145479152574241,0.29506533566417426,0.33156256185105415,"0.000,0.000,0.000,0.000,0.087,0.087,0.000,0.000,0.000,0.000","0.000,0.083,0.197,0.197,0.314,0.599,0.803,0.803,0.917,1.000","1.000,0.917,0.803,0.803,0.599,0.314,0.197,0.197,0.083,0.000","0.000,0.083,0.197,0.197,0.344,0.656,0.803,0.803,0.917,1.000",0.028445091307735083,0.10400000000000001,0.025,0.053000000000000005,0.08,0.039,0.07100000000000001,0.38,0.151,0.053000000000000005,0.044
conditional__seed_000043__repr_nested__parallel_primitives,conditional__seed_000043,conditional,nested,0.5752212389380531,0.652,0.9339999999999999,0.30192719486081365,0.5933914578259556,0.6001455627177706,0.011254111188007348,0.39535443098603706,0.05860854217404443,0.3338544372822293,0.2906730836728063,"0.000,0.000,0.000,0.000,0.087,0.087,0.000,0.000,0.000,0.000","0.000,0.083,0.197,0.197,0.314,0.599,0.803,0.803,0.917,1.000","1.000,0.917,0.803,0.803,0.599,0.314,0.197,0.197,0.083,0.000","0.000,0.083,0.197,0.197,0.344,0.656,0.803,0.803,0.917,1.000",0.028445091307735083,0.094,0.025,0.057999999999999996,0.09,0.052000000000000005,0.078,0.34500000000000003,0.158,0.059,0.041
conditional__seed_000043__repr_prose__parallel_primitives,conditional__seed_000043,conditional,prose,0.5752212389380531,0.642,0.8949999999999999,0.2826815642458099,0.7240144766729629,0.730081989698262,0.00831072826191312,0.267674795065124,0.08201447667296291,0.16491801030173792,0.2743708359838968,"0.000,0.000,0.000,0.000,0.087,0.087,0.000,0.000,0.000,0.000","0.000,0.083,0.197,0.197,0.314,0.599,0.803,0.803,0.917,1.000","1.000,0.917,0.803,0.803,0.599,0.314,0.197,0.197,0.083,0.000","0.000,0.083,0.197,0.197,0.344,0.656,0.803,0.803,0.917,1.000",0.028445091307735083,0.04,0.01,0.02,0.033,0.024,0.07200000000000001,0.46299999999999997,0.213,0.071,0.054000000000000006
conditional__seed_000043__repr_table__parallel_primitives,conditional__seed_000043,conditional,table,0.5752212389380531,0.616,0.931,0.33834586466165417,0.6606903717655477,0.666052774645653,0.008051018003728334,0.33125861023072406,0.04469037176554769,0.264947225354347,0.33029484665792586,"0.000,0.000,0.000,0.000,0.087,0.087,0.000,0.000,0.000,0.000","0.000,0.083,0.197,0.197,0.314,0.599,0.803,0.803,0.917,1.000","1.000,0.917,0.803,0.803,0.599,0.314,0.197,0.197,0.083,0.000","0.000,0.083,0.197,0.197,0.344,0.656,0.803,0.803,0.917,1.000",0.028445091307735083,0.08,0.012,0.034999999999999996,0.05800000000000001,0.032,0.061,0.449,0.178,0.046,0.049
conditional__seed_000047__repr_direct__parallel_primitives,conditional__seed_000047,conditional,direct,0.2647058823529412,0.328,0.545,0.39816513761467887,0.33514759691197943,0.3412028792493,0.017746867642626972,0.6471055354453936,0.007147596911979415,0.20379712075070006,0.3804182699720519,"0.000,0.000,0.000,0.000,0.087,0.087,0.000,0.000,0.000,0.000","0.000,0.083,0.197,0.197,0.314,0.599,0.803,0.803,0.917,1.000","1.000,0.917,0.803,0.803,0.599,0.314,0.197,0.197,0.083,0.000","0.000,0.083,0.197,0.197,0.344,0.656,0.803,0.803,0.917,1.000",0.028445091307735083,0.12,0.11499999999999999,0.205,0.176,0.081,0.124,0.1,0.033999999999999996,0.020999999999999998,0.024
conditional__seed_000047__repr_distractor__parallel_primitives,conditional__seed_000047,conditional,distractor,0.2647058823529412,0.321,0.644,0.5015527950310559,0.31103179983181906,0.31667928005260304,0.01783343772868857,0.6711347624394924,0.009968200168180952,0.327320719947397,0.4837193573023673,"0.000,0.000,0.000,0.000,0.087,0.087,0.000,0.000,0.000,0.000","0.000,0.083,0.197,0.197,0.314,0.599,0.803,0.803,0.917,1.000","1.000,0.917,0.803,0.803,0.599,0.314,0.197,0.197,0.083,0.000","0.000,0.083,0.197,0.197,0.344,0.656,0.803,0.803,0.917,1.000",0.028445091307735083,0.167,0.11600000000000002,0.202,0.154,0.083,0.123,0.078,0.033,0.019,0.025
conditional__seed_000047__repr_nested__parallel_primitives,conditional__seed_000047,conditional,nested,0.2647058823529412,0.325,0.6950000000000001,0.5323741007194245,0.3621970500756826,0.3690012216565135,0.01843942833111973,0.6193635215931976,0.03719705007568258,0.32599877834348656,0.5139346723883047,"0.000,0.000,0.000,0.000,0.087,0.087,0.000,0.000,0.000,0.000","0.000,0.083,0.197,0.197,0.314,0.599,0.803,0.803,0.917,1.000","1.000,0.917,0.803,0.803,0.599,0.314,0.197,0.197,0.083,0.000","0.000,0.083,0.197,0.197,0.344,0.656,0.803,0.803,0.917,1.000",0.028445091307735083,0.10900000000000001,0.089,0.172,0.202,0.093,0.12,0.122,0.044,0.027000000000000003,0.022
conditional__seed_000047__repr_prose__parallel_primitives,conditional__seed_000047,conditional,prose,0.2647058823529412,0.369,0.562,0.3434163701067616,0.34279304792179927,0.3534519377155966,0.030156546495930983,0.6270504055822698,0.02620695207820073,0.20854806228440348,0.31325982361083066,"0.000,0.000,0.000,0.000,0.087,0.087,0.000,0.000,0.000,0.000","0.000,0.083,0.197,0.197,0.314,0.599,0.803,0.803,0.917,1.000","1.000,0.917,0.803,0.803,0.599,0.314,0.197,0.197,0.083,0.000","0.000,0.083,0.197,0.197,0.344,0.656,0.803,0.803,0.917,1.000",0.028445091307735083,0.11011011011011013,0.06606606606606608,0.16216216216216217,0.2112112112112112,0.11911911911911911,0.22922922922922923,0.05105105105105105,0.011011011011011011,0.01001001001001001,0.03003003003003003
conditional__seed_000047__repr_table__parallel_primitives,conditional__seed_000047,conditional,table,0.2647058823529412,0.28500000000000003,0.414,0.31159420289855067,0.32865006020431514,0.3362772872736737,0.022681362548137886,0.648668577247547,0.04365006020431511,0.0777227127263263,0.28891284035041276,"0.000,0.000,0.000,0.000,0.087,0.087,0.000,0.000,0.000,0.000","0.000,0.083,0.197,0.197,0.314,0.599,0.803,0.803,0.917,1.000","1.000,0.917,0.803,0.803,0.599,0.314,0.197,0.197,0.083,0.000","0.000,0.083,0.197,0.197,0.344,0.656,0.803,0.803,0.917,1.000",0.028445091307735083,0.124,0.08399999999999999,0.157,0.22999999999999998,0.119,0.14300000000000002,0.071,0.025,0.02,0.027000000000000003
conditional__seed_000049__repr_direct__parallel_primitives,conditional__seed_000049,conditional,direct,0.49230769230769234,0.497,0.74,0.32837837837837835,0.39696992804013753,0.40860771242935245,0.02848155831426475,0.5745485136455978,0.10003007195986247,0.33139228757064754,0.2998968200641136,"0.000,0.000,0.000,0.000,0.087,0.087,0.000,0.000,0.000,0.000","0.000,0.083,0.197,0.197,0.314,0.599,0.803,0.803,0.917,1.000","1.000,0.917,0.803,0.803,0.599,0.314,0.197,0.197,0.083,0.000","0.000,0.083,0.197,0.197,0.344,0.656,0.803,0.803,0.917,1.000",0.028445091307735083,0.126,0.037,0.078,0.185,0.203,0.126,0.178,0.028999999999999998,0.017,0.020999999999999998
conditional__seed_000049__repr_distractor__parallel_primitives,conditional__seed_000049,conditional,distractor,0.49230769230769234,0.489,0.778,0.3714652956298201,0.4444659048892561,0.4542578653716007,0.02155595142933715,0.5339781436814067,0.04453409511074391,0.32374213462839935,0.349909344200483,"0.000,0.000,0.000,0.000,0.087,0.087,0.000,0.000,0.000,0.000","0.000,0.083,0.197,0.197,0.314,0.599,0.803,0.803,0.917,1.000","1.000,0.917,0.803,0.803,0.599,0.314,0.197,0.197,0.083,0.000","0.000,0.083,0.197,0.197,0.344,0.656,0.803,0.803,0.917,1.000",0.028445091307735083,0.11399999999999999,0.041,0.084,0.177,0.127,0.122,0.24300000000000002,0.044,0.022,0.026000000000000002
conditional__seed_000049__repr_nested__parallel_primitives,conditional__seed_000049,conditional,nested,0.49230769230769234,0.533,0.787,0.32274459974587033,0.40875326876870177,0.4190189542296368,0.024499334355431383,0.566747396875867,0.12424673123129826,0.3679810457703632,0.29824526539043894,"0.000,0.000,0.000,0.000,0.087,0.087,0.000,0.000,0.000,0.000","0.000,0.083,0.197,0.197,0.314,0.599,0.803,0.803,0.917,1.000","1.000,0.917,0.803,0.803,0.599,0.314,0.197,0.197,0.083,0.000","0.000,0.083,0.197,0.197,0.344,0.656,0.803,0.803,0.917,1.000",0.028445091307735083,0.10200000000000001,0.05,0.08,0.22000000000000003,0.154,0.129,0.183,0.037,0.022,0.023
conditional__seed_000049__repr_prose__parallel_primitives,conditional__seed_000049,conditional,prose,0.49230769230769234,0.54,0.768,0.296875,0.5679951760271577,0.5843864611677922,0.02804870788395678,0.40395611608888565,0.02799517602715762,0.18361353883220777,0.2688262921160432,"0.000,0.000,0.000,0.000,0.087,0.087,0.000,0.000,0.000,0.000","0.000,0.083,0.197,0.197,0.314,0.599,0.803,0.803,0.917,1.000","1.000,0.917,0.803,0.803,0.599,0.314,0.197,0.197,0.083,0.000","0.000,0.083,0.197,0.197,0.344,0.656,0.803,0.803,0.917,1.000",0.028445091307735083,0.052000000000000005,0.012,0.041,0.094,0.182,0.14200000000000002,0.29,0.09,0.049,0.048
conditional__seed_000049__repr_table__parallel_primitives,conditional__seed_000049,conditional,table,0.49230769230769234,0.49399999999999994,0.6839999999999999,0.2777777777777778,0.4430099702390608,0.4559162377346452,0.028308418142141564,0.5286816116187976,0.05099002976093914,0.22808376226535476,0.2494693596356362,"0.000,0.000,0.000,0.000,0.087,0.087,0.000,0.000,0.000,0.000","0.000,0.083,0.197,0.197,0.314,0.599,0.803,0.803,0.917,1.000","1.000,0.917,0.803,0.803,0.599,0.314,0.197,0.197,0.083,0.000","0.000,0.083,0.197,0.197,0.344,0.656,0.803,0.803,0.917,1.000",0.028445091307735083,0.072,0.031,0.059,0.221,0.189,0.138,0.189,0.038,0.025,0.038
conditional__seed_000053__repr_direct__parallel_primitives,conditional__seed_000053,conditional,direct,0.967741935483871,0.8469999999999999,0.931,0.09022556390977465,0.5827077103438661,0.5882071942662717,0.009349569294652258,0.4079427203614816,0.2642922896561337,0.3427928057337284,0.08087599461512239,"0.000,0.000,0.000,0.000,0.087,0.087,0.000,0.000,0.000,0.000","0.000,0.083,0.197,0.197,0.314,0.599,0.803,0.803,0.917,1.000","1.000,0.917,0.803,0.803,0.599,0.314,0.197,0.197,0.083,0.000","0.000,0.083,0.197,0.197,0.344,0.656,0.803,0.803,0.917,1.000",0.028445091307735083,0.097,0.037,0.08399999999999999,0.08399999999999999,0.048,0.06,0.24,0.205,0.083,0.062
conditional__seed_000053__repr_distractor__parallel_primitives,conditional__seed_000053,conditional,distractor,0.967741935483871,0.829,0.9359999999999999,0.11431623931623935,0.6160224212613976,0.6204266732824774,0.0070987470570507884,0.3768788316815516,0.21297757873860235,0.3155733267175226,0.10721749225918857,"0.000,0.000,0.000,0.000,0.087,0.087,0.000,0.000,0.000,0.000","0.000,0.083,0.197,0.197,0.314,0.599,0.803,0.803,0.917,1.000","1.000,0.917,0.803,0.803,0.599,0.314,0.197,0.197,0.083,0.000","0.000,0.083,0.197,0.197,0.344,0.656,0.803,0.803,0.917,1.000",0.028445091307735083,0.101,0.037,0.065,0.065,0.039,0.043,0.199,0.264,0.11499999999999999,0.07200000000000001
conditional__seed_000053__repr_nested__parallel_primitives,conditional__seed_000053,conditional,nested,0.967741935483871,0.907,0.962,0.05717255717255709,0.6915560978704525,0.6957724133094161,0.0060599060243116485,0.3023839961052359,0.21544390212954756,0.2662275866905839,0.051112651148245446,"0.000,0.000,0.000,0.000,0.087,0.087,0.000,0.000,0.000,0.000","0.000,0.083,0.197,0.197,0.314,0.599,0.803,0.803,0.917,1.000","1.000,0.917,0.803,0.803,0.599,0.314,0.197,0.197,0.083,0.000","0.000,0.083,0.197,0.197,0.344,0.656,0.803,0.803,0.917,1.000",0.028445091307735083,0.081,0.020999999999999998,0.036,0.049,0.033,0.037,0.10400000000000001,0.316,0.23900000000000002,0.08399999999999999
conditional__seed_000053__repr_prose__parallel_primitives,conditional__seed_000053,conditional,prose,0.967741935483871,0.8480000000000001,0.958,0.11482254697285998,0.8497166960809449,0.8518574526541842,0.0025130455413275824,0.14777025837772753,0.001716696080944824,0.10614254734581574,0.1123095014315324,"0.000,0.000,0.000,0.000,0.087,0.087,0.000,0.000,0.000,0.000","0.000,0.083,0.197,0.197,0.314,0.599,0.803,0.803,0.917,1.000","1.000,0.917,0.803,0.803,0.599,0.314,0.197,0.197,0.083,0.000","0.000,0.083,0.197,0.197,0.344,0.656,0.803,0.803,0.917,1.000",0.028445091307735083,0.04004004004004004,0.01001001001001001,0.011011011011011011,0.016016016016016016,0.014014014014014016,0.015015015015015015,0.02102102102102102,0.09809809809809811,0.4864864864864865,0.2882882882882883
conditional__seed_000053__repr_table__parallel_primitives,conditional__seed_000053,conditional,table,0.967741935483871,0.869,0.951,0.08622502628811779,0.6813129430821524,0.6849895183787071,0.005367345335818889,0.31331971158202876,0.1876870569178476,0.2660104816212928,0.0808576809522989,"0.000,0.000,0.000,0.000,0.087,0.087,0.000,0.000,0.000,0.000","0.000,0.083,0.197,0.197,0.314,0.599,0.803,0.803,0.917,1.000","1.000,0.917,0.803,0.803,0.599,0.314,0.197,0.197,0.083,0.000","0.000,0.083,0.197,0.197,0.344,0.656,0.803,0.803,0.917,1.000",0.028445091307735083,0.078,0.024,0.045,0.052000000000000005,0.03,0.032,0.14900000000000002,0.325,0.16999999999999998,0.095
conditional__seed_000054__repr_direct__parallel_primitives,conditional__seed_000054,conditional,direct,0.8333333333333334,0.767,0.9570000000000001,0.19853709508881923,0.6602618802494903,0.6639982352334693,0.005627055594003673,0.334111064156506,0.10673811975050973,0.2930017647665307,0.19291003949481556,"0.000,0.000,0.000,0.000,0.087,0.087,0.000,0.000,0.000,0.000","0.000,0.083,0.197,0.197,0.314,0.599,0.803,0.803,0.917,1.000","1.000,0.917,0.803,0.803,0.599,0.314,0.197,0.197,0.083,0.000","0.000,0.083,0.197,0.197,0.344,0.656,0.803,0.803,0.917,1.000",0.028445091307735083,0.082,0.022,0.044,0.057999999999999996,0.03,0.034999999999999996,0.221,0.346,0.11400000000000002,0.048
conditional__seed_000054__repr_distractor__parallel_primitives,conditional__seed_000054,conditional,distractor,0.8333333333333334,0.777,0.952,0.1838235294117646,0.6799901901843668,0.6834811625450842,0.005107635077634103,0.31490217473799914,0.09700980981563323,0.2685188374549158,0.17871589433413052,"0.000,0.000,0.000,0.000,0.087,0.087,0.000,0.000,0.000,0.000","0.000,0.083,0.197,0.197,0.314,0.599,0.803,0.803,0.917,1.000","1.000,0.917,0.803,0.803,0.599,0.314,0.197,0.197,0.083,0.000","0.000,0.083,0.197,0.197,0.344,0.656,0.803,0.803,0.917,1.000",0.028445091307735083,0.101,0.02,0.032,0.041,0.028999999999999998,0.03,0.139,0.34900000000000003,0.16999999999999998,0.089
conditional__seed_000054__repr_nested__parallel_primitives,conditional__seed_000054,conditional,nested,0.8333333333333334,0.782,0.959,0.18456725755995818,0.6553528370350633,0.6595782180243688,0.006406186368558029,0.3382409765963787,0.12664716296493672,0.2994217819756312,0.17816107119140015,"0.000,0.000,0.000,0.000,0.087,0.087,0.000,0.000,0.000,0.000","0.000,0.083,0.197,0.197,0.314,0.599,0.803,0.803,0.917,1.000","1.000,0.917,0.803,0.803,0.599,0.314,0.197,0.197,0.083,0.000","0.000,0.083,0.197,0.197,0.344,0.656,0.803,0.803,0.917,1.000",0.028445091307735083,0.083,0.025,0.042,0.062,0.034999999999999996,0.039,0.17099999999999999,0.361,0.131,0.051000000000000004
conditional__seed_000054__repr_prose__parallel_primitives,conditional__seed_000054,conditional,prose,0.8333333333333334,0.796,0.9549999999999998,0.16649214659685851,0.8142569361409757,0.8168025200614294,0.0031165230982174194,0.1826265407608069,0.018256936140975677,0.13819747993857046,0.1633756234986411,"0.000,0.000,0.000,0.000,0.087,0.087,0.000,0.000,0.000,0.000","0.000,0.083,0.197,0.197,0.314,0.599,0.803,0.803,0.917,1.000","1.000,0.917,0.803,0.803,0.599,0.314,0.197,0.197,0.083,0.000","0.000,0.083,0.197,0.197,0.344,0.656,0.803,0.803,0.917,1.000",0.028445091307735083,0.041,0.01,0.01,0.020999999999999998,0.019,0.017,0.039,0.258,0.391,0.194
conditional__seed_000054__repr_table__parallel_primitives,conditional__seed_000054,conditional,table,0.8333333333333334,0.759,0.9559999999999998,0.20606694560669447,0.6889233394658597,0.6919784759126989,0.004415074389141344,0.3066615861449989,0.0700766605341403,0.26402152408730095,0.20165187121755312,"0.000,0.000,0.000,0.000,0.087,0.087,0.000,0.000,0.000,0.000","0.000,0.083,0.197,0.197,0.314,0.599,0.803,0.803,0.917,1.000","1.000,0.917,0.803,0.803,0.599,0.314,0.197,0.197,0.083,0.000","0.000,0.083,0.197,0.197,0.344,0.656,0.803,0.803,0.917,1.000",0.028445091307735083,0.079,0.020999999999999998,0.036,0.045,0.023,0.027999999999999997,0.164,0.389,0.144,0.07100000000000001
explicit_probability__seed_000046__repr_direct__parallel_primitives,explicit_probability__seed_000046,explicit_probability,direct,0.210526315789,0.274,0.668,0.5898203592814371,0.2019405483220521,0.2042748483608238,0.01142725136013054,0.7866322003178173,0.07205945167794792,0.46372515163917627,0.5783931079213065,"0.000,0.000,0.000,0.000,0.087,0.087,0.000,0.000,0.000,0.000","0.000,0.083,0.197,0.197,0.314,0.599,0.803,0.803,0.917,1.000","1.000,0.917,0.803,0.803,0.599,0.314,0.197,0.197,0.083,0.000","0.000,0.083,0.197,0.197,0.344,0.656,0.803,0.803,0.917,1.000",0.028445091307735083,0.045,0.22200000000000003,0.417,0.174,0.076,0.05600000000000001,0.001,0.0,0.0,0.009
explicit_probability__seed_000046__repr_distractor__parallel_primitives,explicit_probability__seed_000046,explicit_probability,distractor,0.210526315789,0.25,0.658,0.6200607902735562,0.21693391449053426,0.2195761271578266,0.012033241962561704,0.771032843546904,0.03306608550946574,0.43842387284217343,0.6080275483109945,"0.000,0.000,0.000,0.000,0.087,0.087,0.000,0.000,0.000,0.000","0.000,0.083,0.197,0.197,0.314,0.599,0.803,0.803,0.917,1.000","1.000,0.917,0.803,0.803,0.599,0.314,0.197,0.197,0.083,0.000","0.000,0.083,0.197,0.197,0.344,0.656,0.803,0.803,0.917,1.000",0.028445091307735083,0.064,0.182,0.396,0.189,0.081,0.05800000000000001,0.01,0.006,0.004,0.01
explicit_probability__seed_000046__repr_prose__parallel_primitives,explicit_probability__seed_000046,explicit_probability,prose,0.210526315789,0.295,0.653,0.548238897396631,0.22430117531103744,0.22837386643700153,0.017833437728688565,0.7578653869602741,0.07069882468896255,0.4246261335629985,0.5304054596679424,"0.000,0.000,0.000,0.000,0.087,0.087,0.000,0.000,0.000,0.000","0.000,0.083,0.197,0.197,0.314,0.599,0.803,0.803,0.917,1.000","1.000,0.917,0.803,0.803,0.599,0.314,0.197,0.197,0.083,0.000","0.000,0.083,0.197,0.197,0.344,0.656,0.803,0.803,0.917,1.000",0.028445091307735083,0.046,0.158,0.34199999999999997,0.23700000000000002,0.127,0.079,0.005,0.0,0.0,0.006
explicit_probability__seed_000046__repr_ratio__parallel_primitives,explicit_probability__seed_000046,explicit_probability,ratio,0.210526315789,0.23000000000000004,0.132,0.0,0.16156756229816766,0.16180664810407028,0.0014776018705292316,0.8369548358313031,0.06843243770183238,0.02980664810407027,0.0014776018705292316,"0.000,0.000,0.000,0.000,0.087,0.087,0.000,0.000,0.000,0.000","0.000,0.083,0.197,0.197,0.314,0.599,0.803,0.803,0.917,1.000","1.000,0.917,0.803,0.803,0.599,0.314,0.197,0.197,0.083,0.000","0.000,0.083,0.197,0.197,0.344,0.656,0.803,0.803,0.917,1.000",0.028445091307735083,0.024096385542168676,0.285140562248996,0.5491967871485944,0.12449799196787148,0.01706827309236948,0.0,0.0,0.0,0.0,0.0
explicit_probability__seed_000051__repr_direct__parallel_primitives,explicit_probability__seed_000051,explicit_probability,direct,0.473684210526,0.47400000000000003,0.781,0.39308578745198464,0.29395329943645376,0.30880825499844733,0.048104140098418874,0.6579425604651273,0.18004670056354627,0.4721917450015527,0.34498164735356573,"0.000,0.000,0.000,0.000,0.087,0.087,0.000,0.000,0.000,0.000","0.000,0.083,0.197,0.197,0.314,0.599,0.803,0.803,0.917,1.000","1.000,0.917,0.803,0.803,0.599,0.314,0.197,0.197,0.083,0.000","0.000,0.083,0.197,0.197,0.344,0.656,0.803,0.803,0.917,1.000",0.028445091307735083,0.0160481444332999,0.021063189568706116,0.053159478435305926,0.32898696088264795,0.48044132397191575,0.07522567703109327,0.01905717151454363,0.0020060180541624875,0.0,0.004012036108324975
explicit_probability__seed_000051__repr_distractor__parallel_primitives,explicit_probability__seed_000051,explicit_probability,distractor,0.473684210526,0.477,0.752,0.36569148936170215,0.3241864450706608,0.3416047988465958,0.05098978069027945,0.6248237742390598,0.15281355492933918,0.4103952011534042,0.3147017086714227,"0.000,0.000,0.000,0.000,0.087,0.087,0.000,0.000,0.000,0.000","0.000,0.083,0.197,0.197,0.314,0.599,0.803,0.803,0.917,1.000","1.000,0.917,0.803,0.803,0.599,0.314,0.197,0.197,0.083,0.000","0.000,0.083,0.197,0.197,0.344,0.656,0.803,0.803,0.917,1.000",0.028445091307735083,0.028999999999999998,0.03,0.05,0.24,0.49400000000000005,0.095,0.036,0.01,0.006,0.01
explicit_probability__seed_000051__repr_prose__parallel_primitives,explicit_probability__seed_000051,explicit_probability,prose,0.473684210526,0.49800000000000005,0.808,0.38366336633663367,0.4004750135537403,0.42137729049090034,0.04960465931329393,0.5499203271329658,0.09752498644625973,0.3866227095090997,0.33405870702333973,"0.000,0.000,0.000,0.000,0.087,0.087,0.000,0.000,0.000,0.000","0.000,0.083,0.197,0.197,0.314,0.599,0.803,0.803,0.917,1.000","1.000,0.917,0.803,0.803,0.599,0.314,0.197,0.197,0.083,0.000","0.000,0.083,0.197,0.197,0.344,0.656,0.803,0.803,0.917,1.000",0.028445091307735083,0.013000000000000001,0.014000000000000002,0.026000000000000002,0.21600000000000003,0.425,0.148,0.123,0.02,0.005,0.01
explicit_probability__seed_000051__repr_ratio__parallel_primitives,explicit_probability__seed_000051,explicit_probability,ratio,0.473684210526,0.43499999999999994,0.358,0.0,0.3175677629235719,0.3434815993089831,0.07544461315408078,0.6069876239223474,0.11743223707642803,0.014518400691016897,0.07544461315408078,"0.000,0.000,0.000,0.000,0.087,0.087,0.000,0.000,0.000,0.000","0.000,0.083,0.197,0.197,0.314,0.599,0.803,0.803,0.917,1.000","1.000,0.917,0.803,0.803,0.599,0.314,0.197,0.197,0.083,0.000","0.000,0.083,0.197,0.197,0.344,0.656,0.803,0.803,0.917,1.000",0.028445091307735083,0.0,0.0,0.006024096385542168,0.12048192771084336,0.8112449799196787,0.06024096385542169,0.002008032128514056,0.0,0.0,0.0
explicit_probability__seed_000053__repr_direct__parallel_primitives,explicit_probability__seed_000053,explicit_probability,direct,0.578947368421,0.642,0.9549999999999998,0.32774869109947635,0.7400875561849065,0.7478565973845843,0.010388410327391398,0.24952403348770216,0.0980875561849065,0.20714340261541553,0.31736028077208495,"0.000,0.000,0.000,0.000,0.087,0.087,0.000,0.000,0.000,0.000","0.000,0.083,0.197,0.197,0.314,0.599,0.803,0.803,0.917,1.000","1.000,0.917,0.803,0.803,0.599,0.314,0.197,0.197,0.083,0.000","0.000,0.083,0.197,0.197,0.344,0.656,0.803,0.803,0.917,1.000",0.028445091307735083,0.024,0.004,0.01,0.02,0.019,0.101,0.634,0.142,0.023,0.023
explicit_probability__seed_000053__repr_distractor__parallel_primitives,explicit_probability__seed_000053,explicit_probability,distractor,0.578947368421,0.642,0.9490000000000001,0.3234984193888304,0.7268452104064087,0.7337119680516688,0.009358928222875134,0.26379586137071614,0.08484521040640869,0.21528803194833124,0.31413949116595524,"0.000,0.000,0.000,0.000,0.087,0.087,0.000,0.000,0.000,0.000","0.000,0.083,0.197,0.197,0.314,0.599,0.803,0.803,0.917,1.000","1.000,0.917,0.803,0.803,0.599,0.314,0.197,0.197,0.083,0.000","0.000,0.083,0.197,0.197,0.344,0.656,0.803,0.803,0.917,1.000",0.028445091307735083,0.03303303303303304,0.010010010010010012,0.010010010010010012,0.02902902902902903,0.018018018018018018,0.0900900900900901,0.5755755755755756,0.1791791791791792,0.031031031031031036,0.024024024024024027
explicit_probability__seed_000053__repr_prose__parallel_primitives,explicit_probability__seed_000053,explicit_probability,prose,0.578947368421,0.627,0.924,0.3214285714285715,0.7368155946766808,0.7439717837148578,0.00961889845128833,0.2535655068720309,0.10981559467668078,0.1800282162851422,0.3118096729772832,"0.000,0.000,0.000,0.000,0.087,0.087,0.000,0.000,0.000,0.000","0.000,0.083,0.197,0.197,0.314,0.599,0.803,0.803,0.917,1.000","1.000,0.917,0.803,0.803,0.599,0.314,0.197,0.197,0.083,0.000","0.000,0.083,0.197,0.197,0.344,0.656,0.803,0.803,0.917,1.000",0.028445091307735083,0.02102102102102102,0.009009009009009009,0.01001001001001001,0.025025025025025027,0.02302302302302302,0.08808808808808809,0.5735735735735735,0.1991991991991992,0.031031031031031032,0.02002002002002002
explicit_probability__seed_000053__repr_ratio__parallel_primitives,explicit_probability__seed_000053,explicit_probability,ratio,0.578947368421,0.586,0.943,0.3785790031813362,0.7916382396624402,0.7962566843115342,0.005800195766126864,0.20256156457143287,0.20563823966244021,0.14674331568846577,0.3727788074152093,"0.000,0.000,0.000,0.000,0.087,0.087,0.000,0.000,0.000,0.000","0.000,0.083,0.197,0.197,0.314,0.599,0.803,0.803,0.917,1.000","1.000,0.917,0.803,0.803,0.599,0.314,0.197,0.197,0.083,0.000","0.000,0.083,0.197,0.197,0.344,0.656,0.803,0.803,0.917,1.000",0.028445091307735083,0.0,0.0,0.0,0.0,0.0,0.067,0.738,0.18,0.01,0.005
explicit_probability__seed_000054__repr_direct__parallel_primitives,explicit_probability__seed_000054,explicit_probability,direct,0.631578947368,0.662,0.961,0.31113423517169614,0.7499048967556063,0.7537548012182438,0.005107635077634104,0.2449874681667595,0.08790489675560631,0.20724519878175618,0.306026600094062,"0.000,0.000,0.000,0.000,0.087,0.087,0.000,0.000,0.000,0.000","0.000,0.083,0.197,0.197,0.314,0.599,0.803,0.803,0.917,1.000","1.000,0.917,0.803,0.803,0.599,0.314,0.197,0.197,0.083,0.000","0.000,0.083,0.197,0.197,0.344,0.656,0.803,0.803,0.917,1.000",0.028445091307735083,0.028999999999999998,0.009,0.01,0.02,0.014000000000000002,0.045,0.509,0.294,0.037,0.033
explicit_probability__seed_000054__repr_distractor__parallel_primitives,explicit_probability__seed_000054,explicit_probability,distractor,0.631578947368,0.662,0.9559999999999998,0.3075313807531379,0.725423379181507,0.7307372178236812,0.00727188722917398,0.26730473358931905,0.06342337918150698,0.22526278217631868,0.3002594935239639,"0.000,0.000,0.000,0.000,0.087,0.087,0.000,0.000,0.000,0.000","0.000,0.083,0.197,0.197,0.314,0.599,0.803,0.803,0.917,1.000","1.000,0.917,0.803,0.803,0.599,0.314,0.197,0.197,0.083,0.000","0.000,0.083,0.197,0.197,0.344,0.656,0.803,0.803,0.917,1.000",0.028445091307735083,0.037,0.01,0.011,0.036,0.02,0.064,0.47300000000000003,0.278,0.042,0.028999999999999998
explicit_probability__seed_000054__repr_prose__parallel_primitives,explicit_probability__seed_000054,explicit_probability,prose,0.631578947368,0.659,0.945,0.3026455026455026,0.7591377082367393,0.7640322411652308,0.006406186368558029,0.23445610539470263,0.10013770823673929,0.18096775883476912,0.29623931627694455,"0.000,0.000,0.000,0.000,0.087,0.087,0.000,0.000,0.000,0.000","0.000,0.083,0.197,0.197,0.314,0.599,0.803,0.803,0.917,1.000","1.000,0.917,0.803,0.803,0.599,0.314,0.197,0.197,0.083,0.000","0.000,0.083,0.197,0.197,0.344,0.656,0.803,0.803,0.917,1.000",0.028445091307735083,0.017,0.005,0.007000000000000001,0.020999999999999998,0.02,0.054000000000000006,0.466,0.33399999999999996,0.048,0.027999999999999997
explicit_probability__seed_000054__repr_ratio__parallel_primitives,explicit_probability__seed_000054,explicit_probability,ratio,0.631578947368,0.652,0.959,0.3201251303441084,0.7950916308814608,0.7986211320895847,0.004419493883024369,0.20048887523551487,0.14309163088146082,0.16037886791041522,0.315705636461084,"0.000,0.000,0.000,0.000,0.087,0.087,0.000,0.000,0.000,0.000","0.000,0.083,0.197,0.197,0.314,0.599,0.803,0.803,0.917,1.000","1.000,0.917,0.803,0.803,0.599,0.314,0.197,0.197,0.083,0.000","0.000,0.083,0.197,0.197,0.344,0.656,0.803,0.803,0.917,1.000",0.028445091307735083,0.0,0.0,0.0,0.0,0.0,0.05105105105105106,0.7957957957957958,0.13713713713713716,0.010010010010010012,0.006006006006006006
explicit_probability__seed_000057__repr_direct__parallel_primitives,explicit_probability__seed_000057,explicit_probability,direct,0.789473684211,0.768,0.9719999999999999,0.20987654320987637,0.779261102184805,0.7812901929621194,0.00259710258184785,0.2181417952333471,0.011261102184805027,0.19070980703788043,0.20727944062802853,"0.000,0.000,0.000,0.000,0.087,0.087,0.000,0.000,0.000,0.000","0.000,0.083,0.197,0.197,0.314,0.599,0.803,0.803,0.917,1.000","1.000,0.917,0.803,0.803,0.599,0.314,0.197,0.197,0.083,0.000","0.000,0.083,0.197,0.197,0.344,0.656,0.803,0.803,0.917,1.000",0.028445091307735083,0.027000000000000003,0.01,0.01,0.01,0.01,0.02,0.124,0.588,0.16299999999999998,0.038
explicit_probability__seed_000057__repr_distractor__parallel_primitives,explicit_probability__seed_000057,explicit_probability,distractor,0.789473684211,0.786,0.97,0.18969072164948453,0.7652243907790526,0.7680835924752852,0.0037225137006485836,0.23105309552029885,0.020775609220947455,0.20191640752471474,0.18596820794883595,"0.000,0.000,0.000,0.000,0.087,0.087,0.000,0.000,0.000,0.000","0.000,0.083,0.197,0.197,0.314,0.599,0.803,0.803,0.917,1.000","1.000,0.917,0.803,0.803,0.599,0.314,0.197,0.197,0.083,0.000","0.000,0.083,0.197,0.197,0.344,0.656,0.803,0.803,0.917,1.000",0.028445091307735083,0.031,0.01,0.01,0.018,0.015,0.027999999999999997,0.11299999999999999,0.587,0.155,0.033
explicit_probability__seed_000057__repr_prose__parallel_primitives,explicit_probability__seed_000057,explicit_probability,prose,0.789473684211,0.746,0.952,0.21638655462184875,0.7901663520398371,0.7925677952182963,0.0030299530121558243,0.20680369494800718,0.0441663520398371,0.1594322047817036,0.21335660160969291,"0.000,0.000,0.000,0.000,0.087,0.087,0.000,0.000,0.000,0.000","0.000,0.083,0.197,0.197,0.314,0.599,0.803,0.803,0.917,1.000","1.000,0.917,0.803,0.803,0.599,0.314,0.197,0.197,0.083,0.000","0.000,0.083,0.197,0.197,0.344,0.656,0.803,0.803,0.917,1.000",0.028445091307735083,0.014000000000000002,0.009,0.009,0.011,0.015,0.02,0.118,0.5780000000000001,0.196,0.03
explicit_probability__seed_000057__repr_ratio__parallel_primitives,explicit_probability__seed_000057,explicit_probability,ratio,0.789473684211,0.783,0.975,0.19692307692307687,0.8225853593385792,0.8225853593385792,0.0,0.17741464066142085,0.03958535933857921,0.15241464066142074,0.19692307692307687,"0.000,0.000,0.000,0.000,0.087,0.087,0.000,0.000,0.000,0.000","0.000,0.083,0.197,0.197,0.314,0.599,0.803,0.803,0.917,1.000","1.000,0.917,0.803,0.803,0.599,0.314,0.197,0.197,0.083,0.000","0.000,0.083,0.197,0.197,0.344,0.656,0.803,0.803,0.917,1.000",0.028445091307735083,0.0,0.0,0.0,0.0,0.0,0.0,0.05705705705705707,0.7807807807807808,0.15115115115115116,0.011011011011011011
sequential_bayes__seed_000047__repr_direct__parallel_primitives,sequential_bayes__seed_000047,sequential_bayes,direct,0.7887928911656144,0.475,0.664,0.28463855421686757,0.42575147333529995,0.42879845206368333,0.00710585290996075,0.5671426737547393,0.04924852666470003,0.2352015479363167,0.2775327013069068,"0.000,0.000,0.000,0.000,0.087,0.087,0.000,0.000,0.000,0.000","0.000,0.083,0.197,0.197,0.314,0.599,0.803,0.803,0.917,1.000","1.000,0.917,0.803,0.803,0.599,0.314,0.197,0.197,0.083,0.000","0.000,0.083,0.197,0.197,0.344,0.656,0.803,0.803,0.917,1.000",0.028445091307735083,0.08108108108108109,0.18118118118118118,0.18518518518518517,0.08908908908908908,0.04004004004004004,0.042042042042042045,0.08108108108108109,0.21021021021021022,0.06106106106106106,0.029029029029029027
sequential_bayes__seed_000047__repr_prose__parallel_primitives,sequential_bayes__seed_000047,sequential_bayes,prose,0.7887928911656144,0.758,0.9650000000000001,0.21450777202072546,0.7905157023852166,0.7925740986230563,0.0025971025818478494,0.20688719503293554,0.032515702385216616,0.1724259013769438,0.21191066943887762,"0.000,0.000,0.000,0.000,0.087,0.087,0.000,0.000,0.000,0.000","0.000,0.083,0.197,0.197,0.314,0.599,0.803,0.803,0.917,1.000","1.000,0.917,0.803,0.803,0.599,0.314,0.197,0.197,0.083,0.000","0.000,0.083,0.197,0.197,0.344,0.656,0.803,0.803,0.917,1.000",0.028445091307735083,0.011,0.009,0.01,0.01,0.011,0.019,0.133,0.616,0.13999999999999999,0.041
sequential_bayes__seed_000047__repr_table__parallel_primitives,sequential_bayes__seed_000047,sequential_bayes,table,0.7887928911656144,0.46299999999999997,0.631,0.26624405705229803,0.4743091790976888,0.47874378237494564,0.009262999208590665,0.5164278216937205,0.01130917909768886,0.15225621762505437,0.2569810578437074,"0.000,0.000,0.000,0.000,0.087,0.087,0.000,0.000,0.000,0.000","0.000,0.083,0.197,0.197,0.314,0.599,0.803,0.803,0.917,1.000","1.000,0.917,0.803,0.803,0.599,0.314,0.197,0.197,0.083,0.000","0.000,0.083,0.197,0.197,0.344,0.656,0.803,0.803,0.917,1.000",0.028445091307735083,0.059,0.154,0.16,0.087,0.051000000000000004,0.05600000000000001,0.081,0.24,0.078,0.033999999999999996
sequential_bayes__seed_000049__repr_direct__parallel_primitives,sequential_bayes__seed_000049,sequential_bayes,direct,0.8003900273948994,0.755,0.93,0.18817204301075274,0.7656560810124182,0.7699888510842322,0.005627055594003673,0.22871686339357808,0.010656081012418217,0.16001114891576784,0.18254498741674907,"0.000,0.000,0.000,0.000,0.087,0.087,0.000,0.000,0.000,0.000","0.000,0.083,0.197,0.197,0.314,0.599,0.803,0.803,0.917,1.000","1.000,0.917,0.803,0.803,0.599,0.314,0.197,0.197,0.083,0.000","0.000,0.083,0.197,0.197,0.344,0.656,0.803,0.803,0.917,1.000",0.028445091307735083,0.0,0.004,0.01,0.020999999999999998,0.03,0.034999999999999996,0.388,0.46699999999999997,0.034999999999999996,0.01
sequential_bayes__seed_000049__repr_prose__parallel_primitives,sequential_bayes__seed_000049,sequential_bayes,prose,0.8003900273948994,0.791,0.977,0.19037871033776865,0.8275069528545501,0.8290859818401581,0.00190454189335509,0.1705885052520948,0.03650695285455008,0.14791401815984184,0.18847416844441356,"0.000,0.000,0.000,0.000,0.087,0.087,0.000,0.000,0.000,0.000","0.000,0.083,0.197,0.197,0.314,0.599,0.803,0.803,0.917,1.000","1.000,0.917,0.803,0.803,0.599,0.314,0.197,0.197,0.083,0.000","0.000,0.083,0.197,0.197,0.344,0.656,0.803,0.803,0.917,1.000",0.028445091307735083,0.012000000000000002,0.009000000000000001,0.007000000000000002,0.010000000000000002,0.012000000000000002,0.010000000000000002,0.029,0.435,0.423,0.05300000000000001
sequential_bayes__seed_000049__repr_table__parallel_primitives,sequential_bayes__seed_000049,sequential_bayes,table,0.8003900273948994,0.75,0.9469999999999998,0.20802534318901778,0.768785735764943,0.7727998165626357,0.005194205163695699,0.22602005907136125,0.018785735764943023,0.1742001834373641,0.20283113802532207,"0.000,0.000,0.000,0.000,0.087,0.087,0.000,0.000,0.000,0.000","0.000,0.083,0.197,0.197,0.314,0.599,0.803,0.803,0.917,1.000","1.000,0.917,0.803,0.803,0.599,0.314,0.197,0.197,0.083,0.000","0.000,0.083,0.197,0.197,0.344,0.656,0.803,0.803,0.917,1.000",0.028445091307735083,0.0,0.003,0.01,0.022,0.031,0.028999999999999998,0.309,0.531,0.05500000000000001,0.01
sequential_bayes__seed_000052__repr_direct__parallel_primitives,sequential_bayes__seed_000052,sequential_bayes,direct,0.15389933510803008,0.298,0.281,0.0,0.2510120982141256,0.25356093896258464,0.010052182165310326,0.738935719620564,0.046987901785874364,0.02743906103741539,0.010052182165310326,"0.000,0.000,0.000,0.000,0.087,0.087,0.000,0.000,0.000,0.000","0.000,0.083,0.197,0.197,0.314,0.599,0.803,0.803,0.917,1.000","1.000,0.917,0.803,0.803,0.599,0.314,0.197,0.197,0.083,0.000","0.000,0.083,0.197,0.197,0.344,0.656,0.803,0.803,0.917,1.000",0.028445091307735083,0.06106106106106106,0.2812812812812813,0.2772772772772773,0.15415415415415415,0.06806806806806807,0.04804804804804805,0.05305305305305306,0.029029029029029027,0.01601601601601602,0.012012012012012012
sequential_bayes__seed_000052__repr_prose__parallel_primitives,sequential_bayes__seed_000052,sequential_bayes,prose,0.15389933510803008,0.211,0.481,0.5613305613305613,0.1994631867558635,0.2012753266805559,0.009003288950405879,0.7915335242937306,0.011536813244136496,0.27972467331944406,0.5523272723801553,"0.000,0.000,0.000,0.000,0.087,0.087,0.000,0.000,0.000,0.000","0.000,0.083,0.197,0.197,0.314,0.599,0.803,0.803,0.917,1.000","1.000,0.917,0.803,0.803,0.599,0.314,0.197,0.197,0.083,0.000","0.000,0.083,0.197,0.197,0.344,0.656,0.803,0.803,0.917,1.000",0.028445091307735083,0.065,0.236,0.387,0.174,0.081,0.023,0.006,0.01,0.007000000000000001,0.011
sequential_bayes__seed_000052__repr_table__parallel_primitives,sequential_bayes__seed_000052,sequential_bayes,table,0.15389933510803008,0.268,0.225,0.0,0.24813562532543876,0.2502587879569267,0.008483868434036309,0.743380506240525,0.019864374674561258,0.02525878795692668,0.008483868434036309,"0.000,0.000,0.000,0.000,0.087,0.087,0.000,0.000,0.000,0.000","0.000,0.083,0.197,0.197,0.314,0.599,0.803,0.803,0.917,1.000","1.000,0.917,0.803,0.803,0.599,0.314,0.197,0.197,0.083,0.000","0.000,0.083,0.197,0.197,0.344,0.656,0.803,0.803,0.917,1.000",0.028445091307735083,0.072,0.32799999999999996,0.24700000000000003,0.133,0.05500000000000001,0.043,0.052000000000000005,0.034999999999999996,0.020999999999999998,0.014000000000000002
sequential_bayes__seed_000056__repr_direct__parallel_primitives,sequential_bayes__seed_000056,sequential_bayes,direct,0.6769462255144328,0.668,0.898,0.2561247216035635,0.747485202900107,0.7569874103631965,0.012552662478931274,0.2399621346209617,0.07948520290010697,0.14101258963680352,0.2435720591246322,"0.000,0.000,0.000,0.000,0.087,0.087,0.000,0.000,0.000,0.000","0.000,0.083,0.197,0.197,0.314,0.599,0.803,0.803,0.917,1.000","1.000,0.917,0.803,0.803,0.599,0.314,0.197,0.197,0.083,0.000","0.000,0.083,0.197,0.197,0.344,0.656,0.803,0.803,0.917,1.000",0.028445091307735083,0.0,0.0,0.007000000000000001,0.02,0.037,0.10800000000000001,0.747,0.074,0.007000000000000001,0.0
sequential_bayes__seed_000056__repr_prose__parallel_primitives,sequential_bayes__seed_000056,sequential_bayes,prose,0.6769462255144328,0.681,0.9629999999999999,0.2928348909657319,0.7862705796235877,0.7894828226308549,0.004068794044894964,0.20966062633151739,0.10527057962358766,0.17351717736914496,0.28876609692083693,"0.000,0.000,0.000,0.000,0.087,0.087,0.000,0.000,0.000,0.000","0.000,0.083,0.197,0.197,0.314,0.599,0.803,0.803,0.917,1.000","1.000,0.917,0.803,0.803,0.599,0.314,0.197,0.197,0.083,0.000","0.000,0.083,0.197,0.197,0.344,0.656,0.803,0.803,0.917,1.000",0.028445091307735083,0.01,0.004,0.001,0.01,0.01,0.037,0.388,0.449,0.057999999999999996,0.033
sequential_bayes__seed_000056__repr_table__parallel_primitives,sequential_bayes__seed_000056,sequential_bayes,table,0.6769462255144328,0.656,0.931,0.29538131041890436,0.7528027656373931,0.761104767697821,0.010907830843760968,0.23628940351884584,0.0968027656373931,0.16989523230217907,0.2844734795751434,"0.000,0.000,0.000,0.000,0.087,0.087,0.000,0.000,0.000,0.000","0.000,0.083,0.197,0.197,0.314,0.599,0.803,0.803,0.917,1.000","1.000,0.917,0.803,0.803,0.599,0.314,0.197,0.197,0.083,0.000","0.000,0.083,0.197,0.197,0.344,0.656,0.803,0.803,0.917,1.000",0.028445091307735083,0.0,0.0,0.005,0.02,0.037,0.089,0.759,0.081,0.009,0.0
sequential_bayes__seed_000058__repr_direct__parallel_primitives,sequential_bayes__seed_000058,sequential_bayes,direct,0.008611190063057283,0.094,0.066,0.0,0.0863276692441366,0.08639498223356183,0.000779130774554355,0.9128931999813091,0.007672330755863405,0.02039498223356183,0.000779130774554355,"0.000,0.000,0.000,0.000,0.087,0.087,0.000,0.000,0.000,0.000","0.000,0.083,0.197,0.197,0.314,0.599,0.803,0.803,0.917,1.000","1.000,0.917,0.803,0.803,0.599,0.314,0.197,0.197,0.083,0.000","0.000,0.083,0.197,0.197,0.344,0.656,0.803,0.803,0.917,1.000",0.028445091307735083,0.28900000000000003,0.606,0.06,0.015,0.008,0.001,0.006,0.007000000000000001,0.002,0.006
sequential_bayes__seed_000058__repr_prose__parallel_primitives,sequential_bayes__seed_000058,sequential_bayes,prose,0.008611190063057283,0.08499999999999999,0.122,0.30327868852459017,0.0957137560645754,0.09586313590323038,0.00155826154910871,0.9027279823863159,0.010713756064575405,0.026136864096769616,0.30172042697548146,"0.000,0.000,0.000,0.000,0.087,0.087,0.000,0.000,0.000,0.000","0.000,0.083,0.197,0.197,0.314,0.599,0.803,0.803,0.917,1.000","1.000,0.917,0.803,0.803,0.599,0.314,0.197,0.197,0.083,0.000","0.000,0.083,0.197,0.197,0.344,0.656,0.803,0.803,0.917,1.000",0.028445091307735083,0.179,0.711,0.067,0.011,0.01,0.008,0.0,0.001,0.003,0.01
sequential_bayes__seed_000058__repr_table__parallel_primitives,sequential_bayes__seed_000058,sequential_bayes,table,0.008611190063057283,0.088,0.043,0.0,0.07877057502707305,0.07883205699065947,0.0007799106852395944,0.9204495142876874,0.009229424972926947,0.03583205699065947,0.0007799106852395944,"0.000,0.000,0.000,0.000,0.087,0.087,0.000,0.000,0.000,0.000","0.000,0.083,0.197,0.197,0.314,0.599,0.803,0.803,0.917,1.000","1.000,0.917,0.803,0.803,0.599,0.314,0.197,0.197,0.083,0.000","0.000,0.083,0.197,0.197,0.344,0.656,0.803,0.803,0.917,1.000",0.028445091307735083,0.2682682682682683,0.6346346346346347,0.06006006006006006,0.019019019019019017,0.009009009009009009,0.0,0.001001001001001001,0.005005005005005005,0.0,0.003003003003003003
