repeat_aggregation,model,representation,n,mean_tv,median_tv,std_tv,p90_tv,p95_tv,max_tv,mean_mae,mean_brier_regret,mean_kl,argmax_accuracy
mean,semif_qwen35_4b,counts,12,0.25588015472293163,0.255,0.17129488406479748,0.4421765008857981,0.4674323625696047,0.4875345654771678,0.25588015472293163,0.1896331817756077,0.22649525739750373,0.5
mean,semif_qwen35_4b,direct,87,0.3937290683439124,0.37118357119907974,0.27183803153659,0.7601614534596437,0.8329709910213607,0.9240883385928924,0.3937290683439124,0.45783698929730676,0.7021626838669827,0.45977011494252873
mean,semif_qwen35_4b,distractor,52,0.34439070924772075,0.32454359710221714,0.23176826192481798,0.6110585786300049,0.7545119698430327,0.7828519581564368,0.34439070924772075,0.3446429757035983,0.5091069615624183,0.5576923076923077
mean,semif_qwen35_4b,nested,20,0.2291952001081734,0.22796746261842074,0.16274469540967423,0.4851185735997872,0.5124724920253354,0.5528685938407024,0.2291952001081734,0.1580325512732266,0.19630981055976435,0.6
mean,semif_qwen35_4b,prose,92,0.40602756309114735,0.33983046430016706,0.2753553373283713,0.8268931293108355,0.8616508637162958,0.9411743875849571,0.40602756309114735,0.4813578875699136,0.8158092802038464,0.4673913043478261
mean,semif_qwen35_4b,ratio,25,0.37637364637793136,0.4315964826103811,0.20571832843767837,0.619405124332691,0.6257954207350049,0.7022834079206283,0.37637364637793136,0.36795430468602525,0.5155010739969,0.52
mean,semif_qwen35_4b,scaled_counts,5,0.2744767539276026,0.30266659995406975,0.1472225338473297,0.3926665999540697,0.3926665999540697,0.4421765008857981,0.2744767539276027,0.19402392583812375,0.20766160730041455,0.4
mean,semif_qwen35_4b,table,72,0.3803752339632341,0.35423007581452026,0.25977418037968053,0.6794058294600817,0.8702745791240831,0.9699562146899744,0.3803752339632341,0.4243358868090398,0.6595411204208742,0.4444444444444444
median,semif_qwen35_4b,counts,12,0.25588015472293163,0.255,0.17129488406479748,0.4421765008857981,0.4674323625696047,0.4875345654771678,0.25588015472293163,0.1896331817756077,0.22649525739750373,0.5
median,semif_qwen35_4b,direct,87,0.3937290683439124,0.37118357119907974,0.27183803153659,0.7601614534596437,0.8329709910213606,0.9240883385928924,0.3937290683439124,0.45783698929730676,0.7021626838669827,0.45977011494252873
median,semif_qwen35_4b,distractor,52,0.34439070924772075,0.32454359710221714,0.23176826192481798,0.6110585786300049,0.7545119698430327,0.7828519581564368,0.34439070924772075,0.3446429757035983,0.5091069615624183,0.5576923076923077
median,semif_qwen35_4b,nested,20,0.22919520010817346,0.22796746261842077,0.16274469540967426,0.4851185735997872,0.5124724920253355,0.5528685938407025,0.22919520010817346,0.15803255127322663,0.19630981055976435,0.6
median,semif_qwen35_4b,prose,92,0.40602756309114735,0.33983046430016706,0.2753553373283713,0.8268931293108355,0.8616508637162958,0.941174387584957,0.40602756309114735,0.4813578875699136,0.8158092802038464,0.4673913043478261
median,semif_qwen35_4b,ratio,25,0.37637364637793136,0.4315964826103811,0.20571832843767837,0.619405124332691,0.6257954207350049,0.7022834079206283,0.37637364637793136,0.36795430468602525,0.5155010739969,0.52
median,semif_qwen35_4b,scaled_counts,5,0.2744767539276026,0.30266659995406975,0.1472225338473297,0.3926665999540697,0.3926665999540697,0.4421765008857981,0.2744767539276027,0.19402392583812378,0.20766160730041455,0.4
median,semif_qwen35_4b,table,72,0.3803752339632341,0.35423007581452026,0.25977418037968053,0.6794058294600817,0.8702745791240831,0.9699562146899744,0.3803752339632341,0.4243358868090398,0.6595411204208742,0.4444444444444444
