unknown_source,threshold,n,coverage,accuracy
ambiguity_unknown,0.05,7,0.019178082191780823,1.0
ambiguity_unknown,0.06,7,0.019178082191780823,1.0
ambiguity_unknown,0.07,7,0.019178082191780823,1.0
ambiguity_unknown,0.08,8,0.021917808219178082,1.0
ambiguity_unknown,0.09,8,0.021917808219178082,1.0
ambiguity_unknown,0.1,8,0.021917808219178082,1.0
ambiguity_unknown,0.11,9,0.024657534246575342,1.0
ambiguity_unknown,0.12,10,0.0273972602739726,1.0
ambiguity_unknown,0.13,11,0.030136986301369864,1.0
ambiguity_unknown,0.14,13,0.03561643835616438,1.0
ambiguity_unknown,0.15,20,0.0547945205479452,1.0
ambiguity_unknown,0.16,22,0.06027397260273973,1.0
ambiguity_unknown,0.17,26,0.07123287671232877,1.0
ambiguity_unknown,0.18,36,0.09863013698630137,1.0
ambiguity_unknown,0.19,45,0.1232876712328767,1.0
ambiguity_unknown,0.2,52,0.14246575342465753,1.0
ambiguity_unknown,0.21,57,0.15616438356164383,1.0
ambiguity_unknown,0.22,65,0.1780821917808219,1.0
ambiguity_unknown,0.23,73,0.2,1.0
ambiguity_unknown,0.24,83,0.2273972602739726,1.0
ambiguity_unknown,0.25,93,0.2547945205479452,0.989247311827957
ambiguity_unknown,0.26,103,0.2821917808219178,0.9805825242718447
ambiguity_unknown,0.27,115,0.3150684931506849,0.9739130434782609
ambiguity_unknown,0.28,132,0.36164383561643837,0.9621212121212122
ambiguity_unknown,0.29,152,0.41643835616438357,0.9605263157894737
ambiguity_unknown,0.3,160,0.4383561643835616,0.95625
ambiguity_unknown,0.31,174,0.4767123287671233,0.9367816091954023
ambiguity_unknown,0.32,188,0.5150684931506849,0.9361702127659575
ambiguity_unknown,0.33,210,0.5753424657534246,0.9142857142857143
ambiguity_unknown,0.34,228,0.6246575342465753,0.8771929824561403
ambiguity_unknown,0.35,250,0.684931506849315,0.84
ambiguity_unknown,0.36,279,0.7643835616438356,0.7813620071684588
ambiguity_unknown,0.37,341,0.9342465753424658,0.7096774193548387
ambiguity_unknown,0.38,365,1.0,0.6931506849315069
ambiguity_unknown,0.39,365,1.0,0.6931506849315069
ambiguity_unknown,0.4,365,1.0,0.6931506849315069
ambiguity_unknown,0.41,365,1.0,0.6931506849315069
ambiguity_unknown,0.42,365,1.0,0.6931506849315069
ambiguity_unknown,0.43,365,1.0,0.6931506849315069
ambiguity_unknown,0.44,365,1.0,0.6931506849315069
ambiguity_unknown,0.45,365,1.0,0.6931506849315069
ambiguity_unknown,0.46,365,1.0,0.6931506849315069
ambiguity_unknown,0.47,365,1.0,0.6931506849315069
ambiguity_unknown,0.48,365,1.0,0.6931506849315069
ambiguity_unknown,0.49,365,1.0,0.6931506849315069
ambiguity_unknown,0.5,365,1.0,0.6931506849315069
ambiguity_unknown,0.51,365,1.0,0.6931506849315069
ambiguity_unknown,0.52,365,1.0,0.6931506849315069
ambiguity_unknown,0.53,365,1.0,0.6931506849315069
ambiguity_unknown,0.54,365,1.0,0.6931506849315069
ambiguity_unknown,0.55,365,1.0,0.6931506849315069
ambiguity_unknown,0.56,365,1.0,0.6931506849315069
ambiguity_unknown,0.57,365,1.0,0.6931506849315069
ambiguity_unknown,0.58,365,1.0,0.6931506849315069
ambiguity_unknown,0.59,365,1.0,0.6931506849315069
ambiguity_unknown,0.6,365,1.0,0.6931506849315069
score_unknown,0.05,8,0.021917808219178082,1.0
score_unknown,0.06,8,0.021917808219178082,1.0
score_unknown,0.07,8,0.021917808219178082,1.0
score_unknown,0.08,8,0.021917808219178082,1.0
score_unknown,0.09,9,0.024657534246575342,1.0
score_unknown,0.1,10,0.0273972602739726,0.9
score_unknown,0.11,11,0.030136986301369864,0.8181818181818182
score_unknown,0.12,15,0.0410958904109589,0.8666666666666667
score_unknown,0.13,18,0.049315068493150684,0.7777777777777778
score_unknown,0.14,22,0.06027397260273973,0.7272727272727273
score_unknown,0.15,27,0.07397260273972603,0.6296296296296297
score_unknown,0.16,31,0.08493150684931507,0.5806451612903226
score_unknown,0.17,33,0.09041095890410959,0.5757575757575758
score_unknown,0.18,35,0.0958904109589041,0.5714285714285714
score_unknown,0.19,42,0.11506849315068493,0.5714285714285714
score_unknown,0.2,50,0.136986301369863,0.64
score_unknown,0.21,53,0.14520547945205478,0.6415094339622641
score_unknown,0.22,58,0.1589041095890411,0.6724137931034483
score_unknown,0.23,67,0.18356164383561643,0.7014925373134329
score_unknown,0.24,69,0.18904109589041096,0.7101449275362319
score_unknown,0.25,74,0.20273972602739726,0.7027027027027027
score_unknown,0.26,78,0.2136986301369863,0.7051282051282052
score_unknown,0.27,89,0.24383561643835616,0.7415730337078652
score_unknown,0.28,99,0.27123287671232876,0.7474747474747475
score_unknown,0.29,106,0.29041095890410956,0.7264150943396226
score_unknown,0.3,113,0.3095890410958904,0.7345132743362832
score_unknown,0.31,121,0.3315068493150685,0.7520661157024794
score_unknown,0.32,135,0.3698630136986301,0.7703703703703704
score_unknown,0.33,146,0.4,0.7671232876712328
score_unknown,0.34,166,0.4547945205479452,0.7530120481927711
score_unknown,0.35,194,0.5315068493150685,0.7371134020618557
score_unknown,0.36,216,0.5917808219178082,0.7268518518518519
score_unknown,0.37,264,0.7232876712328767,0.7121212121212122
score_unknown,0.38,287,0.7863013698630137,0.7038327526132404
score_unknown,0.39,299,0.8191780821917808,0.6822742474916388
score_unknown,0.4,311,0.852054794520548,0.684887459807074
score_unknown,0.41,330,0.9041095890410958,0.6848484848484848
score_unknown,0.42,342,0.936986301369863,0.6842105263157895
score_unknown,0.43,355,0.9726027397260274,0.6845070422535211
score_unknown,0.44,365,1.0,0.6931506849315069
score_unknown,0.45,365,1.0,0.6931506849315069
score_unknown,0.46,365,1.0,0.6931506849315069
score_unknown,0.47,365,1.0,0.6931506849315069
score_unknown,0.48,365,1.0,0.6931506849315069
score_unknown,0.49,365,1.0,0.6931506849315069
score_unknown,0.5,365,1.0,0.6931506849315069
score_unknown,0.51,365,1.0,0.6931506849315069
score_unknown,0.52,365,1.0,0.6931506849315069
score_unknown,0.53,365,1.0,0.6931506849315069
score_unknown,0.54,365,1.0,0.6931506849315069
score_unknown,0.55,365,1.0,0.6931506849315069
score_unknown,0.56,365,1.0,0.6931506849315069
score_unknown,0.57,365,1.0,0.6931506849315069
score_unknown,0.58,365,1.0,0.6931506849315069
score_unknown,0.59,365,1.0,0.6931506849315069
score_unknown,0.6,365,1.0,0.6931506849315069
