threshold,n,coverage,accuracy,mean_confidence
0.0,365,1.0,0.6931506849315069,0.36083835553594024
0.01,365,1.0,0.6931506849315069,0.36083835553594024
0.02,365,1.0,0.6931506849315069,0.36083835553594024
0.03,365,1.0,0.6931506849315069,0.36083835553594024
0.04,365,1.0,0.6931506849315069,0.36083835553594024
0.05,353,0.9671232876712329,0.6912181303116147,0.37146368132944274
0.06,315,0.863013698630137,0.7206349206349206,0.4096046227207546
0.07,308,0.8438356164383561,0.7305194805194806,0.4174639293405151
0.08,301,0.8246575342465754,0.7408637873754153,0.4254348670545026
0.09,297,0.8136986301369863,0.7508417508417509,0.43000342705762173
0.1,293,0.8027397260273973,0.7542662116040956,0.4346001930305359
0.11,288,0.7890410958904109,0.7673611111111112,0.44028236331304904
0.12,283,0.7753424657534247,0.7703180212014135,0.4460281167329749
0.13,278,0.7616438356164383,0.7805755395683454,0.451839762158141
0.14,270,0.7397260273972602,0.7962962962962963,0.4612528908257887
0.15,266,0.7287671232876712,0.7969924812030075,0.46597618178873695
0.16,260,0.7123287671232876,0.8,0.4731334749465511
0.17,257,0.7041095890410959,0.8054474708171206,0.47670914003190545
0.18,253,0.6931506849315069,0.8181818181818182,0.48147882094548206
0.19,248,0.6794520547945205,0.8145161290322581,0.4874581221310113
0.2,245,0.6712328767123288,0.8244897959183674,0.49102824596379635
0.21,243,0.6657534246575343,0.8271604938271605,0.49336235296492226
0.22,236,0.6465753424657534,0.8432203389830508,0.501578181921702
0.23,232,0.6356164383561644,0.8491379310344828,0.5063649622260601
0.24,232,0.6356164383561644,0.8491379310344828,0.5063649622260601
0.25,226,0.6191780821917808,0.8628318584070797,0.5132712941022508
0.26,221,0.6054794520547945,0.8778280542986425,0.5191377452747211
0.27,218,0.5972602739726027,0.8807339449541285,0.5225900200303356
0.28,213,0.5835616438356165,0.8967136150234741,0.5284694039914283
0.29,209,0.5726027397260274,0.9090909090909091,0.5331283080550601
0.3,205,0.5616438356164384,0.9073170731707317,0.5377911187939308
0.31,200,0.547945205479452,0.91,0.5436475634304458
0.32,194,0.5315068493150685,0.9226804123711341,0.5507560791379167
0.33,191,0.5232876712328767,0.9267015706806283,0.5543065308940395
0.34,185,0.5068493150684932,0.9351351351351351,0.5613786345987111
0.35,180,0.4931506849315068,0.9333333333333333,0.5674215105106633
0.36,178,0.4876712328767123,0.9325842696629213,0.5697979694302587
0.37,175,0.4794520547945205,0.9314285714285714,0.5732859346204917
0.38,170,0.4657534246575342,0.9470588235294117,0.5791218097447761
0.39,166,0.4547945205479452,0.9518072289156626,0.5837900819431198
0.4,159,0.43561643835616437,0.949685534591195,0.5921502418886029
0.41,154,0.42191780821917807,0.9545454545454546,0.5982752075024999
0.42,150,0.410958904109589,0.9533333333333334,0.6032167324831119
0.43,146,0.4,0.958904109589041,0.6081514915353714
0.44,143,0.3917808219178082,0.958041958041958,0.6118151802516089
0.45,134,0.36712328767123287,0.9552238805970149,0.6229687047889334
0.46,128,0.3506849315068493,0.9609375,0.6308347602963017
0.47,125,0.3424657534246575,0.96,0.6347777121276638
0.48,121,0.3315068493150685,0.9669421487603306,0.6400905564863784
0.49,111,0.3041095890410959,0.972972972972973,0.6540027674297445
0.5,106,0.29041095890410956,0.9811320754716981,0.6615060725270893
0.51,106,0.29041095890410956,0.9811320754716981,0.6615060725270893
0.52,102,0.27945205479452057,0.9803921568627451,0.6673935655673674
0.53,96,0.26301369863013696,0.9895833333333334,0.6763914405118688
0.54,92,0.25205479452054796,1.0,0.6825602781497105
0.55,88,0.2410958904109589,1.0,0.6888281695807579
0.56,83,0.2273972602739726,1.0,0.6968780593145386
0.57,82,0.22465753424657534,1.0,0.6984599055663419
0.58,75,0.2054794520547945,1.0,0.7100330047049306
0.59,71,0.19452054794520549,1.0,0.7171381505099033
0.6,66,0.18082191780821918,1.0,0.7264134090279714
0.61,64,0.17534246575342466,1.0,0.7302241258578932
0.62,60,0.1643835616438356,1.0,0.7380129987774776
0.63,57,0.15616438356164383,1.0,0.744051694619567
0.64,54,0.14794520547945206,1.0,0.7501502455552219
0.65,52,0.14246575342465753,1.0,0.7542544758722811
0.66,49,0.13424657534246576,1.0,0.7602360424222848
0.67,45,0.1232876712328767,1.0,0.7686088943598398
0.68,41,0.11232876712328767,1.0,0.7779325263299055
0.69,36,0.09863013698630137,1.0,0.7910661359307437
0.7,31,0.08493150684931507,1.0,0.8063348675324765
0.71,26,0.07123287671232877,1.0,0.8253992651348759
0.72,24,0.06575342465753424,1.0,0.8343100561561911
0.73,22,0.06027397260273973,1.0,0.8445427885340269
0.74,21,0.057534246575342465,1.0,0.8495924451308852
0.75,19,0.052054794520547946,1.0,0.8604401106229479
0.76,13,0.03561643835616438,1.0,0.9093546423141737
0.77,13,0.03561643835616438,1.0,0.9093546423141737
0.78,11,0.030136986301369864,1.0,0.9339494257652358
0.79,10,0.0273972602739726,1.0,0.9486156396130305
0.8,10,0.0273972602739726,1.0,0.9486156396130305
0.81,9,0.024657534246575342,1.0,0.9649433032737377
0.82,9,0.024657534246575342,1.0,0.9649433032737377
0.83,9,0.024657534246575342,1.0,0.9649433032737377
0.84,8,0.021917808219178082,1.0,0.9814153828496215
0.85,8,0.021917808219178082,1.0,0.9814153828496215
0.86,8,0.021917808219178082,1.0,0.9814153828496215
0.87,8,0.021917808219178082,1.0,0.9814153828496215
0.88,8,0.021917808219178082,1.0,0.9814153828496215
0.89,7,0.019178082191780823,1.0,0.9953224197205436
0.9,7,0.019178082191780823,1.0,0.9953224197205436
0.91,7,0.019178082191780823,1.0,0.9953224197205436
0.92,7,0.019178082191780823,1.0,0.9953224197205436
0.93,7,0.019178082191780823,1.0,0.9953224197205436
0.94,7,0.019178082191780823,1.0,0.9953224197205436
0.95,7,0.019178082191780823,1.0,0.9953224197205436
0.96,7,0.019178082191780823,1.0,0.9953224197205436
0.97,7,0.019178082191780823,1.0,0.9953224197205436
0.98,7,0.019178082191780823,1.0,0.9953224197205436
0.99,5,0.0136986301369863,1.0,0.9999847209420946
