model,family,n,mean_tv,median_tv,std_tv,p90_tv,p95_tv,max_tv,mean_mae,mean_brier_regret,mean_kl,argmax_accuracy
jev_choice,bayes,35,0.19828576249377025,0.16197636492641043,0.15133912259959564,0.38876576261553497,0.5053821568498233,0.5313251921034114,0.19828576249377025,0.12444154727390264,0.18896985587202503,0.7714285714285715
jev_choice,compound,60,0.3227856235745202,0.3596514071885,0.19048340682391912,0.549362307039702,0.6316793181437634,0.6959465186141358,0.32278562357452023,0.280948974123277,0.3544250663398294,0.48333333333333334
jev_choice,conditional,100,0.23902275045589572,0.2552116013071895,0.10602930488314678,0.35178260869565225,0.3616341463414634,0.4932857142857143,0.23902275045589572,0.1367481774590094,0.22680311473782175,0.63
jev_choice,explicit_probability,80,0.25116052631577496,0.277552631579,0.16020209857929513,0.442473684211,0.457473684211,0.474736842105,0.251160526315775,0.1774926447368546,0.28733016789661014,0.6875
jev_choice,frequency,30,0.20836666666666664,0.18099999999999994,0.10090572607912573,0.31999999999999995,0.35000000000000003,0.41300000000000003,0.20836666666666664,0.10719726666666667,0.19998033044433652,0.8
jev_choice,sequential_bayes,60,0.16126619948870338,0.14997050266193834,0.12103734108182772,0.309735674291851,0.32787658761407046,0.48805937324761584,0.16126619948870338,0.08131365006737795,0.1497501152641204,0.9166666666666666
jev_noul,bayes,35,0.13344462713578029,0.08567120441072762,0.12624314369281295,0.3007657626155349,0.36338215684982333,0.5603821568498233,0.13344462713578029,0.0674895996817033,0.08890521392860756,0.8857142857142857
jev_noul,compound,60,0.20458183577642017,0.14240947550199995,0.1530938725065131,0.44667931814376344,0.48636230703970196,0.5679465186141358,0.20458183577642017,0.1305829226573813,0.16879680021437898,0.7166666666666667
jev_noul,conditional,100,0.0478845735286346,0.04719387755102042,0.032569493476011395,0.0932857142857143,0.10429411764705884,0.13874193548387104,0.0478845735286346,0.006707408574606325,0.009889366547920107,0.86
jev_noul,explicit_probability,80,0.036119078947425,0.030947368421000022,0.025356607240119074,0.06884210526300003,0.08336842105299996,0.100736842105,0.036119078947425,0.0038950907894799575,0.008525533757988927,1.0
jev_noul,frequency,30,0.029900000000000013,0.022999999999999986,0.02370421903375009,0.05100000000000002,0.05499999999999999,0.107,0.029900000000000013,0.0029118000000000013,0.0044208476885646735,1.0
jev_noul,sequential_bayes,60,0.07155503551516437,0.06545280513520019,0.06475838047679412,0.14512341238592952,0.17324259420994503,0.3257928911656144,0.07155503551516436,0.018627541899107324,0.033514063961109945,0.9333333333333333
jev_score,bayes,35,0.15965772177503304,0.1331944761242022,0.12020836893097235,0.2646712043940277,0.29738215684832325,0.5803821568670233,0.15965772177503304,0.07988128016687722,0.11115370514134014,0.8857142857142857
jev_score,compound,60,0.24894240442708077,0.2053450524590879,0.1509468127597148,0.48967931814596344,0.5138354075027358,0.5839465186142359,0.24894240442708077,0.16951452200850528,0.2151521631626984,0.6333333333333333
jev_score,conditional,100,0.0896001406010974,0.05946484697954263,0.08513035636994679,0.20936082473006806,0.22810204080662644,0.40707526880827105,0.0896001406010974,0.030550725542821126,0.03859218630299804,0.91
jev_score,explicit_probability,80,0.053287835226837776,0.04892666432862772,0.03934812003469166,0.11257309944439997,0.12673684209040004,0.14767706301618588,0.053287835226837776,0.008775735866854232,0.014760496337394036,1.0
jev_score,frequency,30,0.04479027309922081,0.04158080806516318,0.029868980129532083,0.08840852976712121,0.0895555555366,0.09811111109220003,0.044790273099220825,0.005796649076562332,0.008424465747121536,1.0
jev_score,sequential_bayes,60,0.10782749299674547,0.09818363872071793,0.06878182653547416,0.1777872507847683,0.21579007905612946,0.3558389068792558,0.10782749299674547,0.0327154158150385,0.056872802256798964,0.9333333333333333
