instance_id,latent_instance_id,family,representation,p_star,p_choice,p_choice_inverse_uncertainty,tv_inverse_uncertainty,ovl_inverse_uncertainty
bayes__seed_000042__repr_counts__parallel_primitives,bayes__seed_000042,bayes,counts,0.04367480789658851,0.304,0.19970538227394846,0.15603057437735995,0.84396942562264
bayes__seed_000042__repr_direct__parallel_primitives,bayes__seed_000042,bayes,direct,0.04367480789658851,0.362,0.23317587428770592,0.1895010663911174,0.8104989336088826
bayes__seed_000042__repr_distractor__parallel_primitives,bayes__seed_000042,bayes,distractor,0.04367480789658851,0.363,0.2337536733067439,0.1900788654101554,0.8099211345898446
bayes__seed_000042__repr_prose__parallel_primitives,bayes__seed_000042,bayes,prose,0.04367480789658851,0.575,0.3617430709431022,0.3180682630465137,0.6819317369534863
bayes__seed_000042__repr_table__parallel_primitives,bayes__seed_000042,bayes,table,0.04367480789658851,0.165,0.11743325811111974,0.07375845021453123,0.9262415497854688
bayes__seed_000045__repr_counts__parallel_primitives,bayes__seed_000045,bayes,counts,0.8768016590833436,0.9030000000000001,0.6605830606969707,0.21621859838637292,0.7837814016136271
bayes__seed_000045__repr_direct__parallel_primitives,bayes__seed_000045,bayes,direct,0.8768016590833436,0.9629999999999999,0.7819061075806222,0.09489555150272144,0.9051044484972786
bayes__seed_000045__repr_distractor__parallel_primitives,bayes__seed_000045,bayes,distractor,0.8768016590833436,0.969,0.7997217798123255,0.07707987927101811,0.9229201207289819
bayes__seed_000045__repr_prose__parallel_primitives,bayes__seed_000045,bayes,prose,0.8768016590833436,0.9800000000000001,0.8387870362918046,0.038014622791539,0.961985377208461
bayes__seed_000045__repr_table__parallel_primitives,bayes__seed_000045,bayes,table,0.8768016590833436,0.969,0.7997217798123255,0.07707987927101811,0.9229201207289819
bayes__seed_000048__repr_counts__parallel_primitives,bayes__seed_000048,bayes,counts,0.8313821568498233,0.9709999999999999,0.8061203561525043,0.02526180069731898,0.974738199302681
bayes__seed_000048__repr_direct__parallel_primitives,bayes__seed_000048,bayes,direct,0.8313821568498233,0.727,0.4712405815624878,0.3601415752873355,0.6398584247126645
bayes__seed_000048__repr_distractor__parallel_primitives,bayes__seed_000048,bayes,distractor,0.8313821568498233,0.643,0.40772166716010405,0.42366048968971926,0.5763395103102807
bayes__seed_000048__repr_prose__parallel_primitives,bayes__seed_000048,bayes,prose,0.8313821568498233,0.951,0.7509773683223044,0.08040478852751887,0.9195952114724811
bayes__seed_000048__repr_table__parallel_primitives,bayes__seed_000048,bayes,table,0.8313821568498233,0.326,0.21240302387680227,0.618979132973021,0.381020867026979
bayes__seed_000051__repr_counts__parallel_primitives,bayes__seed_000051,bayes,counts,0.9696712044107276,0.9279999999999999,0.7028700430704771,0.26680116134025056,0.7331988386597494
bayes__seed_000051__repr_direct__parallel_primitives,bayes__seed_000051,bayes,direct,0.9696712044107276,0.9390000000000001,0.7244491352460223,0.24522206916470535,0.7547779308352947
bayes__seed_000051__repr_distractor__parallel_primitives,bayes__seed_000051,bayes,distractor,0.9696712044107276,0.9559999999999998,0.763224992415853,0.20644621199487467,0.7935537880051253
bayes__seed_000051__repr_prose__parallel_primitives,bayes__seed_000051,bayes,prose,0.9696712044107276,0.985,0.8608587442405271,0.10881246017020052,0.8911875398297995
bayes__seed_000051__repr_table__parallel_primitives,bayes__seed_000051,bayes,table,0.9696712044107276,0.975,0.8197620970967545,0.1499091073139731,0.8500908926860269
bayes__seed_000054__repr_counts__parallel_primitives,bayes__seed_000054,bayes,counts,0.4137933255962194,0.7929999999999999,0.5294908963880822,0.11569757079186282,0.8843024292081372
bayes__seed_000054__repr_direct__parallel_primitives,bayes__seed_000054,bayes,direct,0.4137933255962194,0.717,0.46316208809881787,0.04936876250259847,0.9506312374974015
bayes__seed_000054__repr_distractor__parallel_primitives,bayes__seed_000054,bayes,distractor,0.4137933255962194,0.706,0.45445938111006967,0.040666055513850274,0.9593339444861497
bayes__seed_000054__repr_prose__parallel_primitives,bayes__seed_000054,bayes,prose,0.4137933255962194,0.818,0.5544657061939273,0.14067238059770792,0.8593276194022921
bayes__seed_000054__repr_table__parallel_primitives,bayes__seed_000054,bayes,table,0.4137933255962194,0.343,0.2222081891820924,0.191585136414127,0.808414863585873
bayes__seed_000057__repr_counts__parallel_primitives,bayes__seed_000057,bayes,counts,0.12523423738446504,0.34299999999999997,0.2222081891820924,0.09697395179762736,0.9030260482023726
bayes__seed_000057__repr_direct__parallel_primitives,bayes__seed_000057,bayes,direct,0.12523423738446504,0.514,0.32318566763312406,0.19795143024865902,0.802048569751341
bayes__seed_000057__repr_distractor__parallel_primitives,bayes__seed_000057,bayes,distractor,0.12523423738446504,0.495,0.3115561410015154,0.18632190361705037,0.8136780963829496
bayes__seed_000057__repr_prose__parallel_primitives,bayes__seed_000057,bayes,prose,0.12523423738446504,0.647,0.4105535270794499,0.2853192896949849,0.7146807103050151
bayes__seed_000057__repr_table__parallel_primitives,bayes__seed_000057,bayes,table,0.12523423738446504,0.182,0.12784635664764693,0.002612119263181889,0.9973878807368182
bayes__seed_000060__repr_counts__parallel_primitives,bayes__seed_000060,bayes,counts,0.8130236350735895,0.969,0.7997217798123255,0.01330185526126404,0.986698144738736
bayes__seed_000060__repr_direct__parallel_primitives,bayes__seed_000060,bayes,direct,0.8130236350735895,0.975,0.8197620970967545,0.0067384620231649706,0.993261537976835
bayes__seed_000060__repr_distractor__parallel_primitives,bayes__seed_000060,bayes,distractor,0.8130236350735895,0.9800000000000001,0.8387870362918046,0.025763401218215076,0.9742365987817849
bayes__seed_000060__repr_prose__parallel_primitives,bayes__seed_000060,bayes,prose,0.8130236350735895,0.982,0.8471803572109626,0.034156722137373086,0.9658432778626269
bayes__seed_000060__repr_table__parallel_primitives,bayes__seed_000060,bayes,table,0.8130236350735895,0.9800000000000001,0.8387870362918046,0.025763401218215076,0.9742365987817849
compound__seed_000042__repr_direct__parallel_primitives,compound__seed_000042,compound,direct,0.92542,0.768,0.5062865970184871,0.4191334029815129,0.5808665970184871
compound__seed_000042__repr_prose__parallel_primitives,compound__seed_000042,compound,prose,0.92542,0.6990000000000001,0.4490154077868056,0.4764045922131944,0.5235954077868056
compound__seed_000042__repr_table__parallel_primitives,compound__seed_000042,compound,table,0.92542,0.819,0.555507333439591,0.369912666560409,0.630087333439591
compound__seed_000043__repr_direct__parallel_primitives,compound__seed_000043,compound,direct,0.133797975723,0.622,0.3931079302530448,0.2593099545300448,0.7406900454699552
compound__seed_000043__repr_prose__parallel_primitives,compound__seed_000043,compound,prose,0.133797975723,0.597,0.37621401408042754,0.24241603835742753,0.7575839616425725
compound__seed_000043__repr_table__parallel_primitives,compound__seed_000043,compound,table,0.133797975723,0.649,0.4119755702780976,0.2781775945550976,0.7218224054449024
compound__seed_000044__repr_direct__parallel_primitives,compound__seed_000044,compound,direct,0.9933489510039999,0.951,0.7509773683223044,0.24237158268169545,0.7576284173183045
compound__seed_000044__repr_prose__parallel_primitives,compound__seed_000044,compound,prose,0.9933489510039999,0.961,0.7763624862865817,0.21698646471741823,0.7830135352825818
compound__seed_000044__repr_table__parallel_primitives,compound__seed_000044,compound,table,0.9933489510039999,0.969,0.7997217798123255,0.19362717119167439,0.8063728288083256
compound__seed_000045__repr_direct__parallel_primitives,compound__seed_000045,compound,direct,0.27850644262429947,0.653,0.41483213159995014,0.13632568897565067,0.8636743110243493
compound__seed_000045__repr_prose__parallel_primitives,compound__seed_000045,compound,prose,0.27850644262429947,0.6859999999999999,0.439086720734156,0.16058027810985653,0.8394197218901435
compound__seed_000045__repr_table__parallel_primitives,compound__seed_000045,compound,table,0.27850644262429947,0.727,0.4712405815624878,0.19273413893818836,0.8072658610618116
compound__seed_000046__repr_direct__parallel_primitives,compound__seed_000046,compound,direct,0.28173374613003094,0.332,0.21586358715845905,0.06587015897157189,0.9341298410284281
compound__seed_000046__repr_prose__parallel_primitives,compound__seed_000046,compound,prose,0.28173374613003094,0.666,0.42423535626952147,0.14250161013949053,0.8574983898605095
compound__seed_000046__repr_table__parallel_primitives,compound__seed_000046,compound,table,0.28173374613003094,0.46299999999999997,0.29228518344917764,0.010551437319146706,0.9894485626808533
compound__seed_000047__repr_direct__parallel_primitives,compound__seed_000047,compound,direct,0.15353000000000006,0.32599999999999996,0.21240302387680227,0.05887302387680221,0.9411269761231977
compound__seed_000047__repr_prose__parallel_primitives,compound__seed_000047,compound,prose,0.15353000000000006,0.717,0.46316208809881787,0.3096320880988178,0.6903679119011822
compound__seed_000047__repr_table__parallel_primitives,compound__seed_000047,compound,table,0.15353000000000006,0.305,0.20028308409198098,0.04675308409198092,0.953246915908019
compound__seed_000048__repr_direct__parallel_primitives,compound__seed_000048,compound,direct,0.377187981481,0.7150000000000001,0.4615658521751752,0.08437787069417518,0.9156221293058249
compound__seed_000048__repr_prose__parallel_primitives,compound__seed_000048,compound,prose,0.377187981481,0.698,0.44824342811274676,0.07105544663174673,0.9289445533682532
compound__seed_000048__repr_table__parallel_primitives,compound__seed_000048,compound,table,0.377187981481,0.751,0.4913486743029899,0.11416069282198987,0.8858393071780102
compound__seed_000049__repr_direct__parallel_primitives,compound__seed_000049,compound,direct,0.6016297147779999,0.921,0.6902009091454249,0.088571194367425,0.911428805632575
compound__seed_000049__repr_prose__parallel_primitives,compound__seed_000049,compound,prose,0.6016297147779999,0.952,0.7533628893931366,0.1517331746151367,0.8482668253848633
compound__seed_000049__repr_table__parallel_primitives,compound__seed_000049,compound,table,0.6016297147779999,0.942,0.7307521550936913,0.12912244031569142,0.8708775596843086
compound__seed_000050__repr_direct__parallel_primitives,compound__seed_000050,compound,direct,0.08763769296029794,0.637,0.4035037183427408,0.31586602538244285,0.6841339746175572
compound__seed_000050__repr_prose__parallel_primitives,compound__seed_000050,compound,prose,0.08763769296029794,0.5549999999999999,0.3488689812833501,0.26123128832305215,0.7387687116769479
compound__seed_000050__repr_table__parallel_primitives,compound__seed_000050,compound,table,0.08763769296029794,0.681,0.43532756374405013,0.3476898707837522,0.6523101292162479
compound__seed_000051__repr_direct__parallel_primitives,compound__seed_000051,compound,direct,0.5757575757575758,0.40099999999999997,0.25578432715059785,0.31997324860697796,0.680026751393022
compound__seed_000051__repr_prose__parallel_primitives,compound__seed_000051,compound,prose,0.5757575757575758,0.8029999999999999,0.5392465653254925,0.03651101043208327,0.9634889895679167
compound__seed_000051__repr_table__parallel_primitives,compound__seed_000051,compound,table,0.5757575757575758,0.523,0.328750404048175,0.24700717170940079,0.7529928282905992
compound__seed_000052__repr_direct__parallel_primitives,compound__seed_000052,compound,direct,0.546001,0.61,0.3849349497026704,0.16106605029732957,0.8389339497026704
compound__seed_000052__repr_prose__parallel_primitives,compound__seed_000052,compound,prose,0.546001,0.729,0.4728763717710821,0.07312462822891785,0.9268753717710821
compound__seed_000052__repr_table__parallel_primitives,compound__seed_000052,compound,table,0.546001,0.711,0.45839215337335104,0.08760884662664892,0.9123911533733511
compound__seed_000053__repr_direct__parallel_primitives,compound__seed_000053,compound,direct,0.0070664154000000005,0.45499999999999996,0.28752071687948877,0.28045430147948874,0.7195456985205113
compound__seed_000053__repr_prose__parallel_primitives,compound__seed_000053,compound,prose,0.0070664154000000005,0.42300000000000004,0.26863637600113677,0.26156996060113674,0.7384300393988632
compound__seed_000053__repr_table__parallel_primitives,compound__seed_000053,compound,table,0.0070664154000000005,0.541,0.33999944193725373,0.3329330265372537,0.6670669734627463
compound__seed_000054__repr_direct__parallel_primitives,compound__seed_000054,compound,direct,0.891616122019,0.9549999999999998,0.7607092703740783,0.13090685164492166,0.8690931483550783
compound__seed_000054__repr_prose__parallel_primitives,compound__seed_000054,compound,prose,0.891616122019,0.944,0.7350680078430036,0.15654811417599634,0.8434518858240037
compound__seed_000054__repr_table__parallel_primitives,compound__seed_000054,compound,table,0.891616122019,0.967,0.7935677061836268,0.09804841583537316,0.9019515841646268
compound__seed_000055__repr_direct__parallel_primitives,compound__seed_000055,compound,direct,5.348138586410087e-05,0.675,0.4308580941058776,0.4308046127200135,0.5691953872799864
compound__seed_000055__repr_prose__parallel_primitives,compound__seed_000055,compound,prose,5.348138586410087e-05,0.425,0.26980945500643805,0.26975597362057396,0.7302440263794261
compound__seed_000055__repr_table__parallel_primitives,compound__seed_000055,compound,table,5.348138586410087e-05,0.696,0.44670367456377025,0.44665019317790616,0.5533498068220939
compound__seed_000056__repr_direct__parallel_primitives,compound__seed_000056,compound,direct,0.2042042042042042,0.381,0.24416855031468754,0.03996434611048333,0.9600356538895167
compound__seed_000056__repr_prose__parallel_primitives,compound__seed_000056,compound,prose,0.2042042042042042,0.709,0.45681452491058994,0.2526103207063857,0.7473896792936143
compound__seed_000056__repr_table__parallel_primitives,compound__seed_000056,compound,table,0.2042042042042042,0.544,0.34189080481798084,0.13768660061377663,0.8623133993862233
compound__seed_000057__repr_direct__parallel_primitives,compound__seed_000057,compound,direct,0.773038,0.7,0.44978880154520484,0.32324919845479516,0.6767508015452048
compound__seed_000057__repr_prose__parallel_primitives,compound__seed_000057,compound,prose,0.773038,0.71,0.4576025792219487,0.3154354207780513,0.6845645792219487
compound__seed_000057__repr_table__parallel_primitives,compound__seed_000057,compound,table,0.773038,0.779,0.5163015049648381,0.25673649503516194,0.7432635049648381
compound__seed_000058__repr_direct__parallel_primitives,compound__seed_000058,compound,direct,0.337067470845,0.738,0.4803244098808366,0.14325693903583658,0.8567430609641634
compound__seed_000058__repr_prose__parallel_primitives,compound__seed_000058,compound,prose,0.337067470845,0.706,0.45445938111006967,0.11739191026506968,0.8826080897349303
compound__seed_000058__repr_table__parallel_primitives,compound__seed_000058,compound,table,0.337067470845,0.734,0.47699631093974804,0.13992884009474804,0.860071159905252
compound__seed_000059__repr_direct__parallel_primitives,compound__seed_000059,compound,direct,0.495809321736,0.931,0.7085372649003558,0.21272794316435584,0.7872720568356442
compound__seed_000059__repr_prose__parallel_primitives,compound__seed_000059,compound,prose,0.495809321736,0.8859999999999999,0.6356596379720774,0.13985031623607735,0.8601496837639226
compound__seed_000059__repr_table__parallel_primitives,compound__seed_000059,compound,table,0.495809321736,0.944,0.7350680078430036,0.23925868610700363,0.7607413138929964
compound__seed_000060__repr_direct__parallel_primitives,compound__seed_000060,compound,direct,0.023320681856236536,0.655,0.4162667512014344,0.3929460693451979,0.6070539306548022
compound__seed_000060__repr_prose__parallel_primitives,compound__seed_000060,compound,prose,0.023320681856236536,0.5700000000000001,0.3585007766084116,0.3351800947521751,0.664819905247825
compound__seed_000060__repr_table__parallel_primitives,compound__seed_000060,compound,table,0.023320681856236536,0.655,0.4162667512014344,0.3929460693451979,0.6070539306548022
compound__seed_000061__repr_direct__parallel_primitives,compound__seed_000061,compound,direct,0.04782608695652174,0.371,0.23837883804759596,0.19055275109107422,0.8094472489089257
compound__seed_000061__repr_prose__parallel_primitives,compound__seed_000061,compound,prose,0.04782608695652174,0.512,0.3219541373105175,0.27412805035399573,0.7258719496460042
compound__seed_000061__repr_table__parallel_primitives,compound__seed_000061,compound,table,0.04782608695652174,0.52,0.3268912634004555,0.27906517644393375,0.7209348235560662
conditional__seed_000042__repr_direct__parallel_primitives,conditional__seed_000042,conditional,direct,0.48366013071895425,0.767,0.5053903170783627,0.021730186359408432,0.9782698136405916
conditional__seed_000042__repr_distractor__parallel_primitives,conditional__seed_000042,conditional,distractor,0.48366013071895425,0.774,0.5117132046740127,0.02805307395505846,0.9719469260449416
conditional__seed_000042__repr_nested__parallel_primitives,conditional__seed_000042,conditional,nested,0.48366013071895425,0.6859999999999999,0.439086720734156,0.04457340998479825,0.9554265900152017
conditional__seed_000042__repr_prose__parallel_primitives,conditional__seed_000042,conditional,prose,0.48366013071895425,0.736,0.47865672967950823,0.0050034010394460204,0.994996598960554
conditional__seed_000042__repr_table__parallel_primitives,conditional__seed_000042,conditional,table,0.48366013071895425,0.636,0.4028041324749593,0.08085599824399498,0.9191440017560051
conditional__seed_000043__repr_direct__parallel_primitives,conditional__seed_000043,conditional,direct,0.5752212389380531,0.921,0.6902009091454249,0.11497967020737176,0.8850203297926282
conditional__seed_000043__repr_distractor__parallel_primitives,conditional__seed_000043,conditional,distractor,0.5752212389380531,0.9030000000000001,0.6605830606969707,0.0853618217589176,0.9146381782410824
conditional__seed_000043__repr_nested__parallel_primitives,conditional__seed_000043,conditional,nested,0.5752212389380531,0.9339999999999999,0.7143614447404787,0.1391402058024256,0.8608597941975744
conditional__seed_000043__repr_prose__parallel_primitives,conditional__seed_000043,conditional,prose,0.5752212389380531,0.8949999999999999,0.6485365771529275,0.07331533821487435,0.9266846617851257
conditional__seed_000043__repr_table__parallel_primitives,conditional__seed_000043,conditional,table,0.5752212389380531,0.931,0.7085372649003558,0.13331602596230274,0.8666839740376973
conditional__seed_000044__repr_direct__parallel_primitives,conditional__seed_000044,conditional,direct,0.4807692307692308,0.8099999999999999,0.5462568707208693,0.06548763995163848,0.9345123600483616
conditional__seed_000044__repr_distractor__parallel_primitives,conditional__seed_000044,conditional,distractor,0.4807692307692308,0.834,0.571578886230603,0.09080965546137226,0.9091903445386278
conditional__seed_000044__repr_nested__parallel_primitives,conditional__seed_000044,conditional,nested,0.4807692307692308,0.679,0.4338327814895332,0.04693644927969759,0.9530635507203025
conditional__seed_000044__repr_prose__parallel_primitives,conditional__seed_000044,conditional,prose,0.4807692307692308,0.711,0.45839215337335104,0.02237707739587974,0.9776229226041202
conditional__seed_000044__repr_table__parallel_primitives,conditional__seed_000044,conditional,table,0.4807692307692308,0.573,0.36044418191915883,0.12032504885007195,0.879674951149928
conditional__seed_000045__repr_direct__parallel_primitives,conditional__seed_000045,conditional,direct,0.43478260869565216,0.743,0.4845260633378845,0.04974345464223234,0.9502565453577676
conditional__seed_000045__repr_distractor__parallel_primitives,conditional__seed_000045,conditional,distractor,0.43478260869565216,0.779,0.5163015049648381,0.0815188962691859,0.918481103730814
conditional__seed_000045__repr_nested__parallel_primitives,conditional__seed_000045,conditional,nested,0.43478260869565216,0.724,0.4687996540088849,0.03401704531323274,0.9659829546867673
conditional__seed_000045__repr_prose__parallel_primitives,conditional__seed_000045,conditional,prose,0.43478260869565216,0.763,0.5018278415604747,0.0670452328648225,0.9329547671351774
conditional__seed_000045__repr_table__parallel_primitives,conditional__seed_000045,conditional,table,0.43478260869565216,0.547,0.34378713095423685,0.09099547774141531,0.9090045222585847
conditional__seed_000046__repr_direct__parallel_primitives,conditional__seed_000046,conditional,direct,0.6124031007751938,0.953,0.7557793451713359,0.14337624439614216,0.8566237556038578
conditional__seed_000046__repr_distractor__parallel_primitives,conditional__seed_000046,conditional,distractor,0.6124031007751938,0.9369999999999999,0.7203541051027593,0.10795100432756555,0.8920489956724345
conditional__seed_000046__repr_nested__parallel_primitives,conditional__seed_000046,conditional,nested,0.6124031007751938,0.95,0.7486217971703355,0.13621869639514173,0.8637813036048583
conditional__seed_000046__repr_prose__parallel_primitives,conditional__seed_000046,conditional,prose,0.6124031007751938,0.9189999999999999,0.6867120425992521,0.07430894182405834,0.9256910581759417
conditional__seed_000046__repr_table__parallel_primitives,conditional__seed_000046,conditional,table,0.6124031007751938,0.9400000000000001,0.7265281824665113,0.11412508169131752,0.8858749183086825
conditional__seed_000047__repr_direct__parallel_primitives,conditional__seed_000047,conditional,direct,0.2647058823529412,0.545,0.3425223574613341,0.0778164751083929,0.922183524891607
conditional__seed_000047__repr_distractor__parallel_primitives,conditional__seed_000047,conditional,distractor,0.2647058823529412,0.644,0.4084281191177985,0.14372223676485735,0.8562777632351426
conditional__seed_000047__repr_nested__parallel_primitives,conditional__seed_000047,conditional,nested,0.2647058823529412,0.6950000000000001,0.44593588265119233,0.18123000029825115,0.8187699997017488
conditional__seed_000047__repr_prose__parallel_primitives,conditional__seed_000047,conditional,prose,0.2647058823529412,0.562,0.3533465317401797,0.08864064938723853,0.9113593506127615
conditional__seed_000047__repr_table__parallel_primitives,conditional__seed_000047,conditional,table,0.2647058823529412,0.414,0.2633677471147058,0.001338135238235394,0.9986618647617647
conditional__seed_000048__repr_direct__parallel_primitives,conditional__seed_000048,conditional,direct,0.35036496350364965,0.556,0.3495068312456535,0.0008581322579961359,0.9991418677420039
conditional__seed_000048__repr_distractor__parallel_primitives,conditional__seed_000048,conditional,distractor,0.35036496350364965,0.5860000000000001,0.36893547541549676,0.01857051191184711,0.9814294880881529
conditional__seed_000048__repr_nested__parallel_primitives,conditional__seed_000048,conditional,nested,0.35036496350364965,0.475,0.29946971067244754,0.05089525283120211,0.9491047471687979
conditional__seed_000048__repr_prose__parallel_primitives,conditional__seed_000048,conditional,prose,0.35036496350364965,0.6900000000000001,0.4421174176059036,0.09175245410225397,0.908247545897746
conditional__seed_000048__repr_table__parallel_primitives,conditional__seed_000048,conditional,table,0.35036496350364965,0.414,0.2633677471147058,0.08699721638894387,0.9130027836110561
conditional__seed_000049__repr_direct__parallel_primitives,conditional__seed_000049,conditional,direct,0.49230769230769234,0.74,0.4819994550125287,0.010308237295163614,0.9896917627048364
conditional__seed_000049__repr_distractor__parallel_primitives,conditional__seed_000049,conditional,distractor,0.49230769230769234,0.778,0.5153789071674169,0.02307121485972452,0.9769287851402755
conditional__seed_000049__repr_nested__parallel_primitives,conditional__seed_000049,conditional,nested,0.49230769230769234,0.787,0.5237743434595803,0.03146665115188796,0.968533348848112
conditional__seed_000049__repr_prose__parallel_primitives,conditional__seed_000049,conditional,prose,0.49230769230769234,0.768,0.5062865970184871,0.01397890471079477,0.9860210952892052
conditional__seed_000049__repr_table__parallel_primitives,conditional__seed_000049,conditional,table,0.49230769230769234,0.6839999999999999,0.43757921189889015,0.05472848040880218,0.9452715195911978
conditional__seed_000050__repr_direct__parallel_primitives,conditional__seed_000050,conditional,direct,0.6979166666666666,0.9369999999999999,0.7203541051027593,0.022437438436092694,0.9775625615639073
conditional__seed_000050__repr_distractor__parallel_primitives,conditional__seed_000050,conditional,distractor,0.6979166666666666,0.9269999999999999,0.7010140345979188,0.0030973679312521485,0.9969026320687479
conditional__seed_000050__repr_nested__parallel_primitives,conditional__seed_000050,conditional,nested,0.6979166666666666,0.9559999999999998,0.763224992415853,0.06530832574918632,0.9346916742508137
conditional__seed_000050__repr_prose__parallel_primitives,conditional__seed_000050,conditional,prose,0.6979166666666666,0.944,0.7350680078430036,0.037151341176337005,0.962848658823663
conditional__seed_000050__repr_table__parallel_primitives,conditional__seed_000050,conditional,table,0.6979166666666666,0.9349999999999999,0.7163396705927285,0.018423003926061887,0.9815769960739381
conditional__seed_000051__repr_direct__parallel_primitives,conditional__seed_000051,conditional,direct,0.5853658536585366,0.9200000000000002,0.6884495980863967,0.10308374442786017,0.8969162555721398
conditional__seed_000051__repr_distractor__parallel_primitives,conditional__seed_000051,conditional,distractor,0.5853658536585366,0.9120000000000001,0.6749124853120185,0.08954663165348198,0.910453368346518
conditional__seed_000051__repr_nested__parallel_primitives,conditional__seed_000051,conditional,nested,0.5853658536585366,0.946,0.7394809804949065,0.15411512683636996,0.84588487316363
conditional__seed_000051__repr_prose__parallel_primitives,conditional__seed_000051,conditional,prose,0.5853658536585366,0.922,0.6919662565402787,0.1066004028817421,0.8933995971182579
conditional__seed_000051__repr_table__parallel_primitives,conditional__seed_000051,conditional,table,0.5853658536585366,0.9469999999999998,0.7417256583154528,0.15635980465691623,0.8436401953430838
conditional__seed_000052__repr_direct__parallel_primitives,conditional__seed_000052,conditional,direct,0.2857142857142857,0.629,0.3979335267626011,0.11221924104831538,0.8877807589516846
conditional__seed_000052__repr_distractor__parallel_primitives,conditional__seed_000052,conditional,distractor,0.2857142857142857,0.701,0.4505636185974462,0.1648493328831605,0.8351506671168395
conditional__seed_000052__repr_nested__parallel_primitives,conditional__seed_000052,conditional,nested,0.2857142857142857,0.779,0.5163015049648381,0.23058721925055237,0.7694127807494476
conditional__seed_000052__repr_prose__parallel_primitives,conditional__seed_000052,conditional,prose,0.2857142857142857,0.606,0.38223730178555515,0.09652301607126945,0.9034769839287305
conditional__seed_000052__repr_table__parallel_primitives,conditional__seed_000052,conditional,table,0.2857142857142857,0.506,0.3182702114362904,0.03255592572200472,0.9674440742779953
conditional__seed_000053__repr_direct__parallel_primitives,conditional__seed_000053,conditional,direct,0.967741935483871,0.931,0.7085372649003558,0.25920467058351515,0.7407953294164848
conditional__seed_000053__repr_distractor__parallel_primitives,conditional__seed_000053,conditional,distractor,0.967741935483871,0.9359999999999999,0.7183370646809613,0.24940487080290974,0.7505951291970903
conditional__seed_000053__repr_nested__parallel_primitives,conditional__seed_000053,conditional,nested,0.967741935483871,0.962,0.7791120222047738,0.18862991327909717,0.8113700867209028
conditional__seed_000053__repr_prose__parallel_primitives,conditional__seed_000053,conditional,prose,0.967741935483871,0.958,0.7683640810044545,0.19937785447941647,0.8006221455205835
conditional__seed_000053__repr_table__parallel_primitives,conditional__seed_000053,conditional,table,0.967741935483871,0.951,0.7509773683223044,0.21676456716156656,0.7832354328384334
conditional__seed_000054__repr_direct__parallel_primitives,conditional__seed_000054,conditional,direct,0.8333333333333334,0.9570000000000001,0.7657761638561165,0.0675571694772169,0.9324428305227831
conditional__seed_000054__repr_distractor__parallel_primitives,conditional__seed_000054,conditional,distractor,0.8333333333333334,0.952,0.7533628893931366,0.07997044394019681,0.9200295560598032
conditional__seed_000054__repr_nested__parallel_primitives,conditional__seed_000054,conditional,nested,0.8333333333333334,0.959,0.7709901185227646,0.062343214810568814,0.9376567851894312
conditional__seed_000054__repr_prose__parallel_primitives,conditional__seed_000054,conditional,prose,0.8333333333333334,0.9549999999999998,0.7607092703740783,0.07262406295925505,0.927375937040745
conditional__seed_000054__repr_table__parallel_primitives,conditional__seed_000054,conditional,table,0.8333333333333334,0.9559999999999998,0.763224992415853,0.07010834091748042,0.9298916590825196
conditional__seed_000055__repr_direct__parallel_primitives,conditional__seed_000055,conditional,direct,0.7551020408163265,0.892,0.6441692629467715,0.11093277786955502,0.889067222130445
conditional__seed_000055__repr_distractor__parallel_primitives,conditional__seed_000055,conditional,distractor,0.7551020408163265,0.9179999999999999,0.6849879707318003,0.07011407008452619,0.9298859299154738
conditional__seed_000055__repr_nested__parallel_primitives,conditional__seed_000055,conditional,nested,0.7551020408163265,0.954,0.7582277737021699,0.003125732885843391,0.9968742671141566
conditional__seed_000055__repr_prose__parallel_primitives,conditional__seed_000055,conditional,prose,0.7551020408163265,0.933,0.7124019273582487,0.04270011345807778,0.9572998865419222
conditional__seed_000055__repr_table__parallel_primitives,conditional__seed_000055,conditional,table,0.7551020408163265,0.9280000000000002,0.7028700430704775,0.05223199774584897,0.947768002254151
conditional__seed_000056__repr_direct__parallel_primitives,conditional__seed_000056,conditional,direct,0.6853932584269663,0.922,0.6919662565402787,0.006572998113312356,0.9934270018866876
conditional__seed_000056__repr_distractor__parallel_primitives,conditional__seed_000056,conditional,distractor,0.6853932584269663,0.8960000000000001,0.6500098763238287,0.03538338210313763,0.9646166178968624
conditional__seed_000056__repr_nested__parallel_primitives,conditional__seed_000056,conditional,nested,0.6853932584269663,0.9490000000000001,0.7462952406849686,0.06090198225800225,0.9390980177419977
conditional__seed_000056__repr_prose__parallel_primitives,conditional__seed_000056,conditional,prose,0.6853932584269663,0.901,0.6575141918885303,0.02787906653843597,0.972120933461564
conditional__seed_000056__repr_table__parallel_primitives,conditional__seed_000056,conditional,table,0.6853932584269663,0.9349999999999999,0.7163396705927285,0.030946412165762216,0.9690535878342378
conditional__seed_000057__repr_direct__parallel_primitives,conditional__seed_000057,conditional,direct,0.845360824742268,0.954,0.7582277737021699,0.08713305104009816,0.9128669489599018
conditional__seed_000057__repr_distractor__parallel_primitives,conditional__seed_000057,conditional,distractor,0.845360824742268,0.943,0.7328982798916539,0.11246254485061413,0.8875374551493859
conditional__seed_000057__repr_nested__parallel_primitives,conditional__seed_000057,conditional,nested,0.845360824742268,0.9629999999999999,0.7819061075806222,0.06345471716164586,0.9365452828383541
conditional__seed_000057__repr_prose__parallel_primitives,conditional__seed_000057,conditional,prose,0.845360824742268,0.9469999999999998,0.7417256583154528,0.10363516642681525,0.8963648335731847
conditional__seed_000057__repr_table__parallel_primitives,conditional__seed_000057,conditional,table,0.845360824742268,0.952,0.7533628893931366,0.09199793534913148,0.9080020646508685
conditional__seed_000058__repr_direct__parallel_primitives,conditional__seed_000058,conditional,direct,0.8518518518518519,0.952,0.7533628893931366,0.0984889624587153,0.9015110375412847
conditional__seed_000058__repr_distractor__parallel_primitives,conditional__seed_000058,conditional,distractor,0.8518518518518519,0.9469999999999998,0.7417256583154528,0.11012619353639908,0.8898738064636009
conditional__seed_000058__repr_nested__parallel_primitives,conditional__seed_000058,conditional,nested,0.8518518518518519,0.958,0.7683640810044545,0.08348777084739734,0.9165122291526027
conditional__seed_000058__repr_prose__parallel_primitives,conditional__seed_000058,conditional,prose,0.8518518518518519,0.9559999999999998,0.763224992415853,0.0886268594359989,0.9113731405640011
conditional__seed_000058__repr_table__parallel_primitives,conditional__seed_000058,conditional,table,0.8518518518518519,0.951,0.7509773683223044,0.10087448352954742,0.8991255164704526
conditional__seed_000059__repr_direct__parallel_primitives,conditional__seed_000059,conditional,direct,0.5652173913043478,0.917,0.6832771189652564,0.11805972766090866,0.8819402723390913
conditional__seed_000059__repr_distractor__parallel_primitives,conditional__seed_000059,conditional,distractor,0.5652173913043478,0.9099999999999999,0.6716507980289661,0.10643340672461832,0.8935665932753817
conditional__seed_000059__repr_nested__parallel_primitives,conditional__seed_000059,conditional,nested,0.5652173913043478,0.946,0.7394809804949065,0.17426358919055873,0.8257364108094413
conditional__seed_000059__repr_prose__parallel_primitives,conditional__seed_000059,conditional,prose,0.5652173913043478,0.883,0.6315108631004922,0.06629347179614442,0.9337065282038556
conditional__seed_000059__repr_table__parallel_primitives,conditional__seed_000059,conditional,table,0.5652173913043478,0.9040000000000001,0.6621325243368281,0.09691513303248034,0.9030848669675197
conditional__seed_000060__repr_direct__parallel_primitives,conditional__seed_000060,conditional,direct,0.6290322580645161,0.932,0.7104606760514942,0.08142841798697809,0.9185715820130219
conditional__seed_000060__repr_distractor__parallel_primitives,conditional__seed_000060,conditional,distractor,0.6290322580645161,0.93,0.7066312836213446,0.07759902555682852,0.9224009744431715
conditional__seed_000060__repr_nested__parallel_primitives,conditional__seed_000060,conditional,nested,0.6290322580645161,0.9490000000000001,0.7462952406849686,0.11726298262045243,0.8827370173795476
conditional__seed_000060__repr_prose__parallel_primitives,conditional__seed_000060,conditional,prose,0.6290322580645161,0.923,0.6937459302469866,0.06471367218247048,0.9352863278175295
conditional__seed_000060__repr_table__parallel_primitives,conditional__seed_000060,conditional,table,0.6290322580645161,0.9200000000000002,0.6884495980863967,0.059417340021880594,0.9405826599781194
conditional__seed_000061__repr_direct__parallel_primitives,conditional__seed_000061,conditional,direct,0.46078431372549017,0.762,0.5009427973710652,0.040158483645575005,0.9598415163544249
conditional__seed_000061__repr_distractor__parallel_primitives,conditional__seed_000061,conditional,distractor,0.46078431372549017,0.782,0.5190844325945394,0.05830011886904923,0.9416998811309507
conditional__seed_000061__repr_nested__parallel_primitives,conditional__seed_000061,conditional,nested,0.46078431372549017,0.702,0.45133986823098826,0.009444445494501907,0.990555554505498
conditional__seed_000061__repr_prose__parallel_primitives,conditional__seed_000061,conditional,prose,0.46078431372549017,0.73,0.4736968538598073,0.012912540134317141,0.9870874598656829
conditional__seed_000061__repr_table__parallel_primitives,conditional__seed_000061,conditional,table,0.46078431372549017,0.5780000000000001,0.36369641223792826,0.09708790148756191,0.9029120985124381
explicit_probability__seed_000042__repr_direct__parallel_primitives,explicit_probability__seed_000042,explicit_probability,direct,0.0,0.0,4.1359030627651384e-25,4.1359030627651384e-25,1.0
explicit_probability__seed_000042__repr_distractor__parallel_primitives,explicit_probability__seed_000042,explicit_probability,distractor,0.0,0.0,4.1359030627651384e-25,4.1359030627651384e-25,1.0
explicit_probability__seed_000042__repr_prose__parallel_primitives,explicit_probability__seed_000042,explicit_probability,prose,0.0,0.0,4.1359030627651384e-25,4.1359030627651384e-25,1.0
explicit_probability__seed_000042__repr_ratio__parallel_primitives,explicit_probability__seed_000042,explicit_probability,ratio,0.0,0.014000000000000002,0.01256220062719092,0.01256220062719092,0.9874377993728091
explicit_probability__seed_000043__repr_direct__parallel_primitives,explicit_probability__seed_000043,explicit_probability,direct,0.052631578947,0.513,0.322569676766842,0.269938097819842,0.730061902180158
explicit_probability__seed_000043__repr_distractor__parallel_primitives,explicit_probability__seed_000043,explicit_probability,distractor,0.052631578947,0.434,0.2750993307533781,0.22246775180637812,0.7775322481936219
explicit_probability__seed_000043__repr_prose__parallel_primitives,explicit_probability__seed_000043,explicit_probability,prose,0.052631578947,0.422,0.26805015597499393,0.21541857702799394,0.7845814229720061
explicit_probability__seed_000043__repr_ratio__parallel_primitives,explicit_probability__seed_000043,explicit_probability,ratio,0.052631578947,0.033999999999999996,0.028752087408927922,0.023879491538072076,0.9761205084619279
explicit_probability__seed_000044__repr_direct__parallel_primitives,explicit_probability__seed_000044,explicit_probability,direct,0.105263157895,0.58,0.3650020252725913,0.2597388673775913,0.7402611326224087
explicit_probability__seed_000044__repr_distractor__parallel_primitives,explicit_probability__seed_000044,explicit_probability,distractor,0.105263157895,0.562,0.3533465317401797,0.2480833738451797,0.7519166261548202
explicit_probability__seed_000044__repr_prose__parallel_primitives,explicit_probability__seed_000044,explicit_probability,prose,0.105263157895,0.541,0.33999944193725373,0.23473628404225372,0.7652637159577462
explicit_probability__seed_000044__repr_ratio__parallel_primitives,explicit_probability__seed_000044,explicit_probability,ratio,0.105263157895,0.093,0.07116643682270904,0.03409672107229096,0.965903278927709
explicit_probability__seed_000045__repr_direct__parallel_primitives,explicit_probability__seed_000045,explicit_probability,direct,0.157894736842,0.63,0.3986265280843285,0.24073179124232852,0.7592682087576714
explicit_probability__seed_000045__repr_distractor__parallel_primitives,explicit_probability__seed_000045,explicit_probability,distractor,0.157894736842,0.5860000000000001,0.36893547541549676,0.21104073857349676,0.7889592614265033
explicit_probability__seed_000045__repr_prose__parallel_primitives,explicit_probability__seed_000045,explicit_probability,prose,0.157894736842,0.564,0.3546313208654107,0.1967365840234107,0.8032634159765892
explicit_probability__seed_000045__repr_ratio__parallel_primitives,explicit_probability__seed_000045,explicit_probability,ratio,0.157894736842,0.06899999999999999,0.054603443738967,0.103291293103033,0.896708706896967
explicit_probability__seed_000046__repr_direct__parallel_primitives,explicit_probability__seed_000046,explicit_probability,direct,0.210526315789,0.668,0.42569885255359496,0.21517253676459497,0.7848274632354051
explicit_probability__seed_000046__repr_distractor__parallel_primitives,explicit_probability__seed_000046,explicit_probability,distractor,0.210526315789,0.658,0.41842674977849303,0.20790043398949304,0.792099566010507
explicit_probability__seed_000046__repr_prose__parallel_primitives,explicit_probability__seed_000046,explicit_probability,prose,0.210526315789,0.653,0.41483213159995014,0.20430581581095014,0.7956941841890499
explicit_probability__seed_000046__repr_ratio__parallel_primitives,explicit_probability__seed_000046,explicit_probability,ratio,0.210526315789,0.132,0.09673479467735846,0.11379152111164154,0.8862084788883584
explicit_probability__seed_000047__repr_direct__parallel_primitives,explicit_probability__seed_000047,explicit_probability,direct,0.263157894737,0.719,0.46476469457711134,0.20160679984011132,0.7983932001598887
explicit_probability__seed_000047__repr_distractor__parallel_primitives,explicit_probability__seed_000047,explicit_probability,distractor,0.263157894737,0.726,0.4704252497105823,0.20726735497358229,0.7927326450264177
explicit_probability__seed_000047__repr_prose__parallel_primitives,explicit_probability__seed_000047,explicit_probability,prose,0.263157894737,0.6719999999999999,0.4286398545457315,0.16548195980873148,0.8345180401912685
explicit_probability__seed_000047__repr_ratio__parallel_primitives,explicit_probability__seed_000047,explicit_probability,ratio,0.263157894737,0.08399999999999999,0.06504304418847812,0.1981148505485219,0.801885149451478
explicit_probability__seed_000048__repr_direct__parallel_primitives,explicit_probability__seed_000048,explicit_probability,direct,0.315789473684,0.726,0.4704252497105823,0.1546357760265823,0.8453642239734177
explicit_probability__seed_000048__repr_distractor__parallel_primitives,explicit_probability__seed_000048,explicit_probability,distractor,0.315789473684,0.708,0.4560279804051328,0.1402385067211328,0.8597614932788672
explicit_probability__seed_000048__repr_prose__parallel_primitives,explicit_probability__seed_000048,explicit_probability,prose,0.315789473684,0.751,0.4913486743029899,0.17555920061898989,0.8244407993810101
explicit_probability__seed_000048__repr_ratio__parallel_primitives,explicit_probability__seed_000048,explicit_probability,ratio,0.315789473684,0.162,0.11557970101822457,0.20020977266577544,0.7997902273342246
explicit_probability__seed_000049__repr_direct__parallel_primitives,explicit_probability__seed_000049,explicit_probability,direct,0.368421052632,0.772,0.5098948937629431,0.14147384113094308,0.8585261588690569
explicit_probability__seed_000049__repr_distractor__parallel_primitives,explicit_probability__seed_000049,explicit_probability,distractor,0.368421052632,0.728,0.47205761831256554,0.10363656568056556,0.8963634343194344
explicit_probability__seed_000049__repr_prose__parallel_primitives,explicit_probability__seed_000049,explicit_probability,prose,0.368421052632,0.789,0.5256689047411138,0.15724785210911385,0.8427521478908861
explicit_probability__seed_000049__repr_ratio__parallel_primitives,explicit_probability__seed_000049,explicit_probability,ratio,0.368421052632,0.28900000000000003,0.19102999749098076,0.17739105514101922,0.8226089448589808
explicit_probability__seed_000050__repr_direct__parallel_primitives,explicit_probability__seed_000050,explicit_probability,direct,0.421052631579,0.7929999999999999,0.5294908963880822,0.1084382648090822,0.8915617351909177
explicit_probability__seed_000050__repr_distractor__parallel_primitives,explicit_probability__seed_000050,explicit_probability,distractor,0.421052631579,0.799,0.5353088977910887,0.11425626621208868,0.8857437337879113
explicit_probability__seed_000050__repr_prose__parallel_primitives,explicit_probability__seed_000050,explicit_probability,prose,0.421052631579,0.8240000000000001,0.5607695450172767,0.1397169134382767,0.8602830865617233
explicit_probability__seed_000050__repr_ratio__parallel_primitives,explicit_probability__seed_000050,explicit_probability,ratio,0.421052631579,0.24500000000000002,0.1654063007248523,0.25564633085414773,0.7443536691458523
explicit_probability__seed_000051__repr_direct__parallel_primitives,explicit_probability__seed_000051,explicit_probability,direct,0.473684210526,0.781,0.5181542472023586,0.04447003667635857,0.9555299633236414
explicit_probability__seed_000051__repr_distractor__parallel_primitives,explicit_probability__seed_000051,explicit_probability,distractor,0.473684210526,0.752,0.4922104486336849,0.01852623810768489,0.981473761892315
explicit_probability__seed_000051__repr_prose__parallel_primitives,explicit_probability__seed_000051,explicit_probability,prose,0.473684210526,0.808,0.5442380018878608,0.07055379136186074,0.9294462086381392
explicit_probability__seed_000051__repr_ratio__parallel_primitives,explicit_probability__seed_000051,explicit_probability,ratio,0.473684210526,0.358,0.230865347487977,0.24281886303802303,0.757181136961977
explicit_probability__seed_000052__repr_direct__parallel_primitives,explicit_probability__seed_000052,explicit_probability,direct,0.526315789474,0.958,0.7683640810044545,0.24204829153045448,0.7579517084695455
explicit_probability__seed_000052__repr_distractor__parallel_primitives,explicit_probability__seed_000052,explicit_probability,distractor,0.526315789474,0.942,0.7307521550936913,0.20443636561969125,0.7955636343803087
explicit_probability__seed_000052__repr_prose__parallel_primitives,explicit_probability__seed_000052,explicit_probability,prose,0.526315789474,0.929,0.7047423367828745,0.17842654730887442,0.8215734526911256
explicit_probability__seed_000052__repr_ratio__parallel_primitives,explicit_probability__seed_000052,explicit_probability,ratio,0.526315789474,0.952,0.7533628893931366,0.22704709991913652,0.7729529000808635
explicit_probability__seed_000053__repr_direct__parallel_primitives,explicit_probability__seed_000053,explicit_probability,direct,0.578947368421,0.9549999999999998,0.7607092703740783,0.1817619019530783,0.8182380980469217
explicit_probability__seed_000053__repr_distractor__parallel_primitives,explicit_probability__seed_000053,explicit_probability,distractor,0.578947368421,0.9490000000000001,0.7462952406849686,0.16734787226396852,0.8326521277360315
explicit_probability__seed_000053__repr_prose__parallel_primitives,explicit_probability__seed_000053,explicit_probability,prose,0.578947368421,0.924,0.6955402298775728,0.11659286145657277,0.8834071385434272
explicit_probability__seed_000053__repr_ratio__parallel_primitives,explicit_probability__seed_000053,explicit_probability,ratio,0.578947368421,0.943,0.7328982798916539,0.15395091147065387,0.8460490885293461
explicit_probability__seed_000054__repr_direct__parallel_primitives,explicit_probability__seed_000054,explicit_probability,direct,0.631578947368,0.961,0.7763624862865817,0.14478353891858164,0.8552164610814184
explicit_probability__seed_000054__repr_distractor__parallel_primitives,explicit_probability__seed_000054,explicit_probability,distractor,0.631578947368,0.9559999999999998,0.763224992415853,0.13164604504785293,0.8683539549521471
explicit_probability__seed_000054__repr_prose__parallel_primitives,explicit_probability__seed_000054,explicit_probability,prose,0.631578947368,0.945,0.7372620080251475,0.1056830606571475,0.8943169393428525
explicit_probability__seed_000054__repr_ratio__parallel_primitives,explicit_probability__seed_000054,explicit_probability,ratio,0.631578947368,0.959,0.7709901185227646,0.13941117115476453,0.8605888288452355
explicit_probability__seed_000055__repr_direct__parallel_primitives,explicit_probability__seed_000055,explicit_probability,direct,0.684210526316,0.969,0.7997217798123255,0.11551125349632552,0.8844887465036745
explicit_probability__seed_000055__repr_distractor__parallel_primitives,explicit_probability__seed_000055,explicit_probability,distractor,0.684210526316,0.961,0.7763624862865817,0.09215195997058168,0.9078480400294183
explicit_probability__seed_000055__repr_prose__parallel_primitives,explicit_probability__seed_000055,explicit_probability,prose,0.684210526316,0.95,0.7486217971703355,0.06441127085433551,0.9355887291456645
explicit_probability__seed_000055__repr_ratio__parallel_primitives,explicit_probability__seed_000055,explicit_probability,ratio,0.684210526316,0.953,0.7557793451713359,0.07156881885533595,0.928431181144664
explicit_probability__seed_000056__repr_direct__parallel_primitives,explicit_probability__seed_000056,explicit_probability,direct,0.736842105263,0.9730000000000001,0.8127899488531589,0.07594784359015894,0.9240521564098411
explicit_probability__seed_000056__repr_distractor__parallel_primitives,explicit_probability__seed_000056,explicit_probability,distractor,0.736842105263,0.968,0.7966156716949291,0.059773566431929104,0.9402264335680709
explicit_probability__seed_000056__repr_prose__parallel_primitives,explicit_probability__seed_000056,explicit_probability,prose,0.736842105263,0.9559999999999998,0.763224992415853,0.026382887152852974,0.973617112847147
explicit_probability__seed_000056__repr_ratio__parallel_primitives,explicit_probability__seed_000056,explicit_probability,ratio,0.736842105263,0.966,0.7905751823819762,0.053733077118976236,0.9462669228810238
explicit_probability__seed_000057__repr_direct__parallel_primitives,explicit_probability__seed_000057,explicit_probability,direct,0.789473684211,0.9719999999999999,0.8094194366103247,0.019945752399324723,0.9800542476006753
explicit_probability__seed_000057__repr_distractor__parallel_primitives,explicit_probability__seed_000057,explicit_probability,distractor,0.789473684211,0.97,0.8028889519922593,0.013415267781259343,0.9865847322187407
explicit_probability__seed_000057__repr_prose__parallel_primitives,explicit_probability__seed_000057,explicit_probability,prose,0.789473684211,0.952,0.7533628893931366,0.03611079481786339,0.9638892051821366
explicit_probability__seed_000057__repr_ratio__parallel_primitives,explicit_probability__seed_000057,explicit_probability,ratio,0.789473684211,0.975,0.8197620970967545,0.030288412885754568,0.9697115871142454
explicit_probability__seed_000058__repr_direct__parallel_primitives,explicit_probability__seed_000058,explicit_probability,direct,0.842105263158,0.9789999999999999,0.8347745226555576,0.007330740502442423,0.9926692594975576
explicit_probability__seed_000058__repr_distractor__parallel_primitives,explicit_probability__seed_000058,explicit_probability,distractor,0.842105263158,0.97,0.8028889519922593,0.03921631116574076,0.9607836888342592
explicit_probability__seed_000058__repr_prose__parallel_primitives,explicit_probability__seed_000058,explicit_probability,prose,0.842105263158,0.958,0.7683640810044545,0.07374118215354553,0.9262588178464545
explicit_probability__seed_000058__repr_ratio__parallel_primitives,explicit_probability__seed_000058,explicit_probability,ratio,0.842105263158,0.9800000000000001,0.8387870362918046,0.0033182268661954284,0.9966817731338046
explicit_probability__seed_000059__repr_direct__parallel_primitives,explicit_probability__seed_000059,explicit_probability,direct,0.894736842105,0.976,0.8233732020802884,0.07136364002471163,0.9286363599752884
explicit_probability__seed_000059__repr_distractor__parallel_primitives,explicit_probability__seed_000059,explicit_probability,distractor,0.894736842105,0.978,0.8308729780174302,0.06386386408756983,0.9361361359124302
explicit_probability__seed_000059__repr_prose__parallel_primitives,explicit_probability__seed_000059,explicit_probability,prose,0.894736842105,0.968,0.7966156716949291,0.09812117041007096,0.901878829589929
explicit_probability__seed_000059__repr_ratio__parallel_primitives,explicit_probability__seed_000059,explicit_probability,ratio,0.894736842105,0.984,0.8561364850680948,0.03860035703690523,0.9613996429630948
explicit_probability__seed_000060__repr_direct__parallel_primitives,explicit_probability__seed_000060,explicit_probability,direct,0.947368421053,0.9800000000000001,0.8387870362918046,0.10858138476119539,0.8914186152388046
explicit_probability__seed_000060__repr_distractor__parallel_primitives,explicit_probability__seed_000060,explicit_probability,distractor,0.947368421053,0.978,0.8308729780174302,0.1164954430355698,0.8835045569644302
explicit_probability__seed_000060__repr_prose__parallel_primitives,explicit_probability__seed_000060,explicit_probability,prose,0.947368421053,0.97,0.8028889519922593,0.14447946906074072,0.8555205309392593
explicit_probability__seed_000060__repr_ratio__parallel_primitives,explicit_probability__seed_000060,explicit_probability,ratio,0.947368421053,0.99,0.887715150980152,0.05965327007284804,0.940346729927152
explicit_probability__seed_000061__repr_direct__parallel_primitives,explicit_probability__seed_000061,explicit_probability,direct,1.0,1.0,0.9999999999999976,2.4424906541753444e-15,0.9999999999999976
explicit_probability__seed_000061__repr_distractor__parallel_primitives,explicit_probability__seed_000061,explicit_probability,distractor,1.0,1.0,0.9999999999999976,2.4424906541753444e-15,0.9999999999999976
explicit_probability__seed_000061__repr_prose__parallel_primitives,explicit_probability__seed_000061,explicit_probability,prose,1.0,1.0,0.9999999999999976,2.4424906541753444e-15,0.9999999999999976
explicit_probability__seed_000061__repr_ratio__parallel_primitives,explicit_probability__seed_000061,explicit_probability,ratio,1.0,1.0,0.9999999999999976,2.4424906541753444e-15,0.9999999999999976
frequency__seed_000042__repr_counts__parallel_primitives,frequency__seed_000042,frequency,counts,0.8,0.969,0.7997217798123255,0.00027822018767453827,0.9997217798123255
frequency__seed_000042__repr_distractor__parallel_primitives,frequency__seed_000042,frequency,distractor,0.8,0.954,0.7582277737021699,0.04177222629783017,0.9582277737021698
frequency__seed_000042__repr_prose__parallel_primitives,frequency__seed_000042,frequency,prose,0.8,0.9490000000000001,0.7462952406849686,0.05370475931503149,0.9462952406849685
frequency__seed_000042__repr_ratio__parallel_primitives,frequency__seed_000042,frequency,ratio,0.8,0.986,0.8657658810294779,0.06576588102947789,0.9342341189705221
frequency__seed_000042__repr_scaled_counts__parallel_primitives,frequency__seed_000042,frequency,scaled_counts,0.8,0.97,0.8028889519922593,0.0028889519922592477,0.9971110480077408
frequency__seed_000042__repr_table__parallel_primitives,frequency__seed_000042,frequency,table,0.8,0.976,0.8233732020802884,0.02337320208028837,0.9766267979197116
frequency__seed_000046__repr_counts__parallel_primitives,frequency__seed_000046,frequency,counts,0.65,0.944,0.7350680078430036,0.08506800784300361,0.9149319921569964
frequency__seed_000046__repr_distractor__parallel_primitives,frequency__seed_000046,frequency,distractor,0.65,0.9400000000000001,0.7265281824665113,0.07652818246651127,0.9234718175334887
frequency__seed_000046__repr_prose__parallel_primitives,frequency__seed_000046,frequency,prose,0.65,0.9359999999999999,0.7183370646809613,0.06833706468096123,0.9316629353190388
frequency__seed_000046__repr_ratio__parallel_primitives,frequency__seed_000046,frequency,ratio,0.65,0.97,0.8028889519922593,0.15288895199225927,0.8471110480077407
frequency__seed_000046__repr_scaled_counts__parallel_primitives,frequency__seed_000046,frequency,scaled_counts,0.65,0.944,0.7350680078430036,0.08506800784300361,0.9149319921569964
frequency__seed_000046__repr_table__parallel_primitives,frequency__seed_000046,frequency,table,0.65,0.958,0.7683640810044545,0.1183640810044545,0.8816359189955455
frequency__seed_000050__repr_counts__parallel_primitives,frequency__seed_000050,frequency,counts,0.29,0.476,0.30007058966819844,0.01007058966819846,0.9899294103318015
frequency__seed_000050__repr_distractor__parallel_primitives,frequency__seed_000050,frequency,distractor,0.29,0.5900000000000001,0.3715719525003246,0.08157195250032462,0.9184280474996753
frequency__seed_000050__repr_prose__parallel_primitives,frequency__seed_000050,frequency,prose,0.29,0.507,0.31888310561608835,0.028883105616088367,0.9711168943839117
frequency__seed_000050__repr_ratio__parallel_primitives,frequency__seed_000050,frequency,ratio,0.29,0.266,0.17767694720338867,0.11232305279661131,0.8876769472033887
frequency__seed_000050__repr_scaled_counts__parallel_primitives,frequency__seed_000050,frequency,scaled_counts,0.29,0.41600000000000004,0.2645371575304667,0.025462842469533287,0.9745371575304667
frequency__seed_000050__repr_table__parallel_primitives,frequency__seed_000050,frequency,table,0.29,0.5650000000000001,0.35527464893879845,0.06527464893879847,0.9347253510612015
frequency__seed_000054__repr_counts__parallel_primitives,frequency__seed_000054,frequency,counts,0.2,0.337,0.21874732796278068,0.01874732796278067,0.9812526720372193
frequency__seed_000054__repr_distractor__parallel_primitives,frequency__seed_000054,frequency,distractor,0.2,0.504,0.3170457114774754,0.11704571147747539,0.8829542885225246
frequency__seed_000054__repr_prose__parallel_primitives,frequency__seed_000054,frequency,prose,0.2,0.369,0.23722205220252612,0.03722205220252611,0.9627779477974738
frequency__seed_000054__repr_ratio__parallel_primitives,frequency__seed_000054,frequency,ratio,0.2,0.151,0.10873813578243377,0.09126186421756624,0.9087381357824338
frequency__seed_000054__repr_scaled_counts__parallel_primitives,frequency__seed_000054,frequency,scaled_counts,0.2,0.30300000000000005,0.19912761022798786,0.0008723897720121498,0.9991276102279878
frequency__seed_000054__repr_table__parallel_primitives,frequency__seed_000054,frequency,table,0.2,0.55,0.3456885139376642,0.1456885139376642,0.8543114860623358
frequency__seed_000058__repr_counts__parallel_primitives,frequency__seed_000058,frequency,counts,0.12,0.29500000000000004,0.1945026003956351,0.07450260039563511,0.925497399604365
frequency__seed_000058__repr_distractor__parallel_primitives,frequency__seed_000058,frequency,distractor,0.12,0.48200000000000004,0.3036832246095109,0.18368322460951092,0.8163167753904891
frequency__seed_000058__repr_prose__parallel_primitives,frequency__seed_000058,frequency,prose,0.12,0.24900000000000003,0.16775067478426786,0.047750674784267866,0.9522493252157321
frequency__seed_000058__repr_ratio__parallel_primitives,frequency__seed_000058,frequency,ratio,0.12,0.10600000000000001,0.0798501893920551,0.0401498106079449,0.9598501893920551
frequency__seed_000058__repr_scaled_counts__parallel_primitives,frequency__seed_000058,frequency,scaled_counts,0.12,0.242,0.16364556931494068,0.04364556931494068,0.9563544306850593
frequency__seed_000058__repr_table__parallel_primitives,frequency__seed_000058,frequency,table,0.12,0.533,0.3349793738945679,0.2149793738945679,0.7850206261054321
sequential_bayes__seed_000042__repr_direct__parallel_primitives,sequential_bayes__seed_000042,sequential_bayes,direct,0.7626689672812239,0.916,0.6815792318564369,0.08108973542478704,0.918910264575213
sequential_bayes__seed_000042__repr_prose__parallel_primitives,sequential_bayes__seed_000042,sequential_bayes,prose,0.7626689672812239,0.978,0.8308729780174302,0.0682040107362063,0.9317959892637937
sequential_bayes__seed_000042__repr_table__parallel_primitives,sequential_bayes__seed_000042,sequential_bayes,table,0.7626689672812239,0.9349999999999999,0.7163396705927285,0.04632929668849539,0.9536707033115046
sequential_bayes__seed_000043__repr_direct__parallel_primitives,sequential_bayes__seed_000043,sequential_bayes,direct,0.077757405790055,0.292,0.1927667537245808,0.1150093479345258,0.8849906520654742
sequential_bayes__seed_000043__repr_prose__parallel_primitives,sequential_bayes__seed_000043,sequential_bayes,prose,0.077757405790055,0.33199999999999996,0.215863587158459,0.138106181368404,0.861893818631596
sequential_bayes__seed_000043__repr_table__parallel_primitives,sequential_bayes__seed_000043,sequential_bayes,table,0.077757405790055,0.29700000000000004,0.195659360893652,0.117901955103597,0.882098044896403
sequential_bayes__seed_000044__repr_direct__parallel_primitives,sequential_bayes__seed_000044,sequential_bayes,direct,0.11267528685894272,0.23700000000000002,0.1607060968085306,0.048030809949587874,0.9519691900504121
sequential_bayes__seed_000044__repr_prose__parallel_primitives,sequential_bayes__seed_000044,sequential_bayes,prose,0.11267528685894272,0.317,0.2072109419156098,0.09453565505666707,0.9054643449433329
sequential_bayes__seed_000044__repr_table__parallel_primitives,sequential_bayes__seed_000044,sequential_bayes,table,0.11267528685894272,0.236,0.16011743549798724,0.047442148639044515,0.9525578513609555
sequential_bayes__seed_000045__repr_direct__parallel_primitives,sequential_bayes__seed_000045,sequential_bayes,direct,0.3509406267523842,0.6,0.3782147751854089,0.027274148433024725,0.9727258515669752
sequential_bayes__seed_000045__repr_prose__parallel_primitives,sequential_bayes__seed_000045,sequential_bayes,prose,0.3509406267523842,0.8390000000000001,0.5771358502261557,0.22619522347377147,0.7738047765262286
sequential_bayes__seed_000045__repr_table__parallel_primitives,sequential_bayes__seed_000045,sequential_bayes,table,0.3509406267523842,0.623,0.3937946159443457,0.04285398919196154,0.9571460108080385
sequential_bayes__seed_000046__repr_direct__parallel_primitives,sequential_bayes__seed_000046,sequential_bayes,direct,0.2207423923319519,0.277,0.18407245076309314,0.03666994156885875,0.9633300584311413
sequential_bayes__seed_000046__repr_prose__parallel_primitives,sequential_bayes__seed_000046,sequential_bayes,prose,0.2207423923319519,0.678,0.4330872616369039,0.21234486930495203,0.787655130695048
sequential_bayes__seed_000046__repr_table__parallel_primitives,sequential_bayes__seed_000046,sequential_bayes,table,0.2207423923319519,0.32599999999999996,0.21240302387680227,0.008339368455149626,0.9916606315448504
sequential_bayes__seed_000047__repr_direct__parallel_primitives,sequential_bayes__seed_000047,sequential_bayes,direct,0.7887928911656144,0.664,0.42277645356171834,0.366016437603896,0.633983562396104
sequential_bayes__seed_000047__repr_prose__parallel_primitives,sequential_bayes__seed_000047,sequential_bayes,prose,0.7887928911656144,0.9650000000000001,0.78763559744362,0.0011572937219943569,0.9988427062780056
sequential_bayes__seed_000047__repr_table__parallel_primitives,sequential_bayes__seed_000047,sequential_bayes,table,0.7887928911656144,0.631,0.3993204533066034,0.389472437859011,0.610527562140989
sequential_bayes__seed_000048__repr_direct__parallel_primitives,sequential_bayes__seed_000048,sequential_bayes,direct,0.9751627237748509,0.977,0.8270747999308756,0.1480879238439753,0.8519120761560247
sequential_bayes__seed_000048__repr_prose__parallel_primitives,sequential_bayes__seed_000048,sequential_bayes,prose,0.9751627237748509,0.9879999999999999,0.8762198234114162,0.09894290036343467,0.9010570996365653
sequential_bayes__seed_000048__repr_table__parallel_primitives,sequential_bayes__seed_000048,sequential_bayes,table,0.9751627237748509,0.9800000000000001,0.8387870362918046,0.1363756874830463,0.8636243125169537
sequential_bayes__seed_000049__repr_direct__parallel_primitives,sequential_bayes__seed_000049,sequential_bayes,direct,0.8003900273948994,0.93,0.7066312836213446,0.09375874377355475,0.9062412562264452
sequential_bayes__seed_000049__repr_prose__parallel_primitives,sequential_bayes__seed_000049,sequential_bayes,prose,0.8003900273948994,0.977,0.8270747999308756,0.02668477253597623,0.9733152274640238
sequential_bayes__seed_000049__repr_table__parallel_primitives,sequential_bayes__seed_000049,sequential_bayes,table,0.8003900273948994,0.9469999999999998,0.7417256583154528,0.05866436907944661,0.9413356309205534
sequential_bayes__seed_000050__repr_direct__parallel_primitives,sequential_bayes__seed_000050,sequential_bayes,direct,0.02762280113741506,0.06,0.048178649016928865,0.020555847879513804,0.9794441521204862
sequential_bayes__seed_000050__repr_prose__parallel_primitives,sequential_bayes__seed_000050,sequential_bayes,prose,0.02762280113741506,0.16699999999999998,0.11866617555512171,0.09104337441770666,0.9089566255822934
sequential_bayes__seed_000050__repr_table__parallel_primitives,sequential_bayes__seed_000050,sequential_bayes,table,0.02762280113741506,0.083,0.06435652957782836,0.0367337284404133,0.9632662715595867
sequential_bayes__seed_000051__repr_direct__parallel_primitives,sequential_bayes__seed_000051,sequential_bayes,direct,0.07608014616604873,0.121,0.08966255904852952,0.013582412882480785,0.9864175871175193
sequential_bayes__seed_000051__repr_prose__parallel_primitives,sequential_bayes__seed_000051,sequential_bayes,prose,0.07608014616604873,0.516,0.3244190157609006,0.24833886959485185,0.7516611304051481
sequential_bayes__seed_000051__repr_table__parallel_primitives,sequential_bayes__seed_000051,sequential_bayes,table,0.07608014616604873,0.139,0.1011865664816895,0.025106420315640768,0.9748935796843592
sequential_bayes__seed_000052__repr_direct__parallel_primitives,sequential_bayes__seed_000052,sequential_bayes,direct,0.15389933510803008,0.281,0.18639366016370562,0.03249432505567554,0.9675056749443245
sequential_bayes__seed_000052__repr_prose__parallel_primitives,sequential_bayes__seed_000052,sequential_bayes,prose,0.15389933510803008,0.481,0.30308022895088604,0.14918089384285596,0.8508191061571441
sequential_bayes__seed_000052__repr_table__parallel_primitives,sequential_bayes__seed_000052,sequential_bayes,table,0.15389933510803008,0.225,0.15362406408263524,0.0002752710253948465,0.9997247289746052
sequential_bayes__seed_000053__repr_direct__parallel_primitives,sequential_bayes__seed_000053,sequential_bayes,direct,0.02247158859218456,0.039,0.03260542721991201,0.010133838627727453,0.9898661613722726
sequential_bayes__seed_000053__repr_prose__parallel_primitives,sequential_bayes__seed_000053,sequential_bayes,prose,0.02247158859218456,0.23399999999999999,0.15893932012480555,0.13646773153262098,0.863532268467379
sequential_bayes__seed_000053__repr_table__parallel_primitives,sequential_bayes__seed_000053,sequential_bayes,table,0.02247158859218456,0.045,0.037149026189107204,0.014677437596922645,0.9853225624030774
sequential_bayes__seed_000054__repr_direct__parallel_primitives,sequential_bayes__seed_000054,sequential_bayes,direct,0.6251234123859295,0.557,0.35014527513513405,0.27497813725079545,0.7250218627492045
sequential_bayes__seed_000054__repr_prose__parallel_primitives,sequential_bayes__seed_000054,sequential_bayes,prose,0.6251234123859295,0.953,0.7557793451713359,0.13065593278540644,0.8693440672145936
sequential_bayes__seed_000054__repr_table__parallel_primitives,sequential_bayes__seed_000054,sequential_bayes,table,0.6251234123859295,0.622,0.3931079302530448,0.2320154821328847,0.7679845178671153
sequential_bayes__seed_000055__repr_direct__parallel_primitives,sequential_bayes__seed_000055,sequential_bayes,direct,0.9948143100686025,0.976,0.8233732020802884,0.17144110798831413,0.8285588920116859
sequential_bayes__seed_000055__repr_prose__parallel_primitives,sequential_bayes__seed_000055,sequential_bayes,prose,0.9948143100686025,0.99,0.887715150980152,0.10709915908845058,0.8929008409115494
sequential_bayes__seed_000055__repr_table__parallel_primitives,sequential_bayes__seed_000055,sequential_bayes,table,0.9948143100686025,0.9810000000000001,0.8429190811745784,0.15189522889402418,0.8481047711059758
sequential_bayes__seed_000056__repr_direct__parallel_primitives,sequential_bayes__seed_000056,sequential_bayes,direct,0.6769462255144328,0.898,0.6529835986115309,0.023962626902901962,0.976037373097098
sequential_bayes__seed_000056__repr_prose__parallel_primitives,sequential_bayes__seed_000056,sequential_bayes,prose,0.6769462255144328,0.9629999999999999,0.7819061075806222,0.10495988206618934,0.8950401179338107
sequential_bayes__seed_000056__repr_table__parallel_primitives,sequential_bayes__seed_000056,sequential_bayes,table,0.6769462255144328,0.931,0.7085372649003558,0.031591039385923,0.968408960614077
sequential_bayes__seed_000057__repr_direct__parallel_primitives,sequential_bayes__seed_000057,sequential_bayes,direct,0.6583011485114412,0.882,0.630142906809479,0.028158241701962128,0.9718417582980379
sequential_bayes__seed_000057__repr_prose__parallel_primitives,sequential_bayes__seed_000057,sequential_bayes,prose,0.6583011485114412,0.967,0.7935677061836268,0.13526655767218565,0.8647334423278144
sequential_bayes__seed_000057__repr_table__parallel_primitives,sequential_bayes__seed_000057,sequential_bayes,table,0.6583011485114412,0.898,0.6529835986115309,0.00531754989991029,0.9946824501000897
sequential_bayes__seed_000058__repr_direct__parallel_primitives,sequential_bayes__seed_000058,sequential_bayes,direct,0.008611190063057283,0.066,0.05247634164155997,0.04386515157850268,0.9561348484214973
sequential_bayes__seed_000058__repr_prose__parallel_primitives,sequential_bayes__seed_000058,sequential_bayes,prose,0.008611190063057283,0.122,0.09030957816928437,0.08169838810622708,0.9183016118937729
sequential_bayes__seed_000058__repr_table__parallel_primitives,sequential_bayes__seed_000058,sequential_bayes,table,0.008611190063057283,0.043,0.03564369099826495,0.027032500935207666,0.9729674990647923
sequential_bayes__seed_000059__repr_direct__parallel_primitives,sequential_bayes__seed_000059,sequential_bayes,direct,0.03849325907238422,0.062,0.049617865844522754,0.011124606772138536,0.9888753932278614
sequential_bayes__seed_000059__repr_prose__parallel_primitives,sequential_bayes__seed_000059,sequential_bayes,prose,0.03849325907238422,0.195,0.13571605449112584,0.09722279541874163,0.9027772045812583
sequential_bayes__seed_000059__repr_table__parallel_primitives,sequential_bayes__seed_000059,sequential_bayes,table,0.03849325907238422,0.046,0.0378983878940128,0.0005948711783714186,0.9994051288216286
sequential_bayes__seed_000060__repr_direct__parallel_primitives,sequential_bayes__seed_000060,sequential_bayes,direct,0.10343497142093172,0.21400000000000002,0.1470943536244943,0.04365938220356258,0.9563406177964374
sequential_bayes__seed_000060__repr_prose__parallel_primitives,sequential_bayes__seed_000060,sequential_bayes,prose,0.10343497142093172,0.42699999999999994,0.2709834019845879,0.1675484305636562,0.8324515694363438
sequential_bayes__seed_000060__repr_table__parallel_primitives,sequential_bayes__seed_000060,sequential_bayes,table,0.10343497142093172,0.307,0.20143828714408996,0.09800331572315824,0.9019966842768418
sequential_bayes__seed_000061__repr_direct__parallel_primitives,sequential_bayes__seed_000061,sequential_bayes,direct,0.6542643257081491,0.932,0.7104606760514942,0.056196350343345136,0.9438036496566549
sequential_bayes__seed_000061__repr_prose__parallel_primitives,sequential_bayes__seed_000061,sequential_bayes,prose,0.6542643257081491,0.9640000000000001,0.7847466269268297,0.13048230121868065,0.8695176987813193
sequential_bayes__seed_000061__repr_table__parallel_primitives,sequential_bayes__seed_000061,sequential_bayes,table,0.6542643257081491,0.952,0.7533628893931366,0.09909856368498748,0.9009014363150125
