group_key,group,rule,n_total,n_train,n_test,mae,rmse,r2,false_max_level,true_min_level,alpha_0,alpha_1,alpha_2,alpha_3,alpha_4,alpha_5,alpha_6,alpha_7,alpha_8,alpha_9,ridge_intercept,ridge_w_0,ridge_w_1,ridge_w_2,ridge_w_3,ridge_w_4,ridge_w_5,ridge_w_6,ridge_w_7,ridge_w_8,ridge_w_9
representation,counts,expected_truth,12,9,3,0.17207418529640747,0.17318187060435075,-3.307539300941511,,,,,,,,,,,,,,,,,,,,,,,
representation,counts,hard_threshold,12,9,3,0.0520196863530196,0.06500592484607264,0.39308163561471976,,,,,,,,,,,,,,,,,,,,,,,
representation,counts,crisp_unknown_conditional,12,9,3,0.01065665665665668,0.017339173776381344,0.9568201435397046,2,3,,,,,,,,,,,,,,,,,,,,,
representation,counts,monotonic_collapse,12,9,3,0.011287119452515556,0.01674531616341697,0.9597272673191124,,,0.0,0.13029538900696025,0.24353670013431247,0.7434766740063113,0.959174518689287,0.9724905303501523,0.9724905303501523,1.0,1.0,1.0,,,,,,,,,,,
representation,counts,full_q_ridge,12,9,3,0.027059337151941493,0.02911872562700557,0.8782219194550702,,,,,,,,,,,,,0.7468753054074786,-0.3046749156400011,-0.7411454005574782,-0.4023919943269793,-0.14726030356955302,-0.0028738806975035806,0.4218610999327974,0.32787872990189487,0.044529686376907365,0.5070096531005285,0.29706732547979076
representation,direct,expected_truth,87,65,22,0.2326956832570897,0.26150871501915207,-0.1747638238194571,,,,,,,,,,,,,,,,,,,,,,,
representation,direct,hard_threshold,87,65,22,0.18010485022270376,0.2543891963326891,-0.11166915942636746,,,,,,,,,,,,,,,,,,,,,,,
representation,direct,crisp_unknown_conditional,87,65,22,0.09276527527246127,0.13472350632065158,0.6882079874200029,0,5,,,,,,,,,,,,,,,,,,,,,
representation,direct,monotonic_collapse,87,65,22,0.06485981254631056,0.08326032068395774,0.880915732576263,,,0.0,0.0008595325324546895,0.7054194095493701,0.7054194095493701,0.7054194095493701,1.0,1.0,1.0,1.0,1.0,,,,,,,,,,,
representation,direct,full_q_ridge,87,65,22,0.061866353921991475,0.082743644330407,0.8823891142984563,,,,,,,,,,,,,0.7504809551374301,-0.7921801576712083,-0.8915852718937215,0.38711736678640984,-0.5997066134110887,0.3888771295790031,0.4830542349283803,0.23131553265270124,0.3381398065609512,0.23401077803823458,0.22095719443950987
representation,distractor,expected_truth,52,38,14,0.29242212847768406,0.29802932718891767,-4.4063082732018115,,,,,,,,,,,,,,,,,,,,,,,
representation,distractor,hard_threshold,52,38,14,0.23722143572143572,0.29247280946022997,-4.206594977287481,,,,,,,,,,,,,,,,,,,,,,,
representation,distractor,crisp_unknown_conditional,52,38,14,0.053770165830137946,0.07259204884305055,0.6792542507379549,1,3,,,,,,,,,,,,,,,,,,,,,
representation,distractor,monotonic_collapse,52,38,14,0.04420670124041335,0.057875154459276684,0.7961235196719492,,,0.0,0.07873314075325206,0.7165396362332006,0.7165396362332006,1.0,1.0,1.0,1.0,1.0,1.0,,,,,,,,,,,
representation,distractor,full_q_ridge,52,38,14,0.06128760403977069,0.08468362394866412,0.5635025900032462,,,,,,,,,,,,,0.8345024031989015,-0.8007556513651837,-0.9421404658567785,0.02749470006006194,-0.8189863078101705,1.9738148204389925,-0.2989074041656815,0.3408835833568249,0.12076751093581467,0.22584686679103894,0.17198234761874098
representation,nested,expected_truth,20,14,6,0.3108646794943091,0.3155890553714945,-5.998815662261933,,,,,,,,,,,,,,,,,,,,,,,
representation,nested,hard_threshold,20,14,6,0.2587454120787454,0.2734750215685577,-4.255523938631756,,,,,,,,,,,,,,,,,,,,,,,
representation,nested,crisp_unknown_conditional,20,14,6,0.0704351206466619,0.07693342761552024,0.584078996659731,0,6,,,,,,,,,,,,,,,,,,,,,
representation,nested,monotonic_collapse,20,14,6,0.07573145443940743,0.08185428975443822,0.529170596268713,,,0.0,0.6595927641592018,0.7043363632936089,0.7043363632936089,0.7043363632936089,1.0,1.0,1.0,1.0,1.0,,,,,,,,,,,
representation,nested,full_q_ridge,20,14,6,0.05296128859998287,0.087035790151132,0.46767551709194477,,,,,,,,,,,,,0.7577303448659933,1.7543168268245393,-0.42001398122840516,0.006412761992349629,-0.46784616276696894,-2.0905935656978833,-0.23496931582745378,0.5489074781161969,-0.08595224486549964,0.4594968578497919,0.5302413456050042
representation,prose,expected_truth,92,70,22,0.20320418903752235,0.21994977923627262,-0.048031088216246465,,,,,,,,,,,,,,,,,,,,,,,
representation,prose,hard_threshold,92,70,22,0.1409290199290199,0.21678923286883683,-0.01812832938626263,,,,,,,,,,,,,,,,,,,,,,,
representation,prose,crisp_unknown_conditional,92,70,22,0.06387919737919737,0.08721636227458736,0.8352129640988524,2,3,,,,,,,,,,,,,,,,,,,,,
representation,prose,monotonic_collapse,92,70,22,0.03732199991504888,0.05444364427951382,0.9357872188581822,,,0.0,0.19631864123633477,0.37842248525131267,0.8352072394571576,0.8352072394571576,0.8352072394571576,0.9450906118857303,1.0,1.0,1.0,,,,,,,,,,,
representation,prose,full_q_ridge,92,70,22,0.03765888692663939,0.053097866019139676,0.9389225018354305,,,,,,,,,,,,,0.7037086220246247,-0.7366985834120647,-0.5000781674888861,-0.3278311878635264,0.10752433990353483,0.1838491639606678,0.1556876198201594,0.22737338374670116,0.31133939600196553,0.32241864402071857,0.2564153913134105
representation,ratio,expected_truth,25,20,5,0.17448417493799012,0.195107494944577,0.7015786749343833,,,,,,,,,,,,,,,,,,,,,,,
representation,ratio,hard_threshold,25,20,5,0.11015020080321287,0.14862547317099453,0.8268316777967473,,,,,,,,,,,,,,,,,,,,,,,
representation,ratio,crisp_unknown_conditional,25,20,5,0.15068514056224902,0.2385365133655166,0.5539416407346844,3,4,,,,,,,,,,,,,,,,,,,,,
representation,ratio,monotonic_collapse,25,20,5,0.020737961920158688,0.028878755474517983,0.993462090637102,,,0.0,0.03301974850935623,0.18836312316525844,0.2550306698051221,0.2550306698051221,0.9465857015888045,0.9465857015888045,0.9842818412477061,0.9944333304607385,1.0,,,,,,,,,,,
representation,ratio,full_q_ridge,25,20,5,0.06557388463421956,0.11703261310100507,0.8926268355192969,,,,,,,,,,,,,0.5445488356932977,-0.5316534395154308,-0.5017292630510704,-0.3827828164342118,-0.19834805480339918,-0.5500500676656699,0.4357346062052405,0.3668891540578445,0.450791855692535,0.4452027070609799,0.4659453184527078
representation,scaled_counts,insufficient_data,5,,0,,,,,,,,,,,,,,,,,,,,,,,,,,
representation,table,expected_truth,72,55,17,0.16198293718555157,0.1902760173875569,0.583093330928053,,,,,,,,,,,,,,,,,,,,,,,
representation,table,hard_threshold,72,55,17,0.11031955484896659,0.13366828219867924,0.7942558618260334,,,,,,,,,,,,,,,,,,,,,,,
representation,table,crisp_unknown_conditional,72,55,17,0.07987081198845905,0.10283519854135559,0.878226070994928,2,3,,,,,,,,,,,,,,,,,,,,,
representation,table,monotonic_collapse,72,55,17,0.06603521686156803,0.08239595474383825,0.9218223668904958,,,0.0,0.0,0.5046541240263108,0.5046541240263108,0.5046541240263108,1.0,1.0,1.0,1.0,1.0,,,,,,,,,,,
representation,table,full_q_ridge,72,55,17,0.071773764893066,0.0815715275670892,0.9233789802904501,,,,,,,,,,,,,0.6387991464401099,-0.6324188324024771,-0.7942842587695351,0.2425901223731233,-0.2237974230580992,-0.611148649244519,0.32247049707188213,0.4393193603898901,0.4162073472174709,0.3949039722977575,0.4461578641200422
