policy,lambda,n,mean_loss,oracle_loss,mean_regret,coverage,abstention_rate,t_rate,f_rate
Choice reject,0.01,365,0.009808219178082191,0.009596447883093032,0.00021177129498915938,0.019178082191780823,0.9808219178082191,0.010958904109589041,0.00821917808219178
Score reject,0.01,365,0.009835616438356164,0.009596447883093032,0.00023916855526313197,0.01643835616438356,0.9835616438356164,0.005479452054794521,0.010958904109589041
Corrected Choice reject,0.01,365,0.00978082191780822,0.009596447883093032,0.00018437403471518676,0.021917808219178082,0.9780821917808219,0.010958904109589041,0.010958904109589041
T/U/F ambiguity reject,0.01,365,0.009863013698630137,0.009596447883093032,0.0002665658155371046,0.0136986301369863,0.9863013698630136,0.005479452054794521,0.00821917808219178
Choice reject,0.02,365,0.02247376223624453,0.018966310896791662,0.0035074513394528664,0.06027397260273973,0.9397260273972603,0.049315068493150684,0.010958904109589041
Score reject,0.02,365,0.01956164383561644,0.018966310896791662,0.0005953329388247758,0.021917808219178082,0.9780821917808219,0.010958904109589041,0.010958904109589041
Corrected Choice reject,0.02,365,0.0198167216244656,0.018966310896791662,0.0008504107276739373,0.03561643835616438,0.9643835616438357,0.024657534246575342,0.010958904109589041
T/U/F ambiguity reject,0.02,365,0.019616438356164383,0.018966310896791662,0.000650127459372721,0.019178082191780823,0.9808219178082191,0.010958904109589041,0.00821917808219178
Choice reject,0.03,365,0.036550885888409684,0.028157426084279208,0.008393459804130475,0.10136986301369863,0.8986301369863013,0.09041095890410959,0.010958904109589041
Score reject,0.03,365,0.029342465753424654,0.028157426084279208,0.001185039669145445,0.021917808219178082,0.9780821917808219,0.010958904109589041,0.010958904109589041
Corrected Choice reject,0.03,365,0.032476607830424845,0.028157426084279208,0.0043191817461456315,0.08493150684931507,0.915068493150685,0.07397260273972603,0.010958904109589041
T/U/F ambiguity reject,0.03,365,0.029424657534246577,0.028157426084279208,0.0012672314499673628,0.019178082191780823,0.9808219178082191,0.010958904109589041,0.00821917808219178
Choice reject,0.04,365,0.05617988522816253,0.036947601639742665,0.019232283588419868,0.17534246575342466,0.8246575342465754,0.1589041095890411,0.01643835616438356
Score reject,0.04,365,0.03912328767123288,0.036947601639742665,0.0021756860314902137,0.021917808219178082,0.9780821917808219,0.010958904109589041,0.010958904109589041
Corrected Choice reject,0.04,365,0.0480767060632439,0.036947601639742665,0.011129104423501233,0.136986301369863,0.863013698630137,0.12602739726027398,0.010958904109589041
T/U/F ambiguity reject,0.04,365,0.039232876712328765,0.036947601639742665,0.002285275072586104,0.019178082191780823,0.9808219178082191,0.010958904109589041,0.00821917808219178
Choice reject,0.05,365,0.08083596831510625,0.04552801890098242,0.03530794941412384,0.27671232876712326,0.7232876712328767,0.25205479452054796,0.024657534246575342
Score reject,0.05,365,0.0489041095890411,0.04552801890098242,0.0033760906880586855,0.021917808219178082,0.9780821917808219,0.010958904109589041,0.010958904109589041
Corrected Choice reject,0.05,365,0.06128158829655938,0.04552801890098242,0.015753569395576962,0.1643835616438356,0.8356164383561644,0.15342465753424658,0.010958904109589041
T/U/F ambiguity reject,0.05,365,0.04904109589041097,0.04552801890098242,0.003513076989428549,0.019178082191780823,0.9808219178082191,0.010958904109589041,0.00821917808219178
Choice reject,0.06,365,0.10580173990563549,0.05383227268612213,0.05196946721951335,0.3452054794520548,0.6547945205479452,0.3178082191780822,0.0273972602739726
Score reject,0.06,365,0.05868493150684931,0.05383227268612213,0.004852658820727178,0.021917808219178082,0.9780821917808219,0.010958904109589041,0.010958904109589041
Corrected Choice reject,0.06,365,0.07329590445221762,0.05383227268612213,0.019463631766095488,0.19452054794520549,0.8054794520547945,0.18356164383561643,0.010958904109589041
T/U/F ambiguity reject,0.06,365,0.058849315068493155,0.05383227268612213,0.005017042382371014,0.019178082191780823,0.9808219178082191,0.010958904109589041,0.00821917808219178
Choice reject,0.07,365,0.12312373035935414,0.062078848028587895,0.06104488233076624,0.40273972602739727,0.5972602739726027,0.36712328767123287,0.03561643835616438
Score reject,0.07,365,0.06846575342465754,0.062078848028587895,0.006386905396069645,0.021917808219178082,0.9780821917808219,0.010958904109589041,0.010958904109589041
Corrected Choice reject,0.07,365,0.0894045339892341,0.062078848028587895,0.02732568596064622,0.23013698630136986,0.7698630136986301,0.2191780821917808,0.010958904109589041
T/U/F ambiguity reject,0.07,365,0.06865753424657535,0.062078848028587895,0.006578686217987454,0.019178082191780823,0.9808219178082191,0.010958904109589041,0.00821917808219178
Choice reject,0.08,365,0.1379210084268121,0.07023022516795313,0.06769078325885897,0.43561643835616437,0.5643835616438356,0.4,0.03561643835616438
Score reject,0.08,365,0.07824657534246576,0.07023022516795313,0.008016350174512629,0.021917808219178082,0.9780821917808219,0.010958904109589041,0.010958904109589041
Corrected Choice reject,0.08,365,0.10515674814016229,0.07023022516795313,0.034926522972209155,0.26301369863013696,0.736986301369863,0.25205479452054796,0.010958904109589041
T/U/F ambiguity reject,0.08,365,0.07824657534246576,0.07023022516795313,0.008016350174512629,0.021917808219178082,0.9780821917808219,0.010958904109589041,0.010958904109589041
Choice reject,0.09,365,0.14734572991184985,0.07821080894570899,0.06913492096614088,0.4547945205479452,0.5452054794520548,0.4136986301369863,0.0410958904109589
Score reject,0.09,365,0.08802739726027396,0.07821080894570899,0.009816588314564972,0.021917808219178082,0.9780821917808219,0.010958904109589041,0.010958904109589041
Corrected Choice reject,0.09,365,0.11903290039262318,0.07821080894570899,0.0408220914469142,0.29041095890410956,0.7095890410958904,0.27945205479452057,0.010958904109589041
T/U/F ambiguity reject,0.09,365,0.08802739726027396,0.07821080894570899,0.009816588314564972,0.021917808219178082,0.9780821917808219,0.010958904109589041,0.010958904109589041
Choice reject,0.1,365,0.15618795516894013,0.0861286171648871,0.07005933800405303,0.4712328767123288,0.5287671232876713,0.4273972602739726,0.043835616438356165
Score reject,0.1,365,0.09760992548256828,0.0861286171648871,0.01148130831768118,0.024657534246575342,0.9753424657534246,0.010958904109589041,0.0136986301369863
Corrected Choice reject,0.1,365,0.13458355480259654,0.0861286171648871,0.04845493763770946,0.3287671232876712,0.6712328767123288,0.3178082191780822,0.010958904109589041
T/U/F ambiguity reject,0.1,365,0.0978082191780822,0.0861286171648871,0.01167960201319511,0.021917808219178082,0.9780821917808219,0.010958904109589041,0.010958904109589041
Choice reject,0.11,365,0.16451408143686552,0.09387536185356049,0.07063871958330505,0.4876712328767123,0.5123287671232877,0.4410958904109589,0.04657534246575343
Score reject,0.11,365,0.10634230019450173,0.09387536185356049,0.012466938340941232,0.03561643835616438,0.9643835616438357,0.010958904109589041,0.024657534246575342
Corrected Choice reject,0.11,365,0.1454744885390322,0.09387536185356049,0.05159912668547171,0.34794520547945207,0.6520547945205479,0.336986301369863,0.010958904109589041
T/U/F ambiguity reject,0.11,365,0.10758904109589042,0.09387536185356049,0.01371367924232992,0.021917808219178082,0.9780821917808219,0.010958904109589041,0.010958904109589041
Choice reject,0.12,365,0.1721597585285045,0.10134940530719563,0.07081035322130884,0.4958904109589041,0.5041095890410959,0.44931506849315067,0.04657534246575343
Score reject,0.12,365,0.11486520667697249,0.10134940530719563,0.01351580136977684,0.049315068493150684,0.9506849315068493,0.0136986301369863,0.03561643835616438
Corrected Choice reject,0.12,365,0.15939652405697174,0.10134940530719563,0.058047118749776125,0.3835616438356164,0.6164383561643836,0.3726027397260274,0.010958904109589041
T/U/F ambiguity reject,0.12,365,0.11718529199711507,0.10134940530719563,0.01583588668991943,0.024657534246575342,0.9753424657534246,0.0136986301369863,0.010958904109589041
Choice reject,0.13,365,0.1767205567099541,0.10847861870858087,0.06824193800137321,0.5013698630136987,0.4986301369863014,0.44931506849315067,0.052054794520547946
Score reject,0.13,365,0.12379697212828646,0.10847861870858087,0.015318353419705588,0.0547945205479452,0.9452054794520548,0.0136986301369863,0.0410958904109589
Corrected Choice reject,0.13,365,0.16805901884435995,0.10847861870858087,0.05958040013577909,0.4,0.6,0.3863013698630137,0.0136986301369863
T/U/F ambiguity reject,0.13,365,0.12693871665464931,0.10847861870858087,0.018460097946068454,0.024657534246575342,0.9753424657534246,0.0136986301369863,0.010958904109589041
Choice reject,0.14,365,0.18172495797558433,0.11544134179671511,0.06628361617886924,0.5068493150684932,0.4931506849315068,0.44931506849315067,0.057534246575342465
Score reject,0.14,365,0.13315385749238234,0.11544134179671511,0.017712515695667234,0.057534246575342465,0.9424657534246575,0.01643835616438356,0.0410958904109589
Corrected Choice reject,0.14,365,0.17790209166259544,0.11544134179671511,0.06246074986588032,0.4191780821917808,0.5808219178082191,0.40273972602739727,0.01643835616438356
T/U/F ambiguity reject,0.14,365,0.13659697188175893,0.11544134179671511,0.021155630085043797,0.0273972602739726,0.9726027397260274,0.01643835616438356,0.010958904109589041
Choice reject,0.15,365,0.1866564648248994,0.12234748081244315,0.06430898401245624,0.5068493150684932,0.4931506849315068,0.44931506849315067,0.057534246575342465
Score reject,0.15,365,0.14175666013938656,0.12234748081244315,0.019409179326943412,0.06575342465753424,0.9342465753424658,0.021917808219178082,0.043835616438356165
Corrected Choice reject,0.15,365,0.1885477788831356,0.12234748081244315,0.06620029807069241,0.44931506849315067,0.5506849315068493,0.4246575342465753,0.024657534246575342
T/U/F ambiguity reject,0.15,365,0.14558333617259875,0.12234748081244315,0.02323585536015559,0.03287671232876712,0.9671232876712329,0.021917808219178082,0.010958904109589041
Choice reject,0.16,365,0.19169756071531036,0.12891910211750823,0.06277845859780214,0.5095890410958904,0.4904109589041096,0.44931506849315067,0.06027397260273973
Score reject,0.16,365,0.14981532779826595,0.12891910211750823,0.020896225680757705,0.07671232876712329,0.9232876712328767,0.024657534246575342,0.052054794520547946
Corrected Choice reject,0.16,365,0.2015669586010525,0.12891910211750823,0.07264785648354428,0.4712328767123288,0.5287671232876713,0.4438356164383562,0.0273972602739726
T/U/F ambiguity reject,0.16,365,0.15483042025460259,0.12891910211750823,0.025911318137094352,0.03561643835616438,0.9643835616438357,0.024657534246575342,0.010958904109589041
Choice reject,0.17,365,0.19853421064735527,0.13512847896431432,0.06340573168304096,0.5232876712328767,0.4767123287671233,0.4547945205479452,0.0684931506849315
Score reject,0.17,365,0.15552309818836224,0.13512847896431432,0.020394619224047922,0.10684931506849316,0.8931506849315068,0.04657534246575343,0.06027397260273973
Corrected Choice reject,0.17,365,0.20692559690451687,0.13512847896431432,0.07179711794020253,0.4904109589041096,0.5095890410958904,0.4520547945205479,0.038356164383561646
T/U/F ambiguity reject,0.17,365,0.161376615622759,0.13512847896431432,0.02624813665844471,0.057534246575342465,0.9424657534246575,0.04657534246575343,0.010958904109589041
Choice reject,0.18,365,0.20439434042385118,0.1411284789643143,0.06326586145953686,0.5260273972602739,0.473972602739726,0.4575342465753425,0.0684931506849315
Score reject,0.18,365,0.16382460519339462,0.1411284789643143,0.0226961262290803,0.1178082191780822,0.8821917808219178,0.049315068493150684,0.0684931506849315
Corrected Choice reject,0.18,365,0.2185421817532012,0.1411284789643143,0.07741370278888689,0.5232876712328767,0.4767123287671233,0.4821917808219178,0.0410958904109589
T/U/F ambiguity reject,0.18,365,0.1707700891656362,0.1411284789643143,0.029641610201321902,0.06027397260273973,0.9397260273972603,0.049315068493150684,0.010958904109589041
Choice reject,0.19,365,0.20972590456573675,0.14708705930577198,0.06263884525996478,0.5342465753424658,0.4657534246575342,0.46301369863013697,0.07123287671232877
Score reject,0.19,365,0.1704969250738192,0.14708705930577198,0.023409865768047225,0.136986301369863,0.863013698630137,0.06027397260273973,0.07671232876712329
Corrected Choice reject,0.19,365,0.22583636596117462,0.14708705930577198,0.07874930665540264,0.5315068493150685,0.4684931506849315,0.4904109589041096,0.0410958904109589
T/U/F ambiguity reject,0.19,365,0.17908256437740314,0.14708705930577198,0.03199550507163116,0.07123287671232877,0.9287671232876712,0.06027397260273973,0.010958904109589041
Choice reject,0.2,365,0.21632393810551642,0.15294686729978652,0.06337707080572992,0.5452054794520548,0.4547945205479452,0.4712328767123288,0.07397260273972603
Score reject,0.2,365,0.17857590003369025,0.15294686729978652,0.02562903273390372,0.15342465753424658,0.8465753424657534,0.07397260273972603,0.07945205479452055
Corrected Choice reject,0.2,365,0.23632032949234613,0.15294686729978652,0.08337346219255962,0.5561643835616439,0.4438356164383562,0.5150684931506849,0.0410958904109589
T/U/F ambiguity reject,0.2,365,0.18803825166604127,0.15294686729978652,0.03509138436625477,0.08493150684931507,0.915068493150685,0.07397260273972603,0.010958904109589041
Choice reject,0.21,365,0.22392421594454598,0.1583512854165334,0.06557293052801258,0.5534246575342465,0.4465753424657534,0.4794520547945205,0.07397260273972603
Score reject,0.21,365,0.18500524193161558,0.1583512854165334,0.026653956515082174,0.1917808219178082,0.8082191780821918,0.09315068493150686,0.09863013698630137
Corrected Choice reject,0.21,365,0.24049434538915118,0.1583512854165334,0.08214305997261781,0.5643835616438356,0.43561643835616437,0.5205479452054794,0.043835616438356165
T/U/F ambiguity reject,0.21,365,0.19626415730581062,0.1583512854165334,0.03791287188927723,0.10410958904109589,0.8958904109589041,0.09315068493150686,0.010958904109589041
Choice reject,0.22,365,0.231700209649285,0.16344123569821875,0.06825897395106625,0.5671232876712329,0.4328767123287671,0.4904109589041096,0.07671232876712329
Score reject,0.22,365,0.1907835749029489,0.16344123569821875,0.02734233920473015,0.2191780821917808,0.7808219178082192,0.11232876712328767,0.10684931506849316
Corrected Choice reject,0.22,365,0.2475532967572769,0.16344123569821875,0.08411206105905818,0.5753424657534246,0.4246575342465753,0.5315068493150685,0.043835616438356165
T/U/F ambiguity reject,0.22,365,0.20378650405407292,0.16344123569821875,0.040345268355854155,0.1232876712328767,0.8767123287671232,0.11232876712328767,0.010958904109589041
Choice reject,0.23,365,0.240702882430215,0.16840866905985125,0.07229421337036376,0.5863013698630137,0.4136986301369863,0.5068493150684932,0.07945205479452055
Score reject,0.23,365,0.19681854135653443,0.16840866905985125,0.0284098722966832,0.25205479452054796,0.7479452054794521,0.12876712328767123,0.1232876712328767
Corrected Choice reject,0.23,365,0.26030468792040196,0.16840866905985125,0.09189601886055074,0.5972602739726027,0.40273972602739727,0.5452054794520548,0.052054794520547946
T/U/F ambiguity reject,0.23,365,0.21206939382411727,0.16840866905985125,0.04366072476426602,0.13972602739726028,0.8602739726027397,0.12876712328767123,0.010958904109589041
Choice reject,0.24,365,0.2462943000106596,0.17329084193151242,0.0730034580791472,0.6082191780821918,0.3917808219178082,0.5205479452054794,0.08767123287671233
Score reject,0.24,365,0.20216115843483873,0.17329084193151242,0.028870316503326308,0.273972602739726,0.726027397260274,0.136986301369863,0.136986301369863
Corrected Choice reject,0.24,365,0.26891538903488865,0.17329084193151242,0.09562454710337626,0.6136986301369863,0.3863013698630137,0.5589041095890411,0.0547945205479452
T/U/F ambiguity reject,0.24,365,0.22001759403715465,0.17329084193151242,0.046726752105642255,0.14794520547945206,0.852054794520548,0.136986301369863,0.010958904109589041
Choice reject,0.25,365,0.2529364670404897,0.17804286876964495,0.07489359827084481,0.6246575342465753,0.37534246575342467,0.5287671232876713,0.0958904109589041
Score reject,0.25,365,0.20890023678587127,0.17804286876964495,0.030857368016226346,0.29041095890410956,0.7095890410958904,0.14520547945205478,0.14520547945205478
Corrected Choice reject,0.25,365,0.27549750571379705,0.17804286876964495,0.09745463694415211,0.6273972602739726,0.3726027397260274,0.5671232876712329,0.06027397260273973
T/U/F ambiguity reject,0.25,365,0.22873020694084065,0.17804286876964495,0.05068733817119573,0.15616438356164383,0.8438356164383561,0.14520547945205478,0.010958904109589041
Choice reject,0.26,365,0.2582047127911655,0.18272780027649424,0.07547691251467127,0.6301369863013698,0.3698630136986301,0.5342465753424658,0.0958904109589041
Score reject,0.26,365,0.2156649066157129,0.18272780027649424,0.032937106339218654,0.32054794520547947,0.6794520547945205,0.1643835616438356,0.15616438356164383
Corrected Choice reject,0.26,365,0.28138282923720404,0.18272780027649424,0.09865502896070981,0.6383561643835617,0.36164383561643837,0.5726027397260274,0.06575342465753424
T/U/F ambiguity reject,0.26,365,0.235857993748721,0.18272780027649424,0.05313019347222675,0.17534246575342466,0.8246575342465754,0.1643835616438356,0.010958904109589041
Choice reject,0.27,365,0.26552367337709853,0.18719024567282494,0.0783334277042736,0.6438356164383562,0.3561643835616438,0.5452054794520548,0.09863013698630137
Score reject,0.27,365,0.2195348192160818,0.18719024567282494,0.03234457354325684,0.34794520547945207,0.6520547945205479,0.17534246575342466,0.1726027397260274
Corrected Choice reject,0.27,365,0.28947312340100895,0.18719024567282494,0.10228287772818402,0.6575342465753424,0.3424657534246575,0.589041095890411,0.0684931506849315
T/U/F ambiguity reject,0.27,365,0.2434205561035758,0.18719024567282494,0.05623031043075084,0.1863013698630137,0.8136986301369863,0.17534246575342466,0.010958904109589041
Choice reject,0.28,365,0.27440778779657576,0.19150673698206577,0.08290105081450998,0.6657534246575343,0.33424657534246577,0.5643835616438356,0.10136986301369863
Score reject,0.28,365,0.2232577800666496,0.19150673698206577,0.031751043084583805,0.38082191780821917,0.6191780821917808,0.19452054794520549,0.1863013698630137
Corrected Choice reject,0.28,365,0.29380183334145316,0.19150673698206577,0.10229509635938741,0.6657534246575343,0.33424657534246577,0.5945205479452055,0.07123287671232877
T/U/F ambiguity reject,0.28,365,0.25042842348996397,0.19150673698206577,0.058921686507898224,0.2054794520547945,0.7945205479452054,0.19452054794520549,0.010958904109589041
Choice reject,0.29,365,0.28314170822166224,0.19562666209702884,0.08751504612463343,0.6876712328767123,0.31232876712328766,0.5808219178082191,0.10684931506849316
Score reject,0.29,365,0.2281821563272099,0.19562666209702884,0.032555494230181045,0.4246575342465753,0.5753424657534246,0.21643835616438356,0.20821917808219179
Corrected Choice reject,0.29,365,0.29665336681158677,0.19562666209702884,0.10102670471455795,0.6794520547945205,0.32054794520547947,0.6,0.07945205479452055
T/U/F ambiguity reject,0.29,365,0.25902204091360365,0.19562666209702884,0.06339537881657487,0.2273972602739726,0.7726027397260274,0.21643835616438356,0.010958904109589041
Choice reject,0.3,365,0.29033382805128116,0.19948967579565896,0.09084415225562223,0.7150684931506849,0.28493150684931506,0.6,0.11506849315068493
Score reject,0.3,365,0.232319643105676,0.19948967579565896,0.032829967310017014,0.4410958904109589,0.5589041095890411,0.23013698630136986,0.21095890410958903
Corrected Choice reject,0.3,365,0.301470558755483,0.19948967579565896,0.10198088295982406,0.684931506849315,0.3150684931506849,0.6054794520547945,0.07945205479452055
T/U/F ambiguity reject,0.3,365,0.26523306770648897,0.19948967579565896,0.06574339191083002,0.2410958904109589,0.7589041095890411,0.23013698630136986,0.010958904109589041
Choice reject,0.31,365,0.2951279909844156,0.20324424200570462,0.09188374897871099,0.7424657534246575,0.25753424657534246,0.6164383561643836,0.12602739726027398
Score reject,0.31,365,0.23905241514951203,0.20324424200570462,0.03580817314380742,0.4712328767123288,0.5287671232876713,0.24383561643835616,0.2273972602739726
Corrected Choice reject,0.31,365,0.3054755800615714,0.20324424200570462,0.10223133805586676,0.7068493150684931,0.29315068493150687,0.6136986301369863,0.09315068493150686
T/U/F ambiguity reject,0.31,365,0.2747692438197391,0.20324424200570462,0.07152500181403446,0.2547945205479452,0.7452054794520548,0.24383561643835616,0.010958904109589041
Choice reject,0.32,365,0.300910356267286,0.20680410364224483,0.0941062526250412,0.7561643835616438,0.24383561643835616,0.6273972602739726,0.12876712328767123
Score reject,0.32,365,0.24426800577606061,0.20680410364224483,0.0374639021338158,0.5068493150684932,0.4931506849315068,0.2684931506849315,0.23835616438356164
Corrected Choice reject,0.32,365,0.3080219156144308,0.20680410364224483,0.10121781197218599,0.7205479452054795,0.27945205479452057,0.6219178082191781,0.09863013698630137
T/U/F ambiguity reject,0.32,365,0.2830500351209554,0.20680410364224483,0.07624593147871055,0.27945205479452057,0.7205479452054795,0.2684931506849315,0.010958904109589041
Choice reject,0.33,365,0.3086389358562113,0.21011687439144125,0.09852206146477005,0.7753424657534247,0.22465753424657534,0.6383561643835617,0.136986301369863
Score reject,0.33,365,0.24861310222095648,0.21011687439144125,0.03849622782951518,0.5232876712328767,0.4767123287671233,0.27945205479452057,0.24383561643835616
Corrected Choice reject,0.33,365,0.31003993427796517,0.21011687439144125,0.09992305988652392,0.7342465753424657,0.26575342465753427,0.6301369863013698,0.10410958904109589
T/U/F ambiguity reject,0.33,365,0.2893342702556369,0.21011687439144125,0.07921739586419564,0.29041095890410956,0.7095890410958904,0.27945205479452057,0.010958904109589041
Choice reject,0.34,365,0.31153876653795226,0.21338044264496184,0.09815832389299042,0.7917808219178082,0.20821917808219179,0.6465753424657534,0.14520547945205478
Score reject,0.34,365,0.2526481291698608,0.21338044264496184,0.039267686524898995,0.5561643835616439,0.4438356164383562,0.29315068493150687,0.26301369863013696
Corrected Choice reject,0.34,365,0.31386901014275725,0.21338044264496184,0.10048856749779544,0.7506849315068493,0.2493150684931507,0.6410958904109589,0.1095890410958904
T/U/F ambiguity reject,0.34,365,0.296857560337967,0.21338044264496184,0.08347711769300518,0.3041095890410959,0.6958904109589041,0.29315068493150687,0.010958904109589041
Choice reject,0.35,365,0.32003966277100954,0.2164826442267186,0.10355701854429093,0.810958904109589,0.18904109589041096,0.6602739726027397,0.1506849315068493
Score reject,0.35,365,0.2541771305092371,0.2164826442267186,0.03769448628251853,0.5945205479452055,0.4054794520547945,0.32602739726027397,0.2684931506849315
Corrected Choice reject,0.35,365,0.3162181204349752,0.2164826442267186,0.0997354762082566,0.7671232876712328,0.2328767123287671,0.6493150684931507,0.1178082191780822
T/U/F ambiguity reject,0.35,365,0.3019595946771519,0.2164826442267186,0.08547695045043331,0.336986301369863,0.663013698630137,0.32602739726027397,0.010958904109589041
Choice reject,0.36,365,0.3255425777250254,0.21915290915213065,0.10638966857289468,0.8246575342465754,0.17534246575342466,0.6712328767123288,0.15342465753424658
Score reject,0.36,365,0.2553225839060183,0.21915290915213065,0.03616967475388765,0.6273972602739726,0.3726027397260274,0.336986301369863,0.29041095890410956
Corrected Choice reject,0.36,365,0.3191427926329011,0.21915290915213065,0.09998988348077038,0.7863013698630137,0.2136986301369863,0.6602739726027397,0.12602739726027398
T/U/F ambiguity reject,0.36,365,0.3075775647065319,0.21915290915213065,0.0884246555544013,0.3506849315068493,0.6493150684931507,0.336986301369863,0.0136986301369863
Choice reject,0.37,365,0.327787411051344,0.221775836333106,0.10601157471823801,0.8438356164383561,0.15616438356164383,0.6821917808219178,0.16164383561643836
Score reject,0.37,365,0.25791405883532953,0.221775836333106,0.03613822250222354,0.6657534246575343,0.33424657534246577,0.36712328767123287,0.29863013698630136
Corrected Choice reject,0.37,365,0.3212051541453506,0.221775836333106,0.09942931781224464,0.7972602739726027,0.20273972602739726,0.6657534246575343,0.13150684931506848
T/U/F ambiguity reject,0.37,365,0.3119017340090987,0.221775836333106,0.09012589767599267,0.3835616438356164,0.6164383561643836,0.36712328767123287,0.01643835616438356
Choice reject,0.38,365,0.33141001320581226,0.2240252402151954,0.10738477299061688,0.8575342465753425,0.14246575342465753,0.6931506849315069,0.1643835616438356
Score reject,0.38,365,0.25907340002035256,0.2240252402151954,0.03504815980515713,0.6904109589041096,0.3095890410958904,0.3780821917808219,0.31232876712328766
Corrected Choice reject,0.38,365,0.32407097884107683,0.2240252402151954,0.10004573862588144,0.810958904109589,0.18904109589041096,0.673972602739726,0.136986301369863
T/U/F ambiguity reject,0.38,365,0.3151080420210361,0.2240252402151954,0.0910828018058407,0.4,0.6,0.3780821917808219,0.021917808219178082
Choice reject,0.39,365,0.33250098088856356,0.226129307327864,0.10637167356069956,0.863013698630137,0.136986301369863,0.6958904109589041,0.16712328767123288
Score reject,0.39,365,0.2601142807931341,0.226129307327864,0.0339849734652701,0.7123287671232876,0.2876712328767123,0.3863013698630137,0.32602739726027397
Corrected Choice reject,0.39,365,0.32461510831149465,0.226129307327864,0.09848580098363066,0.821917808219178,0.1780821917808219,0.6767123287671233,0.14520547945205478
T/U/F ambiguity reject,0.39,365,0.3199694757480742,0.226129307327864,0.09384016842021026,0.410958904109589,0.589041095890411,0.3863013698630137,0.024657534246575342
Choice reject,0.4,365,0.3354142551009836,0.22811591241188042,0.10729834268910318,0.8684931506849315,0.13150684931506848,0.7013698630136986,0.16712328767123288
Score reject,0.4,365,0.2635536435485109,0.22811591241188042,0.03543773113663045,0.7397260273972602,0.2602739726027397,0.4054794520547945,0.33424657534246577
Corrected Choice reject,0.4,365,0.3310001635835668,0.22811591241188042,0.1028842511716864,0.8383561643835616,0.16164383561643836,0.6876712328767123,0.1506849315068493
T/U/F ambiguity reject,0.4,365,0.3247276368000961,0.22811591241188042,0.09661172438821568,0.43561643835616437,0.5643835616438356,0.4054794520547945,0.030136986301369864
Choice reject,0.41,365,0.3392552403065578,0.23003372063105848,0.10922151967549928,0.8767123287671232,0.1232876712328767,0.7068493150684931,0.16986301369863013
Score reject,0.41,365,0.2658631329077252,0.23003372063105848,0.03582941227666667,0.7698630136986301,0.23013698630136986,0.42191780821917807,0.34794520547945207
Corrected Choice reject,0.41,365,0.3353948671324991,0.23003372063105848,0.10536114650144063,0.8602739726027397,0.13972602739726028,0.7013698630136986,0.1589041095890411
T/U/F ambiguity reject,0.41,365,0.32653700279931513,0.23003372063105848,0.09650328216825665,0.4602739726027397,0.5397260273972603,0.42191780821917807,0.038356164383561646
Choice reject,0.42,365,0.3413012982394645,0.231793001068561,0.10950829717090346,0.8904109589041096,0.1095890410958904,0.7123287671232876,0.1780821917808219
Score reject,0.42,365,0.27131001671813704,0.231793001068561,0.039517015649576055,0.7972602739726027,0.20273972602739726,0.4383561643835616,0.3589041095890411
Corrected Choice reject,0.42,365,0.33393610845689303,0.231793001068561,0.10214310738833203,0.8767123287671232,0.1232876712328767,0.7068493150684931,0.16986301369863013
T/U/F ambiguity reject,0.42,365,0.3338946565862692,0.231793001068561,0.10210165551770821,0.4794520547945205,0.5205479452054794,0.4383561643835616,0.0410958904109589
Choice reject,0.43,365,0.3428886249655227,0.23312188361833913,0.10976674134718359,0.915068493150685,0.08493150684931507,0.726027397260274,0.18904109589041096
Score reject,0.43,365,0.27267708141267855,0.23312188361833913,0.03955519779433943,0.821917808219178,0.1780821917808219,0.4520547945205479,0.3698630136986301
Corrected Choice reject,0.43,365,0.3357833454050247,0.23312188361833913,0.10266146178668561,0.8849315068493151,0.11506849315068493,0.7123287671232876,0.1726027397260274
T/U/F ambiguity reject,0.43,365,0.3383163443048933,0.23312188361833913,0.10519446068655422,0.4931506849315068,0.5068493150684932,0.4520547945205479,0.0410958904109589
Choice reject,0.44,365,0.3465729203130763,0.23418442084287755,0.11238849947019876,0.9287671232876712,0.07123287671232877,0.736986301369863,0.1917808219178082
Score reject,0.44,365,0.2746563382683195,0.23418442084287755,0.04047191742544196,0.852054794520548,0.14794520547945206,0.4657534246575342,0.3863013698630137
Corrected Choice reject,0.44,365,0.3375517727887348,0.23418442084287755,0.1033673519458573,0.9123287671232877,0.08767123287671233,0.726027397260274,0.1863013698630137
T/U/F ambiguity reject,0.44,365,0.3408909194061995,0.23418442084287755,0.10670649856332198,0.5068493150684932,0.4931506849315068,0.4657534246575342,0.0410958904109589
Choice reject,0.45,365,0.34985202697376155,0.23511592769219258,0.11473609928156894,0.9397260273972603,0.06027397260273973,0.7479452054794521,0.1917808219178082
Score reject,0.45,365,0.27642508427301354,0.23511592769219258,0.04130915658082099,0.8821917808219178,0.1178082191780822,0.4849315068493151,0.3972602739726027
Corrected Choice reject,0.45,365,0.33791656789479374,0.23511592769219258,0.10280064020260117,0.9342465753424658,0.06575342465753424,0.7342465753424657,0.2
T/U/F ambiguity reject,0.45,365,0.34630870944825776,0.23511592769219258,0.11119278175606517,0.5287671232876713,0.4712328767123288,0.4849315068493151,0.043835616438356165
Choice reject,0.46,365,0.353827490389795,0.23599811125383643,0.11782937913595856,0.9561643835616438,0.043835616438356165,0.7616438356164383,0.19452054794520549
Score reject,0.46,365,0.27753452638863907,0.23599811125383643,0.041536415134802614,0.9041095890410958,0.0958904109589041,0.5041095890410959,0.4
Corrected Choice reject,0.46,365,0.33798003454522163,0.23599811125383643,0.1019819232913852,0.9452054794520548,0.0547945205479452,0.736986301369863,0.20821917808219179
T/U/F ambiguity reject,0.46,365,0.3509502493344983,0.23599811125383643,0.1149521380806619,0.547945205479452,0.4520547945205479,0.5041095890410959,0.043835616438356165
Choice reject,0.47,365,0.3548733362696033,0.23672118404459655,0.11815215222500672,0.9616438356164384,0.038356164383561646,0.7643835616438356,0.19726027397260273
Score reject,0.47,365,0.2774946859348515,0.23672118404459655,0.040773501890254936,0.9260273972602739,0.07397260273972603,0.5178082191780822,0.40821917808219177
Corrected Choice reject,0.47,365,0.34137508296554164,0.23672118404459655,0.1046538989209451,0.958904109589041,0.0410958904109589,0.7506849315068493,0.20821917808219179
T/U/F ambiguity reject,0.47,365,0.3531891270326819,0.23672118404459655,0.11646794298808534,0.5643835616438356,0.43561643835616437,0.5178082191780822,0.04657534246575343
Choice reject,0.48,365,0.3555220521621774,0.23729508454927603,0.11822696761290138,0.9726027397260274,0.0273972602739726,0.7698630136986301,0.20273972602739726
Score reject,0.48,365,0.2767630177137612,0.23729508454927603,0.03946793316448522,0.9561643835616438,0.043835616438356165,0.5315068493150685,0.4246575342465753
Corrected Choice reject,0.48,365,0.34219360409537614,0.23729508454927603,0.1048985195461001,0.9726027397260274,0.0273972602739726,0.7561643835616438,0.21643835616438356
T/U/F ambiguity reject,0.48,365,0.35447446937524835,0.23729508454927603,0.11717938482597234,0.5835616438356165,0.41643835616438357,0.5315068493150685,0.052054794520547946
Choice reject,0.49,365,0.3586237707530102,0.23757493881623748,0.12104883193677281,0.989041095890411,0.010958904109589041,0.7808219178082192,0.20821917808219179
Score reject,0.49,365,0.2816140559649369,0.23757493881623748,0.04403911714869939,0.9780821917808219,0.021917808219178082,0.5452054794520548,0.4328767123287671
Corrected Choice reject,0.49,365,0.33992342667537245,0.23757493881623748,0.102348487859135,0.9863013698630136,0.0136986301369863,0.7589041095890411,0.2273972602739726
T/U/F ambiguity reject,0.49,365,0.36195941362727335,0.23757493881623748,0.12438447481103587,0.6054794520547945,0.39452054794520547,0.5452054794520548,0.06027397260273973
