instance_id,latent_instance_id,family,representation,p_star,p_noul,p_choice,pred_choice_identity,abs_error_identity,implied_unknown_identity,pred_choice_power,abs_error_power,implied_unknown_power,pred_choice_logit,abs_error_logit,implied_unknown_logit,pred_choice_beta,abs_error_beta,implied_unknown_beta,pred_choice_isotonic,abs_error_isotonic,implied_unknown_isotonic
bayes__seed_000048__repr_counts__parallel_primitives,bayes__seed_000048,bayes,counts,0.8313821568498233,0.916,0.9709999999999999,0.916,0.05499999999999983,0.0,0.992944,0.021944000000000186,0.07749077490774914,0.9960727329647107,0.025072732964710798,0.08038843983449095,0.9953497977143014,0.02434979771430157,0.07972051423179916,0.9776527027027027,0.006652702702702795,0.06306196723260205
bayes__seed_000048__repr_direct__parallel_primitives,bayes__seed_000048,bayes,direct,0.8313821568498233,0.46799999999999997,0.727,0.46799999999999997,0.259,0.0,0.716976,0.010024000000000033,0.34725848563968664,0.7125767161066007,0.014423283893399308,0.34322861044762554,0.7303916280972808,0.0033916280972807744,0.3592478582768378,0.6606668628412622,0.06633313715873779,0.29162483193523525
bayes__seed_000048__repr_distractor__parallel_primitives,bayes__seed_000048,bayes,distractor,0.8313821568498233,0.378,0.643,0.378,0.265,0.0,0.613116,0.02988400000000002,0.38347718865598024,0.5567446856757742,0.08625531432422584,0.32105324087434206,0.5741658625998483,0.06883413740015176,0.3416536498906442,0.6042894210047411,0.03871057899525887,0.37447192212713865
bayes__seed_000048__repr_prose__parallel_primitives,bayes__seed_000048,bayes,prose,0.8313821568498233,0.75,0.951,0.75,0.20099999999999996,0.0,0.9375,0.013499999999999956,0.19999999999999996,0.9594280053641547,0.008428005364154778,0.2182842320562297,0.9606848482575705,0.009684848257570544,0.21930693363145815,0.9427171197648787,0.008282880235121248,0.20442730456931124
bayes__seed_000048__repr_table__parallel_primitives,bayes__seed_000048,bayes,table,0.8313821568498233,0.271,0.326,0.271,0.05499999999999999,0.0,0.46855900000000006,0.14255900000000005,0.421631000578369,0.33723734679895406,0.011237346798954051,0.19641165911094005,0.34251934900415437,0.01651934900415436,0.20880382148363508,0.4015960436454981,0.0755960436454981,0.32519255533498104
bayes__seed_000054__repr_counts__parallel_primitives,bayes__seed_000054,bayes,counts,0.4137933255962194,0.737,0.7929999999999999,0.737,0.05599999999999994,0.0,0.930831,0.13783100000000004,0.2082343626286619,0.9542581207781023,0.16125812077810242,0.2276722786502985,0.9559775749697978,0.16297757496979792,0.22906141389008627,0.9400139603232917,0.14701396032329173,0.21596909077123772
bayes__seed_000054__repr_direct__parallel_primitives,bayes__seed_000054,bayes,direct,0.4137933255962194,0.43099999999999994,0.717,0.43099999999999994,0.28600000000000003,0.0,0.6762389999999999,0.04076100000000005,0.36265137029955385,0.6531494564467842,0.06385054355321573,0.34012040315444103,0.6718035715057732,0.04519642849422678,0.35844342263027684,0.6366833580767205,0.08031664192327947,0.32305439661253976
bayes__seed_000054__repr_distractor__parallel_primitives,bayes__seed_000054,bayes,distractor,0.4137933255962194,0.44800000000000006,0.706,0.44800000000000006,0.2579999999999999,0.0,0.6952960000000001,0.010703999999999825,0.3556701030927836,0.681308989223191,0.024691010776808908,0.34244225881887047,0.699724309956161,0.006275690043838988,0.35974784122039705,0.6470738661941479,0.0589261338058521,0.3076524591620854
bayes__seed_000054__repr_prose__parallel_primitives,bayes__seed_000054,bayes,prose,0.4137933255962194,0.44800000000000006,0.818,0.44800000000000006,0.3699999999999999,0.0,0.6952960000000001,0.12270399999999981,0.3556701030927836,0.681308989223191,0.1366910107768089,0.34244225881887047,0.699724309956161,0.11827569004383898,0.35974784122039705,0.6470738661941479,0.1709261338058521,0.3076524591620854
bayes__seed_000054__repr_table__parallel_primitives,bayes__seed_000054,bayes,table,0.4137933255962194,0.277,0.343,0.277,0.066,0.0,0.477271,0.13427099999999997,0.4196169471851422,0.34974099067502834,0.006740990675028313,0.20798531660424568,0.35594402604888453,0.012944026048884505,0.22178775389263738,0.4053239657743936,0.062323965774393586,0.3165960481246739
bayes__seed_000060__repr_counts__parallel_primitives,bayes__seed_000060,bayes,counts,0.8130236350735895,0.787,0.969,0.787,0.18199999999999994,0.0,0.954631,0.014368999999999965,0.17559769167353667,0.9719752409900078,0.002975240990007788,0.19030859345923334,0.9721868616789102,0.0031868616789102466,0.19048484296434864,0.9504107274063189,0.01858927259368104,0.17193695598561742
bayes__seed_000060__repr_direct__parallel_primitives,bayes__seed_000060,bayes,direct,0.8130236350735895,0.829,0.975,0.829,0.14600000000000002,0.0,0.970759,0.004240999999999939,0.14602903501280962,0.9828015754376551,0.007801575437655139,0.1564930086413071,0.9822869518294882,0.007286951829488242,0.15605109234526082,0.9622311253561253,0.012768874643874661,0.1384606274369019
bayes__seed_000060__repr_distractor__parallel_primitives,bayes__seed_000060,bayes,distractor,0.8130236350735895,0.873,0.9800000000000001,0.873,0.1070000000000001,0.0,0.983871,0.003870999999999958,0.11268855368234254,0.9908747625673999,0.010874762567399832,0.11896030358264575,0.9900639397285224,0.010063939728522264,0.11823876724630689,0.9673021108179418,0.012697889182058275,0.09748982222131286
bayes__seed_000060__repr_prose__parallel_primitives,bayes__seed_000060,bayes,prose,0.8130236350735895,0.8030000000000002,0.982,0.8030000000000002,0.17899999999999983,0.0,0.961191,0.020808999999999966,0.16457811194653282,0.9764960075147585,0.005503992485241471,0.17767200908103675,0.9763756989293412,0.00562430107065881,0.17757068218664052,0.9548700142450143,0.027129985754985708,0.15904784104577097
bayes__seed_000060__repr_table__parallel_primitives,bayes__seed_000060,bayes,table,0.8130236350735895,0.852,0.9800000000000001,0.852,0.1280000000000001,0.0,0.978096,0.0019040000000001278,0.12891986062717764,0.9874010056951027,0.007401005695102603,0.13712868927025668,0.9866771098802847,0.006677109880284582,0.13649562610875332,0.9668311345646439,0.013168865435356225,0.11877062132091087
compound__seed_000054__repr_direct__parallel_primitives,compound__seed_000054,compound,direct,0.891616122019,0.844,0.9549999999999998,0.844,0.11099999999999988,0.0,0.975664,0.020664000000000127,0.1349480968858131,0.9858993782710289,0.030899378271029065,0.143928864748731,0.9852341637812845,0.03023416378128463,0.14335085908839595,0.9664779202279202,0.01147792022792038,0.12672604067254511
compound__seed_000054__repr_prose__parallel_primitives,compound__seed_000054,compound,prose,0.891616122019,0.837,0.944,0.837,0.10699999999999998,0.0,0.9734309999999999,0.029430999999999985,0.14015477214101457,0.9845005403129676,0.04050054031296768,0.14982271138833303,0.9838988831012223,0.03989888310122236,0.14930282534542683,0.9644960826210827,0.020496082621082712,0.13218932136520822
compound__seed_000054__repr_table__parallel_primitives,compound__seed_000054,compound,table,0.891616122019,0.861,0.967,0.861,0.10599999999999998,0.0,0.980679,0.013678999999999997,0.12203687445127298,0.9889707658452671,0.021970765845267137,0.12939792586881105,0.988198034666542,0.02119803466654202,0.12871715000876693,0.9670329815303429,3.2981530342923726e-05,0.10964774062053628
compound__seed_000057__repr_direct__parallel_primitives,compound__seed_000057,compound,direct,0.773038,0.712,0.7,0.712,0.01200000000000001,0.0,0.917056,0.21705600000000003,0.22360248447204967,0.9430818094156426,0.2430818094156426,0.24502838153439388,0.945832865156639,0.24583286515663905,0.2472242969881514,0.9369399332591768,0.23693993325917684,0.24007935330146057
compound__seed_000057__repr_prose__parallel_primitives,compound__seed_000057,compound,prose,0.773038,0.679,0.71,0.679,0.030999999999999917,0.0,0.8969590000000001,0.1869590000000001,0.24299772899318695,0.9255914778399782,0.21559147783997823,0.2664150262224112,0.9299863239054714,0.21998632390547146,0.2698817363802254,0.9290702674357629,0.21907026743576297,0.2691618451271266
compound__seed_000057__repr_table__parallel_primitives,compound__seed_000057,compound,table,0.773038,0.736,0.779,0.736,0.04300000000000004,0.0,0.930304,0.151304,0.2088607594936709,0.9538428447843567,0.17484284478435663,0.22838441990263736,0.9555999735173277,0.1765999735173277,0.22980324361985316,0.9398060249816311,0.1608060249816311,0.21685967057469613
compound__seed_000061__repr_direct__parallel_primitives,compound__seed_000061,compound,direct,0.04782608695652174,0.49000000000000005,0.371,0.49000000000000005,0.11900000000000005,0.0,0.7399,0.3689,0.3377483443708609,0.7446013223050325,0.3736013223050325,0.3419297208832148,0.7614281718747612,0.3904281718747612,0.3564724578110374,0.6763146640510055,0.3053146640510055,0.275485175694718
compound__seed_000061__repr_prose__parallel_primitives,compound__seed_000061,compound,prose,0.04782608695652174,0.457,0.512,0.457,0.05499999999999999,0.0,0.7051510000000001,0.19315100000000007,0.3519118600129618,0.6956315119609078,0.18363151196090777,0.3430429873543711,0.7138160762249922,0.2018160762249922,0.3597790590303891,0.6528429622363905,0.14084296223639048,0.29998479506542786
compound__seed_000061__repr_table__parallel_primitives,compound__seed_000061,compound,table,0.04782608695652174,0.516,0.52,0.516,0.0040000000000000036,0.0,0.765744,0.24574399999999996,0.3261455525606468,0.7792441194110455,0.2592441194110455,0.33781983444418684,0.7945721794577201,0.27457217945772006,0.3505939254604158,0.6948075200261568,0.17480752002615674,0.2573482797356962
conditional__seed_000042__repr_direct__parallel_primitives,conditional__seed_000042,conditional,direct,0.48366013071895425,0.521,0.767,0.521,0.246,0.0,0.770559,0.003558999999999979,0.32386747802569305,0.7855126218026529,0.018512621802652895,0.3367388562078476,0.8005217094979016,0.033521709497901564,0.34917442735340865,0.6983638384829165,0.06863616151708352,0.2539705361437542
conditional__seed_000042__repr_distractor__parallel_primitives,conditional__seed_000042,conditional,distractor,0.48366013071895425,0.511,0.774,0.511,0.263,0.0,0.760879,0.01312100000000005,0.328408327736736,0.7728495346463006,0.001150465353699448,0.3388104966203255,0.7884879267739126,0.01448792677391253,0.35192412889471947,0.6912512015693968,0.08274879843060323,0.2607607786578304
conditional__seed_000042__repr_nested__parallel_primitives,conditional__seed_000042,conditional,nested,0.48366013071895425,0.542,0.6859999999999999,0.542,0.1439999999999999,0.0,0.790236,0.1042360000000001,0.31412894375857336,0.8104827408183429,0.12448274081834299,0.3312627490959973,0.8240771195925614,0.13807711959256141,0.342294565503803,0.7133003760013079,0.02730037600130797,0.24015180948256476
conditional__seed_000042__repr_prose__parallel_primitives,conditional__seed_000042,conditional,prose,0.48366013071895425,0.52,0.736,0.52,0.21599999999999997,0.0,0.7696000000000001,0.033600000000000074,0.32432432432432434,0.7842689712476221,0.04826897124762208,0.336962165961023,0.7993425023092259,0.06334250230922589,0.34946534370714866,0.6976525747915645,0.03834742520843548,0.25464332994777694
conditional__seed_000042__repr_table__parallel_primitives,conditional__seed_000042,conditional,table,0.48366013071895425,0.506,0.636,0.506,0.13,0.0,0.755964,0.11996399999999996,0.33065595716198126,0.7663281652223326,0.1303281652223326,0.33970846568950563,0.7822673524847802,0.14626735248478018,0.35316231925984054,0.6876948831126369,0.051694883112636925,0.26420857210722815
conditional__seed_000043__repr_direct__parallel_primitives,conditional__seed_000043,conditional,direct,0.5752212389380531,0.61,0.921,0.61,0.31100000000000005,0.0,0.8479,0.07310000000000005,0.28057553956834536,0.877170952490126,0.04382904750987404,0.30458253517364786,0.8859060750556259,0.03509392494437413,0.3114394209773331,0.862110649206679,0.05888935079332103,0.2924342129849262
conditional__seed_000043__repr_distractor__parallel_primitives,conditional__seed_000043,conditional,distractor,0.5752212389380531,0.595,0.9030000000000001,0.595,0.30800000000000016,0.0,0.8359749999999999,0.06702500000000022,0.2882562277580071,0.8642157025246597,0.0387842974753404,0.3115144769276833,0.8740103874083976,0.028989612591602487,0.3192300588505762,0.8268583783783782,0.07614162162162197,0.2804088153924197
conditional__seed_000043__repr_nested__parallel_primitives,conditional__seed_000043,conditional,nested,0.5752212389380531,0.652,0.9339999999999999,0.652,0.2819999999999999,0.0,0.878896,0.05510399999999993,0.25816023738872407,0.9086942322089194,0.025305767791080513,0.28248691706222073,0.9146580370759891,0.019341962924010803,0.28716528629176374,0.9161085706367353,0.0178914293632646,0.28829396329429424
conditional__seed_000043__repr_prose__parallel_primitives,conditional__seed_000043,conditional,prose,0.5752212389380531,0.642,0.8949999999999999,0.642,0.2529999999999999,0.0,0.871836,0.02316399999999985,0.2636229749631812,0.9017920743856039,0.00679207438560403,0.28808422890897745,0.9083829942299145,0.013382994229914624,0.2932496490158777,0.903251922677198,0.008251922677198098,0.28923483705726205
conditional__seed_000043__repr_table__parallel_primitives,conditional__seed_000043,conditional,table,0.5752212389380531,0.616,0.931,0.616,0.31500000000000006,0.0,0.852544,0.07845600000000008,0.2774566473988439,0.8820934426211084,0.0489065573788916,0.30166128639435463,0.8904128591478591,0.04058714085214099,0.30818609179844625,0.8698246379824013,0.06117536201759877,0.2918112765478331
conditional__seed_000047__repr_direct__parallel_primitives,conditional__seed_000047,conditional,direct,0.2647058823529412,0.328,0.545,0.328,0.21700000000000003,0.0,0.548416,0.0034159999999999746,0.4019138755980861,0.45635769386065794,0.0886423061393421,0.28126554145452853,0.46952177696264863,0.07547822303735141,0.3014168541407334,0.5434739393939395,0.0015260606060605308,0.39647520106341705
conditional__seed_000047__repr_distractor__parallel_primitives,conditional__seed_000047,conditional,distractor,0.2647058823529412,0.321,0.644,0.321,0.323,0.0,0.538959,0.10504100000000005,0.4044073853484216,0.4418334406468475,0.20216655935315253,0.27348188147539587,0.4541720648711768,0.18982793512882323,0.29321940993651874,0.5253078787878789,0.11869212121212114,0.38892978201528006
conditional__seed_000047__repr_nested__parallel_primitives,conditional__seed_000047,conditional,nested,0.2647058823529412,0.325,0.6950000000000001,0.325,0.37000000000000005,0.0,0.5443749999999999,0.15062500000000012,0.4029850746268656,0.45014236893193144,0.24485763106806863,0.2780061988585103,0.46295889868870943,0.23204110131129063,0.2979938372055617,0.5356884848484849,0.1593115151515152,0.39330411387893915
conditional__seed_000047__repr_prose__parallel_primitives,conditional__seed_000047,conditional,prose,0.2647058823529412,0.369,0.562,0.369,0.19300000000000006,0.0,0.601839,0.03983899999999996,0.3868792152053955,0.5392316436414172,0.022768356358582875,0.3156929784236091,0.556111080885035,0.00588891911496503,0.33646350039861295,0.5987885637661031,0.036788563766103066,0.38375576567601644
conditional__seed_000047__repr_table__parallel_primitives,conditional__seed_000047,conditional,table,0.2647058823529412,0.28500000000000003,0.414,0.28500000000000003,0.12899999999999995,0.0,0.48877500000000007,0.07477500000000009,0.4169096209912536,0.36647242601886554,0.04752757398113444,0.2223152964165206,0.37388341193823127,0.04011658806176871,0.2377302899785122,0.41029452861292093,0.003705471387079051,0.30537703984623676
conditional__seed_000049__repr_direct__parallel_primitives,conditional__seed_000049,conditional,direct,0.49230769230769234,0.497,0.74,0.497,0.243,0.0,0.746991,0.0069909999999999695,0.3346640053226879,0.7542683182975993,0.014268318297599336,0.3410832883426149,0.7707219654965975,0.03072196549659756,0.3551500771360926,0.6812935098904692,0.05870649010953077,0.27050530676579887
conditional__seed_000049__repr_distractor__parallel_primitives,conditional__seed_000049,conditional,distractor,0.49230769230769234,0.489,0.778,0.489,0.28900000000000003,0.0,0.7388790000000001,0.03912099999999996,0.33818663136995375,0.7431997525715829,0.03480024742841714,0.3420342265884959,0.7600778188001301,0.01792218119986988,0.35664482253679963,0.6756034003596535,0.10239659964034653,0.2762025772225485
conditional__seed_000049__repr_nested__parallel_primitives,conditional__seed_000049,conditional,nested,0.49230769230769234,0.533,0.787,0.533,0.254,0.0,0.781911,0.00508900000000001,0.3183367416496251,0.8000475016883155,0.013047501688315477,0.3337895576509812,0.8142609917278572,0.02726099172785712,0.34541872272552676,0.7068990027791402,0.08010099722085984,0.246002614369895
conditional__seed_000049__repr_prose__parallel_primitives,conditional__seed_000049,conditional,prose,0.49230769230769234,0.54,0.768,0.54,0.22799999999999998,0.0,0.7884,0.020399999999999974,0.31506849315068486,0.8081979487451896,0.04019794874518956,0.33184685653012913,0.8219312840888034,0.05393128408880343,0.3430107717597751,0.7118778486186039,0.05612215138139609,0.2414428949462779
conditional__seed_000049__repr_table__parallel_primitives,conditional__seed_000049,conditional,table,0.49230769230769234,0.49399999999999994,0.6839999999999999,0.49399999999999994,0.19,0.0,0.7439640000000001,0.05996400000000013,0.3359893758300134,0.7501561534046797,0.06615615340467973,0.3414704421767152,0.7667728139117667,0.08277281391176672,0.3557413734065368,0.6791597188164132,0.004840281183586703,0.2726305958473145
conditional__seed_000053__repr_direct__parallel_primitives,conditional__seed_000053,conditional,direct,0.967741935483871,0.8469999999999999,0.931,0.8469999999999999,0.08400000000000019,0.0,0.976591,0.04559099999999994,0.1326973113616653,0.9864744462771564,0.055474446277156364,0.14138678077624556,0.9857855064013478,0.05478550640134772,0.14078671830750522,0.9667189973614776,0.035718997361477545,0.12384053451751109
conditional__seed_000053__repr_distractor__parallel_primitives,conditional__seed_000053,conditional,distractor,0.967741935483871,0.829,0.9359999999999999,0.829,0.10699999999999998,0.0,0.970759,0.034759000000000095,0.14602903501280962,0.9828015754376551,0.046801575437655174,0.1564930086413071,0.9822869518294882,0.046286951829488276,0.15605109234526082,0.9622311253561253,0.026231125356125373,0.1384606274369019
conditional__seed_000053__repr_nested__parallel_primitives,conditional__seed_000053,conditional,nested,0.967741935483871,0.907,0.962,0.907,0.05499999999999994,0.0,0.991351,0.029351000000000016,0.08508691674290936,0.9951821923931367,0.03318219239313669,0.08860909396005467,0.994414787234452,0.032414787234452014,0.08790575960516389,0.9753256756756756,0.013325675675675663,0.07005421612462082
conditional__seed_000053__repr_prose__parallel_primitives,conditional__seed_000053,conditional,prose,0.967741935483871,0.8480000000000001,0.958,0.8480000000000001,0.10999999999999988,0.0,0.976896,0.018896000000000024,0.1319444444444443,0.9866629286904673,0.028662928690467382,0.14053728447516056,0.9859665416468614,0.02796654164686141,0.13993024693963307,0.9667414248021108,0.00874142480211082,0.1228264577846312
conditional__seed_000053__repr_table__parallel_primitives,conditional__seed_000053,conditional,table,0.967741935483871,0.869,0.951,0.869,0.08199999999999996,0.0,0.982839,0.03183900000000006,0.11582670203359857,0.9902635278160469,0.03926352781604692,0.12245581545700734,0.9894620688940853,0.03846206889408532,0.12174500941579791,0.9672124010554088,0.016212401055408887,0.1015417099162923
conditional__seed_000054__repr_direct__parallel_primitives,conditional__seed_000054,conditional,direct,0.8333333333333334,0.767,0.9570000000000001,0.767,0.19000000000000006,0.0,0.945711,0.011289000000000105,0.18896999188969987,0.9655746154517442,0.008574615451744094,0.20565434537530902,0.9663019817057575,0.009301981705757467,0.20625227462944984,0.946252020573108,0.010747979426892096,0.18943369913708819
conditional__seed_000054__repr_distractor__parallel_primitives,conditional__seed_000054,conditional,distractor,0.8333333333333334,0.777,0.952,0.777,0.17499999999999993,0.0,0.950271,0.0017289999999999806,0.1823385118560915,0.9688829391474103,0.016882939147410347,0.19804553408305636,0.9693381678478455,0.017338167847845587,0.19842215464896074,0.9483313739897133,0.003668626010286613,0.18066614549396087
conditional__seed_000054__repr_nested__parallel_primitives,conditional__seed_000054,conditional,nested,0.8333333333333334,0.782,0.959,0.782,0.17699999999999994,0.0,0.952476,0.006523999999999974,0.17898193760262726,0.9704555204871268,0.011455520487126836,0.1941928470792048,0.9707854138065084,0.011785413806508438,0.1944666773126198,0.9493710506980161,0.00962894930198388,0.1762967709779628
conditional__seed_000054__repr_prose__parallel_primitives,conditional__seed_000054,conditional,prose,0.8333333333333334,0.796,0.9549999999999998,0.796,0.1589999999999998,0.0,0.958384,0.0033840000000001647,0.16943521594684385,0.9745810835703133,0.019581083570313407,0.18323881571361234,0.9745973653045993,0.019597365304599434,0.18325246061873013,0.9528881766381766,0.0021118233618232507,0.1646448979896924
conditional__seed_000054__repr_table__parallel_primitives,conditional__seed_000054,conditional,table,0.8333333333333334,0.759,0.9559999999999998,0.759,0.19699999999999984,0.0,0.941919,0.0140809999999999,0.19419822723609992,0.9627661356137358,0.006766135613735957,0.21164655473038707,0.9637320925702297,0.007732092570229887,0.2124367281618884,0.9445885378398235,0.0114114621601763,0.19647553448430077
explicit_probability__seed_000046__repr_direct__parallel_primitives,explicit_probability__seed_000046,explicit_probability,direct,0.210526315789,0.274,0.668,0.274,0.394,0.0,0.472924,0.19507600000000003,0.4206257242178447,0.3434833468697131,0.32451665313028694,0.2022902929732685,0.34922716562593276,0.3187728343740673,0.2154104062640726,0.4034600047099459,0.2645399952900541,0.3208744440555312
explicit_probability__seed_000046__repr_distractor__parallel_primitives,explicit_probability__seed_000046,explicit_probability,distractor,0.210526315789,0.25,0.658,0.25,0.40800000000000003,0.0,0.4375,0.22050000000000003,0.4285714285714286,0.2939822098324646,0.36401779016753544,0.14960840609208736,0.2960047407461072,0.3619952592538928,0.15541893224462566,0.3885483161943638,0.2694516838056362,0.35657937615423274
explicit_probability__seed_000046__repr_prose__parallel_primitives,explicit_probability__seed_000046,explicit_probability,prose,0.210526315789,0.295,0.653,0.295,0.35800000000000004,0.0,0.502975,0.15002500000000007,0.4134897360703812,0.3874396413523155,0.2655603586476845,0.2385910771279498,0.3963151730692299,0.2566848269307701,0.2556429325796512,0.4478561643835616,0.20514383561643845,0.3413063758851147
explicit_probability__seed_000046__repr_ratio__parallel_primitives,explicit_probability__seed_000046,explicit_probability,ratio,0.210526315789,0.23000000000000004,0.132,0.23000000000000004,0.09800000000000003,0.0,0.4071,0.2751,0.4350282485875705,0.25392412389637353,0.12192412389637353,0.09421760929708645,0.2529279886200042,0.1209279886200042,0.09065026272932919,0.3761219090980455,0.2441219090980455,0.388496137990077
explicit_probability__seed_000051__repr_direct__parallel_primitives,explicit_probability__seed_000051,explicit_probability,direct,0.473684210526,0.47400000000000003,0.781,0.47400000000000003,0.307,0.0,0.723324,0.05767600000000006,0.3446920052424639,0.7215579406638615,0.05944205933613855,0.34308809689780206,0.7391341063367468,0.04186589366325322,0.3587090678994491,0.6649344449893739,0.1160655550106261,0.28714777287921245
explicit_probability__seed_000051__repr_distractor__parallel_primitives,explicit_probability__seed_000051,explicit_probability,distractor,0.473684210526,0.477,0.752,0.477,0.275,0.0,0.726471,0.025529000000000024,0.3434011818778726,0.7259790643094717,0.026020935690528324,0.3429562594154044,0.7434267497315203,0.00857325026847966,0.35837659840426406,0.6670682360634299,0.08493176393657009,0.2849307249061651
explicit_probability__seed_000051__repr_prose__parallel_primitives,explicit_probability__seed_000051,explicit_probability,prose,0.473684210526,0.49800000000000005,0.808,0.49800000000000005,0.31,0.0,0.747996,0.06000400000000006,0.3342210386151797,0.7556287760684284,0.052371223931571675,0.3409462215148592,0.7720271034380052,0.03597289656199487,0.35494492643807796,0.6820047735818212,0.12599522641817884,0.26979983236106453
explicit_probability__seed_000051__repr_ratio__parallel_primitives,explicit_probability__seed_000051,explicit_probability,ratio,0.473684210526,0.43499999999999994,0.358,0.43499999999999994,0.07699999999999996,0.0,0.6807749999999999,0.3227749999999999,0.3610223642172524,0.6599035468041862,0.3019035468041862,0.3408127564904907,0.6785260855678606,0.32052608556786066,0.35890452960854546,0.6391281835161151,0.2811281835161151,0.31938535771199994
explicit_probability__seed_000053__repr_direct__parallel_primitives,explicit_probability__seed_000053,explicit_probability,direct,0.578947368421,0.642,0.9549999999999998,0.642,0.31299999999999983,0.0,0.871836,0.0831639999999998,0.2636229749631812,0.9017920743856039,0.05320792561439591,0.28808422890897745,0.9083829942299145,0.04661700577008532,0.2932496490158777,0.903251922677198,0.051748077322801844,0.28923483705726205
explicit_probability__seed_000053__repr_distractor__parallel_primitives,explicit_probability__seed_000053,explicit_probability,distractor,0.578947368421,0.642,0.9490000000000001,0.642,0.30700000000000005,0.0,0.871836,0.07716400000000001,0.2636229749631812,0.9017920743856039,0.04720792561439613,0.28808422890897745,0.9083829942299145,0.040617005770085535,0.2932496490158777,0.903251922677198,0.04574807732280206,0.28923483705726205
explicit_probability__seed_000053__repr_prose__parallel_primitives,explicit_probability__seed_000053,explicit_probability,prose,0.578947368421,0.627,0.924,0.627,0.29700000000000004,0.0,0.8608709999999999,0.0631290000000001,0.2716678805535324,0.8907452376282147,0.033254762371785374,0.2960950297421612,0.898317667114619,0.02568233288538102,0.3020286442613187,0.8839669507378922,0.04003304926210782,0.2906974638852604
explicit_probability__seed_000053__repr_ratio__parallel_primitives,explicit_probability__seed_000053,explicit_probability,ratio,0.578947368421,0.586,0.943,0.586,0.357,0.0,0.828604,0.11439599999999994,0.2927864214992928,0.855984157698077,0.08701584230192294,0.3154078907536346,0.8664247128985775,0.07657528710142247,0.32365733424250065,0.7899275675675674,0.15307243243243251,0.2581598312811437
explicit_probability__seed_000054__repr_direct__parallel_primitives,explicit_probability__seed_000054,explicit_probability,direct,0.631578947368,0.662,0.961,0.662,0.29899999999999993,0.0,0.885756,0.07524399999999998,0.2526158445440956,0.9152412336609437,0.04575876633905629,0.2766934272049617,0.9206019358985018,0.040398064101498155,0.2809052705783286,0.9232669113791296,0.037733088620870325,0.28298091067604947
explicit_probability__seed_000054__repr_distractor__parallel_primitives,explicit_probability__seed_000054,explicit_probability,distractor,0.631578947368,0.662,0.9559999999999998,0.662,0.2939999999999998,0.0,0.885756,0.07024399999999986,0.2526158445440956,0.9152412336609437,0.040758766339056174,0.2766934272049617,0.9206019358985018,0.03539806410149804,0.2809052705783286,0.9232669113791296,0.03273308862087021,0.28298091067604947
explicit_probability__seed_000054__repr_prose__parallel_primitives,explicit_probability__seed_000054,explicit_probability,prose,0.631578947368,0.659,0.945,0.659,0.2859999999999999,0.0,0.883719,0.06128099999999992,0.25428784489187173,0.9133136758831623,0.031686324116837694,0.27845162357526754,0.918852688488145,0.026147311511854898,0.2828012495840867,0.9222427897220767,0.022757210277923212,0.2854376229944898
explicit_probability__seed_000054__repr_ratio__parallel_primitives,explicit_probability__seed_000054,explicit_probability,ratio,0.631578947368,0.652,0.959,0.652,0.30699999999999994,0.0,0.878896,0.08010399999999995,0.25816023738872407,0.9086942322089194,0.050305767791080536,0.28248691706222073,0.9146580370759891,0.044341962924010825,0.28716528629176374,0.9161085706367353,0.04289142936326462,0.28829396329429424
explicit_probability__seed_000057__repr_direct__parallel_primitives,explicit_probability__seed_000057,explicit_probability,direct,0.789473684211,0.768,0.9719999999999999,0.768,0.20399999999999985,0.0,0.946176,0.025823999999999847,0.18831168831168832,0.9659154331798808,0.006084566820119042,0.20489933836994956,0.9666142868564078,0.005385713143592041,0.20547418919529403,0.9464599559147685,0.02554004408523136,0.18855521018032306
explicit_probability__seed_000057__repr_distractor__parallel_primitives,explicit_probability__seed_000057,explicit_probability,distractor,0.789473684211,0.786,0.97,0.786,0.18399999999999994,0.0,0.954204,0.01579599999999992,0.17627677100494232,0.9716754717863998,0.001675471786399818,0.1910879477538321,0.9719101855663115,0.0019101855663115064,0.19128329790883458,0.9502027920646583,0.019797207935341676,0.1728081557283877
explicit_probability__seed_000057__repr_prose__parallel_primitives,explicit_probability__seed_000057,explicit_probability,prose,0.789473684211,0.746,0.952,0.746,0.20599999999999996,0.0,0.935484,0.016515999999999975,0.20255183413078148,0.9578818875332763,0.005881887533276342,0.2211983442748996,0.9592757108541645,0.007275710854164563,0.22232993960022007,0.9418853783982365,0.010114621601763463,0.2079715673380107
explicit_probability__seed_000057__repr_ratio__parallel_primitives,explicit_probability__seed_000057,explicit_probability,ratio,0.789473684211,0.783,0.975,0.783,0.19199999999999995,0.0,0.9529110000000001,0.022088999999999914,0.17830731306491376,0.9707636573723187,0.004236342627681244,0.19341850711692365,0.9710693335109217,0.0039306664890782494,0.1936724052761022,0.9495789860396766,0.02542101396032337,0.1754240442223901
sequential_bayes__seed_000047__repr_direct__parallel_primitives,sequential_bayes__seed_000047,sequential_bayes,direct,0.7887928911656144,0.475,0.664,0.475,0.18900000000000006,0.0,0.724375,0.060374999999999956,0.34426229508196726,0.723036799633808,0.059036799633807924,0.34304865223931846,0.7405707945283486,0.07657079452834858,0.35860284592708547,0.6656457086807259,0.001645708680725888,0.2864071775638357
sequential_bayes__seed_000047__repr_prose__parallel_primitives,sequential_bayes__seed_000047,sequential_bayes,prose,0.7887928911656144,0.758,0.9650000000000001,0.758,0.20700000000000007,0.0,0.941436,0.02356400000000003,0.19484702093397754,0.9624046882466814,0.0025953117533187298,0.21238953918550407,0.9634017865008196,0.0015982134991804342,0.2132046975404326,0.944380602498163,0.020619397501837056,0.1973575081965172
sequential_bayes__seed_000047__repr_table__parallel_primitives,sequential_bayes__seed_000047,sequential_bayes,table,0.7887928911656144,0.46299999999999997,0.631,0.46299999999999997,0.16800000000000004,0.0,0.7116309999999999,0.0806309999999999,0.34938191281717623,0.7049511058987341,0.0739511058987341,0.3432168612463887,0.7229453968948357,0.09194539689483572,0.3595643571580124,0.6571105443845022,0.02611054438450222,0.29540013631392936
sequential_bayes__seed_000049__repr_direct__parallel_primitives,sequential_bayes__seed_000049,sequential_bayes,direct,0.8003900273948994,0.755,0.93,0.755,0.17500000000000004,0.0,0.939975,0.009974999999999956,0.19678714859437751,0.9613062614417133,0.03130626144171322,0.21461033774221616,0.962398549303507,0.03239854930350694,0.21550172686108315,0.9437567964731813,0.013756796473181288,0.20000576120729974
sequential_bayes__seed_000049__repr_prose__parallel_primitives,sequential_bayes__seed_000049,sequential_bayes,prose,0.8003900273948994,0.791,0.977,0.791,0.18599999999999994,0.0,0.956319,0.02068099999999995,0.17287014061207606,0.9731537095879086,0.003846290412091391,0.1871787650740635,0.9732757463172312,0.003724253682768741,0.18728068279410293,0.9514725783475784,0.02552742165242161,0.16865707115413764
sequential_bayes__seed_000049__repr_table__parallel_primitives,sequential_bayes__seed_000049,sequential_bayes,table,0.8003900273948994,0.75,0.9469999999999998,0.75,0.19699999999999984,0.0,0.9375,0.009499999999999842,0.19999999999999996,0.9594280053641547,0.012428005364154893,0.2182842320562297,0.9606848482575705,0.013684848257570659,0.21930693363145815,0.9427171197648787,0.004282880235121134,0.20442730456931124
sequential_bayes__seed_000052__repr_direct__parallel_primitives,sequential_bayes__seed_000052,sequential_bayes,direct,0.15389933510803008,0.298,0.281,0.298,0.01699999999999996,0.0,0.507196,0.22619599999999995,0.41245593419506466,0.3937332191022705,0.11273321910227047,0.24314234729938855,0.4030359616928069,0.1220359616928069,0.2606118849832688,0.45991780821917805,0.17891780821917802,0.352058140227557
sequential_bayes__seed_000052__repr_prose__parallel_primitives,sequential_bayes__seed_000052,sequential_bayes,prose,0.15389933510803008,0.211,0.481,0.211,0.27,0.0,0.3774789999999999,0.10352100000000009,0.441028507546115,0.2173607514950366,0.26363924850496334,0.029263569670635148,0.21373830485661227,0.2672616951433877,0.012811483923994338,0.371518235793045,0.10948176420695499,0.4320601799004612
sequential_bayes__seed_000052__repr_table__parallel_primitives,sequential_bayes__seed_000052,sequential_bayes,table,0.15389933510803008,0.268,0.225,0.268,0.04300000000000001,0.0,0.46417600000000003,0.23917600000000003,0.42263279445727486,0.331004654893501,0.106004654893501,0.19034371257942706,0.3358227730605107,0.11082277306051072,0.20196001731035063,0.39973208258105036,0.17473208258105036,0.329550937544124
sequential_bayes__seed_000056__repr_direct__parallel_primitives,sequential_bayes__seed_000056,sequential_bayes,direct,0.6769462255144328,0.668,0.898,0.668,0.22999999999999998,0.0,0.889776,0.008224000000000009,0.24924924924924918,0.9190041825564129,0.021004182556412898,0.2731262678894337,0.9240152149100043,0.026015214910004247,0.27706818110667064,0.9253151546932354,0.02731515469323542,0.2780838003010354
sequential_bayes__seed_000056__repr_prose__parallel_primitives,sequential_bayes__seed_000056,sequential_bayes,prose,0.6769462255144328,0.681,0.9629999999999999,0.681,0.2819999999999998,0.0,0.898239,0.06476099999999985,0.24184988627748294,0.9267468776442949,0.03625312235570499,0.26517151940016326,0.9310332428099327,0.03196675719006714,0.2685545814189323,0.9299215686274509,0.033078431372548955,0.26768017543119793
sequential_bayes__seed_000056__repr_table__parallel_primitives,sequential_bayes__seed_000056,sequential_bayes,table,0.6769462255144328,0.656,0.931,0.656,0.275,0.0,0.881664,0.049336000000000046,0.25595238095238093,0.911354946347111,0.019645053652889044,0.28019263775395475,0.9170745341404826,0.013925465859517483,0.28468191452417946,0.9212186680650237,0.009781331934976323,0.28789979758237316
sequential_bayes__seed_000058__repr_direct__parallel_primitives,sequential_bayes__seed_000058,sequential_bayes,direct,0.008611190063057283,0.094,0.066,0.094,0.027999999999999997,0.0,0.179164,0.11316399999999999,0.4753410283315844,0.04645163224340463,0.019548367756595374,0.0,0.038579415154166526,0.027420584845833477,0.0,0.16803144654088048,0.10203144654088048,0.4405809035445596
sequential_bayes__seed_000058__repr_prose__parallel_primitives,sequential_bayes__seed_000058,sequential_bayes,prose,0.008611190063057283,0.08499999999999999,0.122,0.08499999999999999,0.037000000000000005,0.0,0.1627749999999999,0.040774999999999895,0.47780678851174907,0.03823665217282583,0.08376334782717416,0.0,0.031006572474913237,0.09099342752508677,0.0,0.03262357414448669,0.08937642585551331,0.0
sequential_bayes__seed_000058__repr_table__parallel_primitives,sequential_bayes__seed_000058,sequential_bayes,table,0.008611190063057283,0.088,0.043,0.088,0.045,0.0,0.16825599999999996,0.12525599999999998,0.4769874476987447,0.04088803029619209,0.002111969703807906,0.0,0.03343189264101164,0.00956810735898836,0.0,0.08123999999999981,0.038239999999999816,0.0
