repeat_aggregation,model,family,n,mean_tv,median_tv,std_tv,p90_tv,p95_tv,max_tv,mean_mae,mean_brier_regret,mean_kl,argmax_accuracy
mean,jev_choice,bayes,35,0.19828576249377025,0.16197636492641043,0.15133912259959564,0.38876576261553497,0.5053821568498233,0.5313251921034114,0.19828576249377025,0.12444154727390264,0.18896985587202503,0.7714285714285715
mean,jev_choice,compound,60,0.3227856235745202,0.3596514071885,0.19048340682391912,0.549362307039702,0.6316793181437634,0.6959465186141358,0.32278562357452023,0.280948974123277,0.3544250663398294,0.48333333333333334
mean,jev_choice,conditional,100,0.23902275045589572,0.2552116013071895,0.10602930488314678,0.35178260869565225,0.3616341463414634,0.4932857142857143,0.23902275045589572,0.1367481774590094,0.22680311473782175,0.63
mean,jev_choice,explicit_probability,80,0.25116052631577496,0.277552631579,0.16020209857929513,0.442473684211,0.457473684211,0.474736842105,0.251160526315775,0.1774926447368546,0.28733016789661014,0.6875
mean,jev_choice,frequency,30,0.20836666666666664,0.18099999999999994,0.10090572607912573,0.31999999999999995,0.35000000000000003,0.41300000000000003,0.20836666666666664,0.10719726666666667,0.19998033044433652,0.8
mean,jev_choice,sequential_bayes,60,0.16126619948870338,0.14997050266193834,0.12103734108182772,0.309735674291851,0.32787658761407046,0.48805937324761584,0.16126619948870338,0.08131365006737795,0.1497501152641204,0.9166666666666666
mean,jev_noul,bayes,35,0.13344462713578029,0.08567120441072762,0.12624314369281295,0.3007657626155349,0.36338215684982333,0.5603821568498233,0.13344462713578029,0.0674895996817033,0.08890521392860756,0.8857142857142857
mean,jev_noul,compound,60,0.20458183577642017,0.14240947550199995,0.1530938725065131,0.44667931814376344,0.48636230703970196,0.5679465186141358,0.20458183577642017,0.1305829226573813,0.16879680021437898,0.7166666666666667
mean,jev_noul,conditional,100,0.0478845735286346,0.04719387755102042,0.032569493476011395,0.0932857142857143,0.10429411764705884,0.13874193548387104,0.0478845735286346,0.006707408574606325,0.009889366547920107,0.86
mean,jev_noul,explicit_probability,80,0.036119078947425,0.030947368421000022,0.025356607240119074,0.06884210526300003,0.08336842105299996,0.100736842105,0.036119078947425,0.0038950907894799575,0.008525533757988927,1.0
mean,jev_noul,frequency,30,0.029900000000000013,0.022999999999999986,0.02370421903375009,0.05100000000000002,0.05499999999999999,0.107,0.029900000000000013,0.0029118000000000013,0.0044208476885646735,1.0
mean,jev_noul,sequential_bayes,60,0.07155503551516437,0.06545280513520019,0.06475838047679412,0.14512341238592952,0.17324259420994503,0.3257928911656144,0.07155503551516436,0.018627541899107324,0.033514063961109945,0.9333333333333333
mean,jev_score,bayes,35,0.15965772177503304,0.1331944761242022,0.12020836893097235,0.2646712043940277,0.29738215684832325,0.5803821568670233,0.15965772177503304,0.07988128016687722,0.11115370514134014,0.8857142857142857
mean,jev_score,compound,60,0.24894240442708077,0.2053450524590879,0.1509468127597148,0.48967931814596344,0.5138354075027358,0.5839465186142359,0.24894240442708077,0.16951452200850528,0.2151521631626984,0.6333333333333333
mean,jev_score,conditional,100,0.0896001406010974,0.05946484697954263,0.08513035636994679,0.20936082473006806,0.22810204080662644,0.40707526880827105,0.0896001406010974,0.030550725542821126,0.03859218630299804,0.91
mean,jev_score,explicit_probability,80,0.053287835226837776,0.04892666432862772,0.03934812003469166,0.11257309944439997,0.12673684209040004,0.14767706301618588,0.053287835226837776,0.008775735866854232,0.014760496337394036,1.0
mean,jev_score,frequency,30,0.04479027309922081,0.04158080806516318,0.029868980129532083,0.08840852976712121,0.0895555555366,0.09811111109220003,0.044790273099220825,0.005796649076562332,0.008424465747121536,1.0
mean,jev_score,sequential_bayes,60,0.10782749299674547,0.09818363872071793,0.06878182653547416,0.1777872507847683,0.21579007905612946,0.3558389068792558,0.10782749299674547,0.0327154158150385,0.056872802256798964,0.9333333333333333
median,jev_choice,bayes,35,0.19745719106519882,0.16197636492641043,0.1506195205700906,0.38476576261553497,0.5013821568498233,0.5263251921034116,0.19745719106519882,0.12335116456024475,0.18715565378050567,0.7714285714285715
median,jev_choice,compound,60,0.3222356235745202,0.3599319212988503,0.19076865512443533,0.5566793181437635,0.6266793181437635,0.6999465186141358,0.3222356235745202,0.2804569537568912,0.35358729935120053,0.48333333333333334
median,jev_choice,conditional,100,0.24092275045589573,0.2606495098039216,0.107084138651099,0.34978260869565225,0.36477876106194684,0.5042857142857143,0.24092275045589573,0.13902156887576322,0.23114234938347064,0.62
median,jev_choice,explicit_probability,80,0.25108552631577497,0.276052631579,0.15966867191320308,0.444473684211,0.45684210526299995,0.47710526315799995,0.251085526315775,0.17707605263159165,0.2874684796353462,0.6875
median,jev_choice,frequency,30,0.20916666666666664,0.18249999999999994,0.10200558263589737,0.31999999999999995,0.36,0.41500000000000004,0.20916666666666664,0.10831166666666665,0.20435490933362063,0.8
median,jev_choice,sequential_bayes,60,0.1603661994887034,0.1480583567663582,0.12100389653360118,0.3116988514885588,0.32610066489196987,0.49405937324761573,0.1603661994887034,0.08071852182953014,0.14906555426318685,0.9166666666666666
median,jev_noul,bayes,35,0.133358912850066,0.08861784315017673,0.12644439896722023,0.2997657626155349,0.36638215684982334,0.5613821568498233,0.133358912850066,0.06754557133346614,0.08893521672705051,0.8857142857142857
median,jev_noul,compound,60,0.20474850244308687,0.14376981463399996,0.15292248664147753,0.4516793181437634,0.48236230703970195,0.5699465186141359,0.20474850244308687,0.13061447234659923,0.16871272809805088,0.7166666666666667
median,jev_noul,conditional,100,0.04788641364929825,0.046526566217287846,0.032600181756864834,0.0942857142857143,0.10963503649635034,0.13774193548387104,0.04788641364929825,0.006711760925544642,0.009856645742943388,0.85
median,jev_noul,explicit_probability,80,0.035944078947425,0.029868421052499983,0.025255539344307375,0.06868421052599993,0.08447368421099999,0.099736842105,0.035944078947425,0.0038596381579011573,0.008397443885781711,0.9875
median,jev_noul,frequency,30,0.029333333333333343,0.020000000000000018,0.023478122203920444,0.05000000000000003,0.054999999999999966,0.10000000000000003,0.029333333333333347,0.002823333333333335,0.004269474196751332,1.0
median,jev_noul,sequential_bayes,60,0.07144499723144966,0.0656485263482681,0.06351136663953899,0.1523247131410573,0.17224259420994503,0.3187928911656144,0.07144499723144966,0.018276162643647596,0.033074464262443225,0.9333333333333333
median,jev_score,bayes,35,0.16011945017008022,0.13140323033315673,0.12137121801336613,0.2663378710597276,0.2997154901818233,0.5858266013118233,0.16011945017008022,0.08073842176963371,0.1121543745385777,0.8857142857142857
median,jev_score,compound,60,0.24898268036630772,0.20726605818498461,0.15160172794963037,0.4902402402417957,0.5149465186141359,0.5921687408366358,0.24898268036630772,0.1699509180794094,0.2155669237796452,0.6166666666666667
median,jev_score,conditional,100,0.08939347393435859,0.059131513646392644,0.08540830861507905,0.21036082473026804,0.22954648525082647,0.4082974910293711,0.08939347393435859,0.030571544725082864,0.03862990409868231,0.92
median,jev_score,explicit_probability,80,0.05355538573188888,0.04980994154474995,0.039311595863416024,0.1131286549994999,0.128070175424,0.14959064326299998,0.05355538573188888,0.00882716182043991,0.014844238305346702,1.0
median,jev_score,frequency,30,0.04484605312165102,0.04254769919863388,0.030120209787502464,0.0883333333585,0.091111111092,0.0983333333145,0.04484605312165103,0.005836791036466209,0.008475821992801951,1.0
median,jev_score,sequential_bayes,60,0.10721295876547546,0.09849606382435037,0.06848022680172863,0.17836429826345124,0.21901230127842952,0.3576817800556144,0.10721295876547544,0.032368319980127465,0.05637021801640858,0.9333333333333333
