unknown_profile,instance_id,latent_instance_id,family,representation,p_star,p_noul,p_choice,mu_score,u_score,pred_score_fixed,abs_error_pstar,abs_error_choice
no_unknown,bayes__seed_000042__repr_counts__parallel_primitives,bayes__seed_000042,bayes,counts,0.04367480789658851,0.11499999999999999,0.304,0.225,0,0.225,0.1813251921034115,0.07899999999999999
no_unknown,bayes__seed_000042__repr_direct__parallel_primitives,bayes__seed_000042,bayes,direct,0.04367480789658851,0.248,0.362,0.2777777777777778,0,0.2777777777777778,0.23410296988118928,0.0842222222222222
no_unknown,bayes__seed_000042__repr_distractor__parallel_primitives,bayes__seed_000042,bayes,distractor,0.04367480789658851,0.21400000000000002,0.363,0.3082222222222222,0,0.3082222222222222,0.26454741432563367,0.054777777777777814
no_unknown,bayes__seed_000042__repr_prose__parallel_primitives,bayes__seed_000042,bayes,prose,0.04367480789658851,0.16999999999999998,0.575,0.2634444444444444,0,0.2634444444444444,0.21976963654785592,0.31155555555555553
no_unknown,bayes__seed_000042__repr_table__parallel_primitives,bayes__seed_000042,bayes,table,0.04367480789658851,0.161,0.165,0.17452357071213642,0,0.17452357071213642,0.13084876281554791,0.009523570712136414
no_unknown,bayes__seed_000054__repr_counts__parallel_primitives,bayes__seed_000054,bayes,counts,0.4137933255962194,0.737,0.7929999999999999,0.6136666666666667,0,0.6136666666666667,0.1998733410704473,0.17933333333333323
no_unknown,bayes__seed_000054__repr_direct__parallel_primitives,bayes__seed_000054,bayes,direct,0.4137933255962194,0.43099999999999994,0.717,0.47155555555555556,0,0.47155555555555556,0.057762229959336164,0.2454444444444444
no_unknown,bayes__seed_000054__repr_distractor__parallel_primitives,bayes__seed_000054,bayes,distractor,0.4137933255962194,0.44800000000000006,0.706,0.5006666666666667,0,0.5006666666666667,0.08687334107044731,0.20533333333333326
no_unknown,bayes__seed_000054__repr_prose__parallel_primitives,bayes__seed_000054,bayes,prose,0.4137933255962194,0.44800000000000006,0.818,0.4742222222222222,0,0.4742222222222222,0.060428896626002815,0.34377777777777774
no_unknown,bayes__seed_000054__repr_table__parallel_primitives,bayes__seed_000054,bayes,table,0.4137933255962194,0.277,0.343,0.323,0,0.323,0.09079332559621939,0.020000000000000018
no_unknown,compound__seed_000043__repr_direct__parallel_primitives,compound__seed_000043,compound,direct,0.133797975723,0.238,0.622,0.3536666666666667,0,0.3536666666666667,0.21986869094366668,0.2683333333333333
no_unknown,compound__seed_000043__repr_prose__parallel_primitives,compound__seed_000043,compound,prose,0.133797975723,0.292,0.597,0.4841111111111111,0,0.4841111111111111,0.3503131353881111,0.11288888888888887
no_unknown,compound__seed_000043__repr_table__parallel_primitives,compound__seed_000043,compound,table,0.133797975723,0.35300000000000004,0.649,0.4441111111111111,0,0.4441111111111111,0.3103131353881111,0.2048888888888889
no_unknown,compound__seed_000047__repr_direct__parallel_primitives,compound__seed_000047,compound,direct,0.15353000000000006,0.297,0.32599999999999996,0.3340006673340007,0,0.3340006673340007,0.18047066733400063,0.008000667334000733
no_unknown,compound__seed_000047__repr_prose__parallel_primitives,compound__seed_000047,compound,prose,0.15353000000000006,0.42800000000000005,0.717,0.4982222222222223,0,0.4982222222222223,0.34469222222222223,0.21877777777777768
no_unknown,compound__seed_000047__repr_table__parallel_primitives,compound__seed_000047,compound,table,0.15353000000000006,0.255,0.305,0.28988888888888886,0,0.28988888888888886,0.1363588888888888,0.01511111111111113
no_unknown,compound__seed_000051__repr_direct__parallel_primitives,compound__seed_000051,compound,direct,0.5757575757575758,0.509,0.40099999999999997,0.3691111111111111,0,0.3691111111111111,0.2066464646464647,0.031888888888888856
no_unknown,compound__seed_000051__repr_prose__parallel_primitives,compound__seed_000051,compound,prose,0.5757575757575758,0.677,0.8029999999999999,0.6968888888888889,0,0.6968888888888889,0.12113131313131309,0.10611111111111104
no_unknown,compound__seed_000051__repr_table__parallel_primitives,compound__seed_000051,compound,table,0.5757575757575758,0.5509999999999999,0.523,0.43266666666666664,0,0.43266666666666664,0.14309090909090916,0.09033333333333338
no_unknown,compound__seed_000055__repr_direct__parallel_primitives,compound__seed_000055,compound,direct,5.348138586410087e-05,0.517,0.675,0.513888888888889,0,0.513888888888889,0.5138354075030248,0.1611111111111111
no_unknown,compound__seed_000055__repr_prose__parallel_primitives,compound__seed_000055,compound,prose,5.348138586410087e-05,0.374,0.425,0.3401111111111111,0,0.3401111111111111,0.340057629725247,0.0848888888888889
no_unknown,compound__seed_000055__repr_table__parallel_primitives,compound__seed_000055,compound,table,5.348138586410087e-05,0.568,0.696,0.584,0,0.584,0.5839465186141358,0.11199999999999999
no_unknown,compound__seed_000059__repr_direct__parallel_primitives,compound__seed_000059,compound,direct,0.495809321736,0.637,0.931,0.6344444444444445,0,0.6344444444444445,0.13863512270844447,0.29655555555555557
no_unknown,compound__seed_000059__repr_prose__parallel_primitives,compound__seed_000059,compound,prose,0.495809321736,0.5660000000000001,0.8859999999999999,0.6557777777777778,0,0.6557777777777778,0.15996845604177778,0.2302222222222221
no_unknown,compound__seed_000059__repr_table__parallel_primitives,compound__seed_000059,compound,table,0.495809321736,0.67,0.944,0.6483333333333333,0,0.6483333333333333,0.1525240115973333,0.29566666666666663
no_unknown,conditional__seed_000043__repr_direct__parallel_primitives,conditional__seed_000043,conditional,direct,0.5752212389380531,0.61,0.921,0.5378888888888889,0,0.5378888888888889,0.03733235004916424,0.3831111111111112
no_unknown,conditional__seed_000043__repr_distractor__parallel_primitives,conditional__seed_000043,conditional,distractor,0.5752212389380531,0.595,0.9030000000000001,0.5598888888888889,0,0.5598888888888889,0.015332350049164223,0.34311111111111126
no_unknown,conditional__seed_000043__repr_nested__parallel_primitives,conditional__seed_000043,conditional,nested,0.5752212389380531,0.652,0.9339999999999999,0.5584444444444444,0,0.5584444444444444,0.016776794493608693,0.37555555555555553
no_unknown,conditional__seed_000043__repr_prose__parallel_primitives,conditional__seed_000043,conditional,prose,0.5752212389380531,0.642,0.8949999999999999,0.6586666666666666,0,0.6586666666666666,0.08344542772861352,0.23633333333333328
no_unknown,conditional__seed_000043__repr_table__parallel_primitives,conditional__seed_000043,conditional,table,0.5752212389380531,0.616,0.931,0.6042222222222222,0,0.6042222222222222,0.029000983284169113,0.32677777777777783
no_unknown,conditional__seed_000047__repr_direct__parallel_primitives,conditional__seed_000047,conditional,direct,0.2647058823529412,0.328,0.545,0.35766666666666663,0,0.35766666666666663,0.09296078431372545,0.1873333333333334
no_unknown,conditional__seed_000047__repr_distractor__parallel_primitives,conditional__seed_000047,conditional,distractor,0.2647058823529412,0.321,0.644,0.3338888888888889,0,0.3338888888888889,0.06918300653594772,0.3101111111111111
no_unknown,conditional__seed_000047__repr_nested__parallel_primitives,conditional__seed_000047,conditional,nested,0.2647058823529412,0.325,0.6950000000000001,0.385,0,0.385,0.12029411764705883,0.31000000000000005
no_unknown,conditional__seed_000047__repr_prose__parallel_primitives,conditional__seed_000047,conditional,prose,0.2647058823529412,0.369,0.562,0.3755978200422645,0,0.3755978200422645,0.11089193768932332,0.18640217995773556
no_unknown,conditional__seed_000047__repr_table__parallel_primitives,conditional__seed_000047,conditional,table,0.2647058823529412,0.28500000000000003,0.414,0.36477777777777776,0,0.36477777777777776,0.10007189542483658,0.04922222222222222
no_unknown,conditional__seed_000051__repr_direct__parallel_primitives,conditional__seed_000051,conditional,direct,0.5853658536585366,0.646,0.9200000000000002,0.5888888888888889,0,0.5888888888888889,0.003523035230352356,0.33111111111111124
no_unknown,conditional__seed_000051__repr_distractor__parallel_primitives,conditional__seed_000051,conditional,distractor,0.5853658536585366,0.678,0.9120000000000001,0.5621111111111111,0,0.5621111111111111,0.023254742547425433,0.349888888888889
no_unknown,conditional__seed_000051__repr_nested__parallel_primitives,conditional__seed_000051,conditional,nested,0.5853658536585366,0.687,0.946,0.5924444444444444,0,0.5924444444444444,0.00707859078590789,0.3535555555555555
no_unknown,conditional__seed_000051__repr_prose__parallel_primitives,conditional__seed_000051,conditional,prose,0.5853658536585366,0.669,0.922,0.6884444444444444,0,0.6884444444444444,0.10307859078590786,0.23355555555555563
no_unknown,conditional__seed_000051__repr_table__parallel_primitives,conditional__seed_000051,conditional,table,0.5853658536585366,0.629,0.9469999999999998,0.632,0,0.632,0.046634146341463456,0.31499999999999984
no_unknown,conditional__seed_000055__repr_direct__parallel_primitives,conditional__seed_000055,conditional,direct,0.7551020408163265,0.715,0.892,0.527,0,0.527,0.22810204081632646,0.365
no_unknown,conditional__seed_000055__repr_distractor__parallel_primitives,conditional__seed_000055,conditional,distractor,0.7551020408163265,0.716,0.9179999999999999,0.5354444444444444,0,0.5354444444444444,0.2196575963718821,0.38255555555555554
no_unknown,conditional__seed_000055__repr_nested__parallel_primitives,conditional__seed_000055,conditional,nested,0.7551020408163265,0.763,0.954,0.561450339228117,0,0.561450339228117,0.19365170158820944,0.3925496607718829
no_unknown,conditional__seed_000055__repr_prose__parallel_primitives,conditional__seed_000055,conditional,prose,0.7551020408163265,0.75,0.933,0.748,0,0.748,0.0071020408163264825,0.18500000000000005
no_unknown,conditional__seed_000055__repr_table__parallel_primitives,conditional__seed_000055,conditional,table,0.7551020408163265,0.708,0.9280000000000002,0.5982222222222222,0,0.5982222222222222,0.15687981859410427,0.32977777777777795
no_unknown,conditional__seed_000059__repr_direct__parallel_primitives,conditional__seed_000059,conditional,direct,0.5652173913043478,0.604,0.917,0.5503333333333333,0,0.5503333333333333,0.014884057971014442,0.3666666666666667
no_unknown,conditional__seed_000059__repr_distractor__parallel_primitives,conditional__seed_000059,conditional,distractor,0.5652173913043478,0.633,0.9099999999999999,0.5461111111111111,0,0.5461111111111111,0.01910628019323668,0.3638888888888888
no_unknown,conditional__seed_000059__repr_nested__parallel_primitives,conditional__seed_000059,conditional,nested,0.5652173913043478,0.628,0.946,0.5564444444444444,0,0.5564444444444444,0.008772946859903374,0.38955555555555554
no_unknown,conditional__seed_000059__repr_prose__parallel_primitives,conditional__seed_000059,conditional,prose,0.5652173913043478,0.645,0.883,0.6591111111111111,0,0.6591111111111111,0.09389371980676331,0.22388888888888892
no_unknown,conditional__seed_000059__repr_table__parallel_primitives,conditional__seed_000059,conditional,table,0.5652173913043478,0.594,0.9040000000000001,0.5706666666666667,0,0.5706666666666667,0.005449275362318873,0.3333333333333335
no_unknown,explicit_probability__seed_000043__repr_direct__parallel_primitives,explicit_probability__seed_000043,explicit_probability,direct,0.052631578947,0.136,0.513,0.18796574352129908,0,0.18796574352129908,0.1353341645742991,0.32503425647870093
no_unknown,explicit_probability__seed_000043__repr_distractor__parallel_primitives,explicit_probability__seed_000043,explicit_probability,distractor,0.052631578947,0.11000000000000001,0.434,0.1889334224003563,0,0.1889334224003563,0.1363018434533563,0.2450665775996437
no_unknown,explicit_probability__seed_000043__repr_prose__parallel_primitives,explicit_probability__seed_000043,explicit_probability,prose,0.052631578947,0.15,0.422,0.20031142253364476,0,0.20031142253364476,0.14767984358664477,0.22168857746635523
no_unknown,explicit_probability__seed_000043__repr_ratio__parallel_primitives,explicit_probability__seed_000043,explicit_probability,ratio,0.052631578947,0.07300000000000001,0.033999999999999996,0.11278111779113784,0,0.11278111779113784,0.06014953884413784,0.07878111779113783
no_unknown,explicit_probability__seed_000047__repr_direct__parallel_primitives,explicit_probability__seed_000047,explicit_probability,direct,0.263157894737,0.311,0.719,0.2604444444444444,0,0.2604444444444444,0.002713450292555597,0.45855555555555555
no_unknown,explicit_probability__seed_000047__repr_distractor__parallel_primitives,explicit_probability__seed_000047,explicit_probability,distractor,0.263157894737,0.302,0.726,0.2985555555555556,0,0.2985555555555556,0.035397660818555554,0.4274444444444444
no_unknown,explicit_probability__seed_000047__repr_prose__parallel_primitives,explicit_probability__seed_000047,explicit_probability,prose,0.263157894737,0.332,0.6719999999999999,0.30241352463574683,0,0.30241352463574683,0.03925562989874681,0.3695864753642531
no_unknown,explicit_probability__seed_000047__repr_ratio__parallel_primitives,explicit_probability__seed_000047,explicit_probability,ratio,0.263157894737,0.24100000000000002,0.08399999999999999,0.2038337233923994,0,0.2038337233923994,0.05932417134460061,0.11983372339239942
no_unknown,explicit_probability__seed_000051__repr_direct__parallel_primitives,explicit_probability__seed_000051,explicit_probability,direct,0.473684210526,0.47400000000000003,0.781,0.39741446561907945,0,0.39741446561907945,0.07626974490692057,0.3835855343809206
no_unknown,explicit_probability__seed_000051__repr_distractor__parallel_primitives,explicit_probability__seed_000051,explicit_probability,distractor,0.473684210526,0.477,0.752,0.41388888888888886,0,0.41388888888888886,0.059795321637111154,0.33811111111111114
no_unknown,explicit_probability__seed_000051__repr_prose__parallel_primitives,explicit_probability__seed_000051,explicit_probability,prose,0.473684210526,0.49800000000000005,0.808,0.46244444444444444,0,0.46244444444444444,0.01123976608155558,0.3455555555555556
no_unknown,explicit_probability__seed_000051__repr_ratio__parallel_primitives,explicit_probability__seed_000051,explicit_probability,ratio,0.473684210526,0.43499999999999994,0.358,0.4368585452922802,0,0.4368585452922802,0.03682566523371983,0.0788585452922802
no_unknown,explicit_probability__seed_000055__repr_direct__parallel_primitives,explicit_probability__seed_000055,explicit_probability,direct,0.684210526316,0.69,0.969,0.6956666666666667,0,0.6956666666666667,0.011456140350666666,0.2733333333333333
no_unknown,explicit_probability__seed_000055__repr_distractor__parallel_primitives,explicit_probability__seed_000055,explicit_probability,distractor,0.684210526316,0.69,0.961,0.6808888888888889,0,0.6808888888888889,0.0033216374271111127,0.2801111111111111
no_unknown,explicit_probability__seed_000055__repr_prose__parallel_primitives,explicit_probability__seed_000055,explicit_probability,prose,0.684210526316,0.689,0.95,0.7044444444444444,0,0.7044444444444444,0.02023391812844444,0.24555555555555553
no_unknown,explicit_probability__seed_000055__repr_ratio__parallel_primitives,explicit_probability__seed_000055,explicit_probability,ratio,0.684210526316,0.69,0.953,0.728395061728395,0,0.728395061728395,0.044184535412394976,0.224604938271605
no_unknown,explicit_probability__seed_000059__repr_direct__parallel_primitives,explicit_probability__seed_000059,explicit_probability,direct,0.894736842105,0.8539999999999999,0.976,0.7996666666666666,0,0.7996666666666666,0.0950701754383334,0.17633333333333334
no_unknown,explicit_probability__seed_000059__repr_distractor__parallel_primitives,explicit_probability__seed_000059,explicit_probability,distractor,0.894736842105,0.8720000000000001,0.978,0.7877777777777777,0,0.7877777777777777,0.10695906432722235,0.1902222222222223
no_unknown,explicit_probability__seed_000059__repr_prose__parallel_primitives,explicit_probability__seed_000059,explicit_probability,prose,0.894736842105,0.828,0.968,0.8055555555555556,0,0.8055555555555556,0.08918128654944446,0.1624444444444444
no_unknown,explicit_probability__seed_000059__repr_ratio__parallel_primitives,explicit_probability__seed_000059,explicit_probability,ratio,0.894736842105,0.8560000000000001,0.984,0.8677777777777776,0,0.8677777777777776,0.026959064327222393,0.11622222222222234
no_unknown,frequency__seed_000046__repr_counts__parallel_primitives,frequency__seed_000046,frequency,counts,0.65,0.635,0.944,0.6961111111111111,0,0.6961111111111111,0.0461111111111111,0.24788888888888883
no_unknown,frequency__seed_000046__repr_distractor__parallel_primitives,frequency__seed_000046,frequency,distractor,0.65,0.653,0.9400000000000001,0.723,0,0.723,0.07299999999999995,0.21700000000000008
no_unknown,frequency__seed_000046__repr_prose__parallel_primitives,frequency__seed_000046,frequency,prose,0.65,0.689,0.9359999999999999,0.7194444444444444,0,0.7194444444444444,0.06944444444444442,0.2165555555555555
no_unknown,frequency__seed_000046__repr_ratio__parallel_primitives,frequency__seed_000046,frequency,ratio,0.65,0.672,0.97,0.7384050717384051,0,0.7384050717384051,0.08840507173840506,0.2315949282615949
no_unknown,frequency__seed_000046__repr_scaled_counts__parallel_primitives,frequency__seed_000046,frequency,scaled_counts,0.65,0.633,0.944,0.7143333333333333,0,0.7143333333333333,0.06433333333333324,0.22966666666666669
no_unknown,frequency__seed_000046__repr_table__parallel_primitives,frequency__seed_000046,frequency,table,0.65,0.662,0.958,0.7196666666666667,0,0.7196666666666667,0.06966666666666665,0.23833333333333329
no_unknown,sequential_bayes__seed_000042__repr_direct__parallel_primitives,sequential_bayes__seed_000042,sequential_bayes,direct,0.7626689672812239,0.741,0.916,0.6738888888888889,0,0.6738888888888889,0.08878007839233504,0.24211111111111117
no_unknown,sequential_bayes__seed_000042__repr_prose__parallel_primitives,sequential_bayes__seed_000042,sequential_bayes,prose,0.7626689672812239,0.766,0.978,0.7707777777777778,0,0.7707777777777778,0.008108810496553875,0.2072222222222222
no_unknown,sequential_bayes__seed_000042__repr_table__parallel_primitives,sequential_bayes__seed_000042,sequential_bayes,table,0.7626689672812239,0.735,0.9349999999999999,0.6826826826826827,0,0.6826826826826827,0.07998628459854118,0.2523173173173172
no_unknown,sequential_bayes__seed_000046__repr_direct__parallel_primitives,sequential_bayes__seed_000046,sequential_bayes,direct,0.2207423923319519,0.22400000000000003,0.277,0.3315555555555556,0,0.3315555555555556,0.11081316322360371,0.05455555555555558
no_unknown,sequential_bayes__seed_000046__repr_prose__parallel_primitives,sequential_bayes__seed_000046,sequential_bayes,prose,0.2207423923319519,0.266,0.678,0.35744444444444445,0,0.35744444444444445,0.13670205211249256,0.3205555555555556
no_unknown,sequential_bayes__seed_000046__repr_table__parallel_primitives,sequential_bayes__seed_000046,sequential_bayes,table,0.2207423923319519,0.252,0.32599999999999996,0.3502222222222222,0,0.3502222222222222,0.12947982989027032,0.024222222222222256
no_unknown,sequential_bayes__seed_000050__repr_direct__parallel_primitives,sequential_bayes__seed_000050,sequential_bayes,direct,0.02762280113741506,0.11099999999999999,0.06,0.09376042709376042,0,0.09376042709376042,0.06613762595634537,0.033760427093760426
no_unknown,sequential_bayes__seed_000050__repr_prose__parallel_primitives,sequential_bayes__seed_000050,sequential_bayes,prose,0.02762280113741506,0.092,0.16699999999999998,0.12434656879101323,0,0.12434656879101323,0.09672376765359816,0.04265343120898675
no_unknown,sequential_bayes__seed_000050__repr_table__parallel_primitives,sequential_bayes__seed_000050,sequential_bayes,table,0.02762280113741506,0.11200000000000002,0.083,0.10264125710464726,0,0.10264125710464726,0.0750184559672322,0.01964125710464726
no_unknown,sequential_bayes__seed_000054__repr_direct__parallel_primitives,sequential_bayes__seed_000054,sequential_bayes,direct,0.6251234123859295,0.429,0.557,0.335,0,0.335,0.2901234123859295,0.22200000000000003
no_unknown,sequential_bayes__seed_000054__repr_prose__parallel_primitives,sequential_bayes__seed_000054,sequential_bayes,prose,0.6251234123859295,0.668,0.953,0.697111111111111,0,0.697111111111111,0.07198769872518151,0.25588888888888894
no_unknown,sequential_bayes__seed_000054__repr_table__parallel_primitives,sequential_bayes__seed_000054,sequential_bayes,table,0.6251234123859295,0.48,0.622,0.4093333333333333,0,0.4093333333333333,0.21579007905259617,0.21266666666666667
no_unknown,sequential_bayes__seed_000058__repr_direct__parallel_primitives,sequential_bayes__seed_000058,sequential_bayes,direct,0.008611190063057283,0.094,0.066,0.107,0,0.107,0.09838880993694271,0.040999999999999995
no_unknown,sequential_bayes__seed_000058__repr_prose__parallel_primitives,sequential_bayes__seed_000058,sequential_bayes,prose,0.008611190063057283,0.08499999999999999,0.122,0.11988888888888888,0,0.11988888888888888,0.11127769882583159,0.002111111111111119
no_unknown,sequential_bayes__seed_000058__repr_table__parallel_primitives,sequential_bayes__seed_000058,sequential_bayes,table,0.008611190063057283,0.088,0.043,0.10176843510176843,0,0.10176843510176843,0.09315724503871115,0.058768435101768435
choice_learned_unknown,bayes__seed_000042__repr_counts__parallel_primitives,bayes__seed_000042,bayes,counts,0.04367480789658851,0.11499999999999999,0.304,0.225,0.2087461769988095,0.28435881566623594,0.24068400776964743,0.01964118433376405
choice_learned_unknown,bayes__seed_000042__repr_direct__parallel_primitives,bayes__seed_000042,bayes,direct,0.04367480789658851,0.248,0.362,0.2777777777777778,0.3069412449798881,0.40079975292962994,0.35712494503304143,0.03879975292962995
choice_learned_unknown,bayes__seed_000042__repr_distractor__parallel_primitives,bayes__seed_000042,bayes,distractor,0.04367480789658851,0.21400000000000002,0.363,0.3082222222222222,0.3232041209515921,0.45541385780242993,0.4117390499058414,0.09241385780242994
choice_learned_unknown,bayes__seed_000042__repr_prose__parallel_primitives,bayes__seed_000042,bayes,prose,0.04367480789658851,0.16999999999999998,0.575,0.2634444444444444,0.3194060337524567,0.3870801939325823,0.3434053860359938,0.18791980606741765
choice_learned_unknown,bayes__seed_000042__repr_table__parallel_primitives,bayes__seed_000042,bayes,table,0.04367480789658851,0.161,0.165,0.17452357071213642,0.21153058983960696,0.22134475791094324,0.17766995001435473,0.05634475791094323
choice_learned_unknown,bayes__seed_000054__repr_counts__parallel_primitives,bayes__seed_000054,bayes,counts,0.4137933255962194,0.737,0.7929999999999999,0.6136666666666667,0.33657329584547946,0.9249954257550295,0.5112021001588101,0.13199542575502954
choice_learned_unknown,bayes__seed_000054__repr_direct__parallel_primitives,bayes__seed_000054,bayes,direct,0.4137933255962194,0.43099999999999994,0.717,0.47155555555555556,0.33593899418001405,0.7101087873293754,0.29631546173315604,0.006891212670624536
choice_learned_unknown,bayes__seed_000054__repr_distractor__parallel_primitives,bayes__seed_000054,bayes,distractor,0.4137933255962194,0.44800000000000006,0.706,0.5006666666666667,0.3264996092800088,0.7433799201384867,0.32958659454226735,0.03737992013848679
choice_learned_unknown,bayes__seed_000054__repr_prose__parallel_primitives,bayes__seed_000054,bayes,prose,0.4137933255962194,0.44800000000000006,0.818,0.4742222222222222,0.4122376112821758,0.8068264171457372,0.3930330915495178,0.011173582854262731
choice_learned_unknown,bayes__seed_000054__repr_table__parallel_primitives,bayes__seed_000054,bayes,table,0.4137933255962194,0.277,0.343,0.323,0.3063367905617536,0.46564383926542263,0.051850513669203235,0.1226438392654226
choice_learned_unknown,compound__seed_000043__repr_direct__parallel_primitives,compound__seed_000043,compound,direct,0.133797975723,0.238,0.622,0.3536666666666667,0.2552209306433933,0.4748611785937931,0.3410632028707931,0.14713882140620688
choice_learned_unknown,compound__seed_000043__repr_prose__parallel_primitives,compound__seed_000043,compound,prose,0.133797975723,0.292,0.597,0.4841111111111111,0.23084592366997966,0.6294071968272245,0.49560922110422445,0.03240719682722448
choice_learned_unknown,compound__seed_000043__repr_table__parallel_primitives,compound__seed_000043,compound,table,0.133797975723,0.35300000000000004,0.649,0.4441111111111111,0.20735317836421083,0.5602887679466081,0.4264907922236081,0.08871123205339193
choice_learned_unknown,compound__seed_000047__repr_direct__parallel_primitives,compound__seed_000047,compound,direct,0.15353000000000006,0.297,0.32599999999999996,0.3340006673340007,0.2112287036176233,0.42344424659703317,0.2699142465970331,0.09744424659703321
choice_learned_unknown,compound__seed_000047__repr_prose__parallel_primitives,compound__seed_000047,compound,prose,0.15353000000000006,0.42800000000000005,0.717,0.4982222222222223,0.1852452935968055,0.6114996554259473,0.45796965542594725,0.10550034457405266
choice_learned_unknown,compound__seed_000047__repr_table__parallel_primitives,compound__seed_000047,compound,table,0.15353000000000006,0.255,0.305,0.28988888888888886,0.1739297191658441,0.3509252125571719,0.19739521255717185,0.04592521255717191
choice_learned_unknown,compound__seed_000051__repr_direct__parallel_primitives,compound__seed_000051,compound,direct,0.5757575757575758,0.509,0.40099999999999997,0.3691111111111111,0.12466583647017204,0.4216802296652657,0.1540773460923101,0.020680229665265726
choice_learned_unknown,compound__seed_000051__repr_prose__parallel_primitives,compound__seed_000051,compound,prose,0.5757575757575758,0.677,0.8029999999999999,0.6968888888888889,0.1440250806872273,0.8141463881306155,0.23838881237303966,0.011146388130615525
choice_learned_unknown,compound__seed_000051__repr_table__parallel_primitives,compound__seed_000051,compound,table,0.5757575757575758,0.5509999999999999,0.523,0.43266666666666664,0.09020274127127084,0.4755638275622385,0.10019374819533733,0.04743617243776155
choice_learned_unknown,compound__seed_000055__repr_direct__parallel_primitives,compound__seed_000055,compound,direct,5.348138586410087e-05,0.517,0.675,0.513888888888889,0.17745980976372014,0.6247583947737205,0.6247049133878564,0.05024160522627952
choice_learned_unknown,compound__seed_000055__repr_prose__parallel_primitives,compound__seed_000055,compound,prose,5.348138586410087e-05,0.374,0.425,0.3401111111111111,0.17059874865103347,0.41006823965835926,0.4100147582724952,0.014931760341640732
choice_learned_unknown,compound__seed_000055__repr_table__parallel_primitives,compound__seed_000055,compound,table,5.348138586410087e-05,0.568,0.696,0.584,0.13636357685523162,0.6762104797218657,0.6761569983360015,0.019789520278134298
choice_learned_unknown,compound__seed_000059__repr_direct__parallel_primitives,compound__seed_000059,compound,direct,0.495809321736,0.637,0.931,0.6344444444444445,0.36555455555555555,0.9999984238203476,0.5041891020843476,0.0689984238203476
choice_learned_unknown,compound__seed_000059__repr_prose__parallel_primitives,compound__seed_000059,compound,prose,0.495809321736,0.5660000000000001,0.8859999999999999,0.6557777777777778,0.2801427853948735,0.9109831289771831,0.41517380724118313,0.024983128977183244
choice_learned_unknown,compound__seed_000059__repr_table__parallel_primitives,compound__seed_000059,compound,table,0.495809321736,0.67,0.944,0.6483333333333333,0.29767322077021136,0.9231220459005313,0.42731272416453125,0.020877954099468687
choice_learned_unknown,conditional__seed_000043__repr_direct__parallel_primitives,conditional__seed_000043,conditional,direct,0.5752212389380531,0.61,0.921,0.5378888888888889,0.3920758364912176,0.8847960340716383,0.3095747951335852,0.036203965928361725
choice_learned_unknown,conditional__seed_000043__repr_distractor__parallel_primitives,conditional__seed_000043,conditional,distractor,0.5752212389380531,0.595,0.9030000000000001,0.5598888888888889,0.3735391594471453,0.8937332593602886,0.3185120204222355,0.009266740639711557
choice_learned_unknown,conditional__seed_000043__repr_nested__parallel_primitives,conditional__seed_000043,conditional,nested,0.5752212389380531,0.652,0.9339999999999999,0.5584444444444444,0.3773804516263316,0.8969272582320063,0.32170601929395315,0.03707274176799369
choice_learned_unknown,conditional__seed_000043__repr_prose__parallel_primitives,conditional__seed_000043,conditional,prose,0.5752212389380531,0.642,0.8949999999999999,0.6586666666666666,0.3413323333333334,0.9999984817836814,0.42477724284562834,0.10499848178368154
choice_learned_unknown,conditional__seed_000043__repr_table__parallel_primitives,conditional__seed_000043,conditional,table,0.5752212389380531,0.616,0.931,0.6042222222222222,0.3902681081758771,0.9909637831384914,0.4157425442004383,0.05996378313849138
choice_learned_unknown,conditional__seed_000047__repr_direct__parallel_primitives,conditional__seed_000047,conditional,direct,0.2647058823529412,0.328,0.545,0.35766666666666663,0.35302652517929495,0.5528304955095514,0.28812461315661025,0.007830495509551394
choice_learned_unknown,conditional__seed_000047__repr_distractor__parallel_primitives,conditional__seed_000047,conditional,distractor,0.2647058823529412,0.321,0.644,0.3338888888888889,0.33067068040971026,0.49884097277147393,0.23413509041853275,0.14515902722852608
choice_learned_unknown,conditional__seed_000047__repr_nested__parallel_primitives,conditional__seed_000047,conditional,nested,0.2647058823529412,0.325,0.6950000000000001,0.385,0.36691270060391795,0.6081309803043927,0.34342509795145154,0.08686901969560734
choice_learned_unknown,conditional__seed_000047__repr_prose__parallel_primitives,conditional__seed_000047,conditional,prose,0.2647058823529412,0.369,0.562,0.3755978200422645,0.3780064180465575,0.6038612470287172,0.33915536467577606,0.041861247028717186
choice_learned_unknown,conditional__seed_000047__repr_table__parallel_primitives,conditional__seed_000047,conditional,table,0.2647058823529412,0.28500000000000003,0.414,0.36477777777777776,0.36207288954965416,0.5718173311685439,0.30711144881560276,0.15781733116854396
choice_learned_unknown,conditional__seed_000051__repr_direct__parallel_primitives,conditional__seed_000051,conditional,direct,0.5853658536585366,0.646,0.9200000000000002,0.5888888888888889,0.3925275075882284,0.9694083209445377,0.3840424672860011,0.04940832094453751
choice_learned_unknown,conditional__seed_000051__repr_distractor__parallel_primitives,conditional__seed_000051,conditional,distractor,0.5853658536585366,0.678,0.9120000000000001,0.5621111111111111,0.3794505416038684,0.905828058514369,0.32046220485583243,0.0061719414856311605
choice_learned_unknown,conditional__seed_000051__repr_nested__parallel_primitives,conditional__seed_000051,conditional,nested,0.5853658536585366,0.687,0.946,0.5924444444444444,0.38397706322222797,0.9617246519153012,0.37635879825676466,0.015724651915301258
choice_learned_unknown,conditional__seed_000051__repr_prose__parallel_primitives,conditional__seed_000051,conditional,prose,0.5853658536585366,0.669,0.922,0.6884444444444444,0.3115545555555556,0.9999985474520777,0.4146326937935412,0.07799854745207768
choice_learned_unknown,conditional__seed_000051__repr_table__parallel_primitives,conditional__seed_000051,conditional,table,0.5853658536585366,0.629,0.9469999999999998,0.632,0.367999,0.9999984177240225,0.414632564065486,0.052998417724022695
choice_learned_unknown,conditional__seed_000055__repr_direct__parallel_primitives,conditional__seed_000055,conditional,direct,0.7551020408163265,0.715,0.892,0.527,0.3902459837222032,0.8642829500608078,0.10918090924448132,0.027717049939192218
choice_learned_unknown,conditional__seed_000055__repr_distractor__parallel_primitives,conditional__seed_000055,conditional,distractor,0.7551020408163265,0.716,0.9179999999999999,0.5354444444444444,0.380398132705238,0.8641750012507925,0.10907296043446602,0.05382499874920743
choice_learned_unknown,conditional__seed_000055__repr_nested__parallel_primitives,conditional__seed_000055,conditional,nested,0.7551020408163265,0.763,0.954,0.561450339228117,0.3780352501987437,0.9027044368792987,0.1476023960629722,0.05129556312070127
choice_learned_unknown,conditional__seed_000055__repr_prose__parallel_primitives,conditional__seed_000055,conditional,prose,0.7551020408163265,0.75,0.933,0.748,0.25199900000000003,0.9999986631033917,0.2448966222870652,0.06699866310339164
choice_learned_unknown,conditional__seed_000055__repr_table__parallel_primitives,conditional__seed_000055,conditional,table,0.7551020408163265,0.708,0.9280000000000002,0.5982222222222222,0.3962304181063081,0.9908121246286196,0.23571008381229308,0.0628121246286194
choice_learned_unknown,conditional__seed_000059__repr_direct__parallel_primitives,conditional__seed_000059,conditional,direct,0.5652173913043478,0.604,0.917,0.5503333333333333,0.38942237262192325,0.9013322936455392,0.33611490234119146,0.015667706354460798
choice_learned_unknown,conditional__seed_000059__repr_distractor__parallel_primitives,conditional__seed_000059,conditional,distractor,0.5652173913043478,0.633,0.9099999999999999,0.5461111111111111,0.3788383643920769,0.8791771413516855,0.31395975004733767,0.030822858648314466
choice_learned_unknown,conditional__seed_000059__repr_nested__parallel_primitives,conditional__seed_000059,conditional,nested,0.5652173913043478,0.628,0.946,0.5564444444444444,0.38956075428302994,0.9115476246794914,0.34633023337514357,0.0344523753205086
choice_learned_unknown,conditional__seed_000059__repr_prose__parallel_primitives,conditional__seed_000059,conditional,prose,0.5652173913043478,0.645,0.883,0.6591111111111111,0.34088788888888893,0.9999984828074265,0.43478109150307875,0.11699848280742653
choice_learned_unknown,conditional__seed_000059__repr_table__parallel_primitives,conditional__seed_000059,conditional,table,0.5652173913043478,0.594,0.9040000000000001,0.5706666666666667,0.3926514875893181,0.9396033002560292,0.37438590895168145,0.03560330025602909
choice_learned_unknown,explicit_probability__seed_000043__repr_direct__parallel_primitives,explicit_probability__seed_000043,explicit_probability,direct,0.052631578947,0.136,0.513,0.18796574352129908,0.21178529000561003,0.23847023043078822,0.18583865148378823,0.2745297695692118
choice_learned_unknown,explicit_probability__seed_000043__repr_distractor__parallel_primitives,explicit_probability__seed_000043,explicit_probability,distractor,0.052631578947,0.11000000000000001,0.434,0.1889334224003563,0.2144444235434973,0.24050930075832488,0.1878777218113249,0.1934906992416751
choice_learned_unknown,explicit_probability__seed_000043__repr_prose__parallel_primitives,explicit_probability__seed_000043,explicit_probability,prose,0.052631578947,0.15,0.422,0.20031142253364476,0.23062529316871572,0.2603561317457905,0.20772455279879048,0.1616438682542095
choice_learned_unknown,explicit_probability__seed_000043__repr_ratio__parallel_primitives,explicit_probability__seed_000043,explicit_probability,ratio,0.052631578947,0.07300000000000001,0.033999999999999996,0.11278111779113784,0.11423243655214158,0.12732586114593797,0.07469428219893798,0.09332586114593797
choice_learned_unknown,explicit_probability__seed_000047__repr_direct__parallel_primitives,explicit_probability__seed_000047,explicit_probability,direct,0.263157894737,0.311,0.719,0.2604444444444444,0.37991557043359925,0.42001448839243133,0.1568565936554313,0.29898551160756864
choice_learned_unknown,explicit_probability__seed_000047__repr_distractor__parallel_primitives,explicit_probability__seed_000047,explicit_probability,distractor,0.263157894737,0.302,0.726,0.2985555555555556,0.3922131742250273,0.49121755012520274,0.22805965538820272,0.23478244987479724
choice_learned_unknown,explicit_probability__seed_000047__repr_prose__parallel_primitives,explicit_probability__seed_000047,explicit_probability,prose,0.263157894737,0.332,0.6719999999999999,0.30241352463574683,0.4082788306819818,0.5110743713703707,0.24791647663337069,0.16092562862962922
choice_learned_unknown,explicit_probability__seed_000047__repr_ratio__parallel_primitives,explicit_probability__seed_000047,explicit_probability,ratio,0.263157894737,0.24100000000000002,0.08399999999999999,0.2038337233923994,0.3517394813353169,0.31443180252942987,0.05127390779242985,0.23043180252942988
choice_learned_unknown,explicit_probability__seed_000051__repr_direct__parallel_primitives,explicit_probability__seed_000051,explicit_probability,direct,0.473684210526,0.47400000000000003,0.781,0.39741446561907945,0.4561535387061681,0.7307475434769126,0.2570633329509126,0.05025245652308741
choice_learned_unknown,explicit_probability__seed_000051__repr_distractor__parallel_primitives,explicit_probability__seed_000051,explicit_probability,distractor,0.473684210526,0.477,0.752,0.41388888888888886,0.44140922432980234,0.7409518862754306,0.2672676757494306,0.011048113724569375
choice_learned_unknown,explicit_probability__seed_000051__repr_prose__parallel_primitives,explicit_probability__seed_000051,explicit_probability,prose,0.473684210526,0.49800000000000005,0.808,0.46244444444444444,0.4555577614166217,0.8493911964797413,0.37570698595374125,0.04139119647974121
choice_learned_unknown,explicit_probability__seed_000051__repr_ratio__parallel_primitives,explicit_probability__seed_000051,explicit_probability,ratio,0.473684210526,0.43499999999999994,0.358,0.4368585452922802,0.47379555068480667,0.830206863246427,0.356522652720427,0.472206863246427
choice_learned_unknown,explicit_probability__seed_000055__repr_direct__parallel_primitives,explicit_probability__seed_000055,explicit_probability,direct,0.684210526316,0.69,0.969,0.6956666666666667,0.30433233333333337,0.9999985625320137,0.3157880362160137,0.030998562532013718
choice_learned_unknown,explicit_probability__seed_000055__repr_distractor__parallel_primitives,explicit_probability__seed_000055,explicit_probability,distractor,0.684210526316,0.69,0.961,0.6808888888888889,0.31911011111111115,0.9999985313337498,0.31578800501774984,0.038998531333749864
choice_learned_unknown,explicit_probability__seed_000055__repr_prose__parallel_primitives,explicit_probability__seed_000055,explicit_probability,prose,0.684210526316,0.689,0.95,0.7044444444444444,0.2955545555555556,0.9999985804436556,0.31578805412765565,0.04999858044365568
choice_learned_unknown,explicit_probability__seed_000055__repr_ratio__parallel_primitives,explicit_probability__seed_000055,explicit_probability,ratio,0.684210526316,0.69,0.953,0.728395061728395,0.27160393827160506,0.999998627120529,0.315788100804529,0.046998627120529046
choice_learned_unknown,explicit_probability__seed_000059__repr_direct__parallel_primitives,explicit_probability__seed_000059,explicit_probability,direct,0.894736842105,0.8539999999999999,0.976,0.7996666666666666,0.20033233333333336,0.9999987494805134,0.10526190737551333,0.023998749480513393
choice_learned_unknown,explicit_probability__seed_000059__repr_distractor__parallel_primitives,explicit_probability__seed_000059,explicit_probability,distractor,0.894736842105,0.8720000000000001,0.978,0.7877777777777777,0.2122212222222223,0.9999987306080993,0.10526188850309925,0.021998730608099315
choice_learned_unknown,explicit_probability__seed_000059__repr_prose__parallel_primitives,explicit_probability__seed_000059,explicit_probability,prose,0.894736842105,0.828,0.968,0.8055555555555556,0.19444344444444442,0.9999987586222306,0.1052619165172306,0.03199875862223067
choice_learned_unknown,explicit_probability__seed_000059__repr_ratio__parallel_primitives,explicit_probability__seed_000059,explicit_probability,ratio,0.894736842105,0.8560000000000001,0.984,0.8677777777777776,0.13222122222222235,0.99999884763257,0.10526200552756992,0.01599884763256998
choice_learned_unknown,frequency__seed_000046__repr_counts__parallel_primitives,frequency__seed_000046,frequency,counts,0.65,0.635,0.944,0.6961111111111111,0.3038878888888889,0.9999985634497892,0.3499985634497892,0.05599856344978926
choice_learned_unknown,frequency__seed_000046__repr_distractor__parallel_primitives,frequency__seed_000046,frequency,distractor,0.65,0.653,0.9400000000000001,0.723,0.27699900000000005,0.9999986168760485,0.3499986168760485,0.05999861687604846
choice_learned_unknown,frequency__seed_000046__repr_prose__parallel_primitives,frequency__seed_000046,frequency,prose,0.65,0.689,0.9359999999999999,0.7194444444444444,0.2805545555555556,0.999998610040542,0.349998610040542,0.06399861004054208
choice_learned_unknown,frequency__seed_000046__repr_ratio__parallel_primitives,frequency__seed_000046,frequency,ratio,0.65,0.672,0.97,0.7384050717384051,0.26159392826159494,0.9999986457316126,0.34999864573161255,0.029998645731612594
choice_learned_unknown,frequency__seed_000046__repr_scaled_counts__parallel_primitives,frequency__seed_000046,frequency,scaled_counts,0.65,0.633,0.944,0.7143333333333333,0.28566566666666676,0.999998600095287,0.34999860009528694,0.05599860009528701
choice_learned_unknown,frequency__seed_000046__repr_table__parallel_primitives,frequency__seed_000046,frequency,table,0.65,0.662,0.958,0.7196666666666667,0.28033233333333335,0.99999861046974,0.34999861046974,0.04199861046974007
choice_learned_unknown,sequential_bayes__seed_000042__repr_direct__parallel_primitives,sequential_bayes__seed_000042,sequential_bayes,direct,0.7626689672812239,0.741,0.916,0.6738888888888889,0.32611011111111116,0.999998516078047,0.2373295487968231,0.08399851607804698
choice_learned_unknown,sequential_bayes__seed_000042__repr_prose__parallel_primitives,sequential_bayes__seed_000042,sequential_bayes,prose,0.7626689672812239,0.766,0.978,0.7707777777777778,0.22922122222222222,0.9999987026108802,0.2373297353296563,0.021998702610880216
choice_learned_unknown,sequential_bayes__seed_000042__repr_table__parallel_primitives,sequential_bayes__seed_000042,sequential_bayes,table,0.7626689672812239,0.735,0.9349999999999999,0.6826826826826827,0.3173163173173173,0.9999985351927615,0.2373295679115376,0.06499853519276155
choice_learned_unknown,sequential_bayes__seed_000046__repr_direct__parallel_primitives,sequential_bayes__seed_000046,sequential_bayes,direct,0.2207423923319519,0.22400000000000003,0.277,0.3315555555555556,0.43081749330629904,0.5825118510431987,0.36176945871124677,0.30551185104319867
choice_learned_unknown,sequential_bayes__seed_000046__repr_prose__parallel_primitives,sequential_bayes__seed_000046,sequential_bayes,prose,0.2207423923319519,0.266,0.678,0.35744444444444445,0.4307521638725742,0.6279241162796985,0.40718172394774654,0.050075883720301584
choice_learned_unknown,sequential_bayes__seed_000046__repr_table__parallel_primitives,sequential_bayes__seed_000046,sequential_bayes,table,0.2207423923319519,0.252,0.32599999999999996,0.3502222222222222,0.4257950516835806,0.6099254686834047,0.3891830763514528,0.28392546868340474
choice_learned_unknown,sequential_bayes__seed_000050__repr_direct__parallel_primitives,sequential_bayes__seed_000050,sequential_bayes,direct,0.02762280113741506,0.11099999999999999,0.06,0.09376042709376042,0.09728025830945003,0.10386438089652554,0.07624157975911047,0.04386438089652554
choice_learned_unknown,sequential_bayes__seed_000050__repr_prose__parallel_primitives,sequential_bayes__seed_000050,sequential_bayes,prose,0.02762280113741506,0.092,0.16699999999999998,0.12434656879101323,0.12507936433742708,0.1421232552102811,0.11450045407286605,0.02487674478971888
choice_learned_unknown,sequential_bayes__seed_000050__repr_table__parallel_primitives,sequential_bayes__seed_000050,sequential_bayes,table,0.02762280113741506,0.11200000000000002,0.083,0.10264125710464726,0.11162987866024977,0.11553884427118516,0.0879160431337701,0.032538844271185155
choice_learned_unknown,sequential_bayes__seed_000054__repr_direct__parallel_primitives,sequential_bayes__seed_000054,sequential_bayes,direct,0.6251234123859295,0.429,0.557,0.335,0.34594735131175985,0.5121911831897201,0.11293222919620938,0.04480881681027993
choice_learned_unknown,sequential_bayes__seed_000054__repr_prose__parallel_primitives,sequential_bayes__seed_000054,sequential_bayes,prose,0.6251234123859295,0.668,0.953,0.697111111111111,0.302887888888889,0.9999985655105055,0.374875153124576,0.04699856551050552
choice_learned_unknown,sequential_bayes__seed_000054__repr_table__parallel_primitives,sequential_bayes__seed_000054,sequential_bayes,table,0.6251234123859295,0.48,0.622,0.4093333333333333,0.35320038902679557,0.6328595849299161,0.007736172543986619,0.010859584929916122
choice_learned_unknown,sequential_bayes__seed_000058__repr_direct__parallel_primitives,sequential_bayes__seed_000058,sequential_bayes,direct,0.008611190063057283,0.094,0.066,0.107,0.09913013195488464,0.11877409134816513,0.11016290128510785,0.05277409134816513
choice_learned_unknown,sequential_bayes__seed_000058__repr_prose__parallel_primitives,sequential_bayes__seed_000058,sequential_bayes,prose,0.008611190063057283,0.08499999999999999,0.122,0.11988888888888888,0.10840024401915535,0.13446491891083986,0.1258537288477826,0.012464918910839867
choice_learned_unknown,sequential_bayes__seed_000058__repr_table__parallel_primitives,sequential_bayes__seed_000058,sequential_bayes,table,0.008611190063057283,0.088,0.043,0.10176843510176843,0.10008262900420271,0.11308642146684787,0.10447523140379059,0.07008642146684788
score_calibration_learned_unknown,bayes__seed_000042__repr_counts__parallel_primitives,bayes__seed_000042,bayes,counts,0.04367480789658851,0.11499999999999999,0.304,0.225,0.07611032803924249,0.24353557229672868,0.19986076440014017,0.06046442770327132
score_calibration_learned_unknown,bayes__seed_000042__repr_direct__parallel_primitives,bayes__seed_000042,bayes,direct,0.04367480789658851,0.248,0.362,0.2777777777777778,0.08208151302592778,0.30261704249303784,0.2589422345964493,0.05938295750696215
score_calibration_learned_unknown,bayes__seed_000042__repr_distractor__parallel_primitives,bayes__seed_000042,bayes,distractor,0.04367480789658851,0.21400000000000002,0.363,0.3082222222222222,0.08172502437000627,0.3356535138189545,0.29197870592236597,0.027346486181045515
score_calibration_learned_unknown,bayes__seed_000042__repr_prose__parallel_primitives,bayes__seed_000042,bayes,prose,0.04367480789658851,0.16999999999999998,0.575,0.2634444444444444,0.08297273466573156,0.28728092871744165,0.24360612082085314,0.2877190712825583
score_calibration_learned_unknown,bayes__seed_000042__repr_table__parallel_primitives,bayes__seed_000042,bayes,table,0.04367480789658851,0.161,0.165,0.17452357071213642,0.07893166579204959,0.18947950356171303,0.14580469566512452,0.024479503561713023
score_calibration_learned_unknown,bayes__seed_000054__repr_counts__parallel_primitives,bayes__seed_000054,bayes,counts,0.4137933255962194,0.737,0.7929999999999999,0.6136666666666667,0.08038819191030061,0.6673105556804784,0.25351723008425897,0.12568944431952156
score_calibration_learned_unknown,bayes__seed_000054__repr_direct__parallel_primitives,bayes__seed_000054,bayes,direct,0.4137933255962194,0.43099999999999994,0.717,0.47155555555555556,0.08092292489418287,0.5130750927513489,0.09928176715512949,0.2039249072486511
score_calibration_learned_unknown,bayes__seed_000054__repr_distractor__parallel_primitives,bayes__seed_000054,bayes,distractor,0.4137933255962194,0.44800000000000006,0.706,0.5006666666666667,0.07878399295865382,0.5434845495951045,0.1296912239988851,0.16251545040489546
score_calibration_learned_unknown,bayes__seed_000054__repr_prose__parallel_primitives,bayes__seed_000054,bayes,prose,0.4137933255962194,0.44800000000000006,0.818,0.4742222222222222,0.08190326869796703,0.5165275139904772,0.10273418839425785,0.3014724860095227
score_calibration_learned_unknown,bayes__seed_000054__repr_table__parallel_primitives,bayes__seed_000054,bayes,table,0.4137933255962194,0.277,0.343,0.323,0.07949697027049683,0.3508950971024137,0.06289822849380572,0.00789509710241365
score_calibration_learned_unknown,compound__seed_000043__repr_direct__parallel_primitives,compound__seed_000043,compound,direct,0.133797975723,0.238,0.622,0.3536666666666667,0.0561469633076379,0.3747052273159558,0.24090725159295578,0.2472947726840442
score_calibration_learned_unknown,compound__seed_000043__repr_prose__parallel_primitives,compound__seed_000043,compound,prose,0.133797975723,0.292,0.597,0.4841111111111111,0.0517799772725994,0.5105472353543477,0.37674925963134764,0.08645276464565232
score_calibration_learned_unknown,compound__seed_000043__repr_table__parallel_primitives,compound__seed_000043,compound,table,0.133797975723,0.35300000000000004,0.649,0.4441111111111111,0.04634352526979636,0.4656929647929601,0.33189498906996007,0.18330703520703995
score_calibration_learned_unknown,compound__seed_000047__repr_direct__parallel_primitives,compound__seed_000047,compound,direct,0.15353000000000006,0.297,0.32599999999999996,0.3340006673340007,0.056827646101602146,0.3541247428993031,0.20059474289930307,0.028124742899303168
score_calibration_learned_unknown,compound__seed_000047__repr_prose__parallel_primitives,compound__seed_000047,compound,prose,0.15353000000000006,0.42800000000000005,0.717,0.4982222222222223,0.04153092841485597,0.5198104320656355,0.36628043206563543,0.19718956793436448
score_calibration_learned_unknown,compound__seed_000047__repr_table__parallel_primitives,compound__seed_000047,compound,table,0.15353000000000006,0.255,0.305,0.28988888888888886,0.05204734376454053,0.30580523930393855,0.1522752393039385,0.0008052393039385541
score_calibration_learned_unknown,compound__seed_000051__repr_direct__parallel_primitives,compound__seed_000051,compound,direct,0.5757575757575758,0.509,0.40099999999999997,0.3691111111111111,0.026647527030132907,0.3792162873793182,0.19654128837825763,0.021783712620681794
score_calibration_learned_unknown,compound__seed_000051__repr_prose__parallel_primitives,compound__seed_000051,compound,prose,0.5757575757575758,0.677,0.8029999999999999,0.6968888888888889,0.033777300148563116,0.7212507934206474,0.14549321766307155,0.08174920657935258
score_calibration_learned_unknown,compound__seed_000051__repr_table__parallel_primitives,compound__seed_000051,compound,table,0.5757575757575758,0.5509999999999999,0.523,0.43266666666666664,0.01987424256762421,0.4414399513386104,0.1343176244189654,0.0815600486613896
score_calibration_learned_unknown,compound__seed_000055__repr_direct__parallel_primitives,compound__seed_000055,compound,direct,5.348138586410087e-05,0.517,0.675,0.513888888888889,0.04304600520252239,0.5370048003171192,0.536951318931255,0.13799519968288088
score_calibration_learned_unknown,compound__seed_000055__repr_prose__parallel_primitives,compound__seed_000055,compound,prose,5.348138586410087e-05,0.374,0.425,0.3401111111111111,0.05062138914085449,0.3582460224202077,0.3581925410343436,0.06675397757979229
score_calibration_learned_unknown,compound__seed_000055__repr_table__parallel_primitives,compound__seed_000055,compound,table,5.348138586410087e-05,0.568,0.696,0.584,0.03502501044428841,0.6051970323799605,0.6051435509940963,0.09080296762003948
score_calibration_learned_unknown,compound__seed_000059__repr_direct__parallel_primitives,compound__seed_000059,compound,direct,0.495809321736,0.637,0.931,0.6344444444444445,0.07575383938332098,0.6864453123842333,0.19063599064823333,0.2445546876157667
score_calibration_learned_unknown,compound__seed_000059__repr_prose__parallel_primitives,compound__seed_000059,compound,prose,0.495809321736,0.5660000000000001,0.8859999999999999,0.6557777777777778,0.05989009419481376,0.6975543750026936,0.20174505326669356,0.18844562499730633
score_calibration_learned_unknown,compound__seed_000059__repr_table__parallel_primitives,compound__seed_000059,compound,table,0.495809321736,0.67,0.944,0.6483333333333333,0.06318761426208773,0.6920631528826889,0.19625383114668893,0.251936847117311
score_calibration_learned_unknown,conditional__seed_000043__repr_direct__parallel_primitives,conditional__seed_000043,conditional,direct,0.5752212389380531,0.61,0.921,0.5378888888888889,0.07789277131885004,0.5833257479807507,0.00810450904269755,0.3376742520192494
score_calibration_learned_unknown,conditional__seed_000043__repr_distractor__parallel_primitives,conditional__seed_000043,conditional,distractor,0.5752212389380531,0.595,0.9030000000000001,0.5598888888888889,0.07593208371128173,0.6058958210967208,0.030674582158667696,0.29710417890327934
score_calibration_learned_unknown,conditional__seed_000043__repr_nested__parallel_primitives,conditional__seed_000043,conditional,nested,0.5752212389380531,0.652,0.9339999999999999,0.5584444444444444,0.07709067184302663,0.6050913425695283,0.029870103631475242,0.3289086574304716
score_calibration_learned_unknown,conditional__seed_000043__repr_prose__parallel_primitives,conditional__seed_000043,conditional,prose,0.5752212389380531,0.642,0.8949999999999999,0.6586666666666666,0.08074468056622211,0.7165220072616791,0.14130076832362604,0.17847799273832077
score_calibration_learned_unknown,conditional__seed_000043__repr_table__parallel_primitives,conditional__seed_000043,conditional,table,0.5752212389380531,0.616,0.931,0.6042222222222222,0.0776254048269089,0.6550724894031096,0.07985125046505648,0.27592751059689047
score_calibration_learned_unknown,conditional__seed_000047__repr_direct__parallel_primitives,conditional__seed_000047,conditional,direct,0.2647058823529412,0.328,0.545,0.35766666666666663,0.07628857236720324,0.38720606454254014,0.12250018218959896,0.1577939354574599
score_calibration_learned_unknown,conditional__seed_000047__repr_distractor__parallel_primitives,conditional__seed_000047,conditional,distractor,0.2647058823529412,0.321,0.644,0.3338888888888889,0.07201070849614512,0.3597982131321845,0.09509233077924334,0.2842017868678155
score_calibration_learned_unknown,conditional__seed_000047__repr_nested__parallel_primitives,conditional__seed_000047,conditional,nested,0.2647058823529412,0.325,0.6950000000000001,0.385,0.07744716049894815,0.41732026992429094,0.15261438757134976,0.2776797300757091
score_calibration_learned_unknown,conditional__seed_000047__repr_prose__parallel_primitives,conditional__seed_000047,conditional,prose,0.2647058823529412,0.369,0.562,0.3755978200422645,0.07663257143057495,0.40676962216891155,0.14206373981597037,0.1552303778310885
score_calibration_learned_unknown,conditional__seed_000047__repr_table__parallel_primitives,conditional__seed_000047,conditional,table,0.2647058823529412,0.28500000000000003,0.414,0.36477777777777776,0.0756647172193406,0.39463794639584027,0.1299320640428991,0.019362053604159712
score_calibration_learned_unknown,conditional__seed_000051__repr_direct__parallel_primitives,conditional__seed_000051,conditional,direct,0.5853658536585366,0.646,0.9200000000000002,0.5888888888888889,0.07914048161457532,0.6394991604380748,0.054133306779538204,0.2805008395619254
score_calibration_learned_unknown,conditional__seed_000051__repr_distractor__parallel_primitives,conditional__seed_000051,conditional,distractor,0.5853658536585366,0.678,0.9120000000000001,0.5621111111111111,0.07762540482690891,0.6094173821056145,0.02405152844707792,0.3025826178943857
score_calibration_learned_unknown,conditional__seed_000051__repr_nested__parallel_primitives,conditional__seed_000051,conditional,nested,0.5853658536585366,0.687,0.946,0.5924444444444444,0.07869487079467344,0.6430491111619648,0.05768325750342829,0.3029508888380351
score_calibration_learned_unknown,conditional__seed_000051__repr_prose__parallel_primitives,conditional__seed_000051,conditional,prose,0.5853658536585366,0.669,0.922,0.6884444444444444,0.07824925997477156,0.7468878673486083,0.1615220136900718,0.1751121326513917
score_calibration_learned_unknown,conditional__seed_000051__repr_table__parallel_primitives,conditional__seed_000051,conditional,table,0.5853658536585366,0.629,0.9469999999999998,0.632,0.07860574863069307,0.6859170209286297,0.10055116727009317,0.2610829790713701
score_calibration_learned_unknown,conditional__seed_000055__repr_direct__parallel_primitives,conditional__seed_000055,conditional,direct,0.7551020408163265,0.715,0.892,0.527,0.07878399295865382,0.5720699553327965,0.18303208548353,0.31993004466720354
score_calibration_learned_unknown,conditional__seed_000055__repr_distractor__parallel_primitives,conditional__seed_000055,conditional,distractor,0.7551020408163265,0.716,0.9179999999999999,0.5354444444444444,0.07780364915486966,0.58061869790934,0.17448334290698653,0.33738130209066
score_calibration_learned_unknown,conditional__seed_000055__repr_nested__parallel_primitives,conditional__seed_000055,conditional,nested,0.7551020408163265,0.763,0.954,0.561450339228117,0.07823837618697815,0.6091057869230695,0.145996253893257,0.34489421307693047
score_calibration_learned_unknown,conditional__seed_000055__repr_prose__parallel_primitives,conditional__seed_000055,conditional,prose,0.7551020408163265,0.75,0.933,0.748,0.0740605182676938,0.8078281731767115,0.052726132360385036,0.12517182682328853
score_calibration_learned_unknown,conditional__seed_000055__repr_table__parallel_primitives,conditional__seed_000055,conditional,table,0.7551020408163265,0.708,0.9280000000000002,0.5982222222222222,0.07976433676243797,0.6500750254750658,0.10502701534126069,0.27792497452493437
score_calibration_learned_unknown,conditional__seed_000059__repr_direct__parallel_primitives,conditional__seed_000059,conditional,direct,0.5652173913043478,0.604,0.917,0.5503333333333333,0.07833838213875192,0.5971099616911502,0.03189257038680238,0.3198900383088499
score_calibration_learned_unknown,conditional__seed_000059__repr_distractor__parallel_primitives,conditional__seed_000059,conditional,distractor,0.5652173913043478,0.633,0.9099999999999999,0.5461111111111111,0.07700154967904627,0.5916706695674432,0.026453278263095403,0.31832933043255673
score_calibration_learned_unknown,conditional__seed_000059__repr_nested__parallel_primitives,conditional__seed_000059,conditional,nested,0.5652173913043478,0.628,0.946,0.5564444444444444,0.07887311512263419,0.6040909820133267,0.03887359070897889,0.3419090179866733
score_calibration_learned_unknown,conditional__seed_000059__repr_prose__parallel_primitives,conditional__seed_000059,conditional,prose,0.5652173913043478,0.645,0.883,0.6591111111111111,0.07762540482690891,0.7145807295217445,0.14936333821739667,0.16841927047825556
score_calibration_learned_unknown,conditional__seed_000059__repr_table__parallel_primitives,conditional__seed_000059,conditional,table,0.5652173913043478,0.594,0.9040000000000001,0.5706666666666667,0.0788731151226342,0.6195310071127088,0.05431361580836103,0.2844689928872913
score_calibration_learned_unknown,explicit_probability__seed_000043__repr_direct__parallel_primitives,explicit_probability__seed_000043,explicit_probability,direct,0.052631578947,0.136,0.513,0.18796574352129908,0.08064708332158295,0.20445439407579336,0.15182281512879336,0.30854560592420666
score_calibration_learned_unknown,explicit_probability__seed_000043__repr_distractor__parallel_primitives,explicit_probability__seed_000043,explicit_probability,distractor,0.052631578947,0.11000000000000001,0.434,0.1889334224003563,0.08045998972577179,0.20546514593096604,0.15283356698396605,0.22853485406903395
score_calibration_learned_unknown,explicit_probability__seed_000043__repr_prose__parallel_primitives,explicit_probability__seed_000043,explicit_probability,prose,0.052631578947,0.15,0.422,0.20031142253364476,0.08171761982585174,0.21813706421727985,0.16550548527027986,0.20386293578272013
score_calibration_learned_unknown,explicit_probability__seed_000043__repr_ratio__parallel_primitives,explicit_probability__seed_000043,explicit_probability,ratio,0.052631578947,0.07300000000000001,0.033999999999999996,0.11278111779113784,0.08090649355332878,0.1227090791090055,0.07007750016200551,0.0887090791090055
score_calibration_learned_unknown,explicit_probability__seed_000047__repr_direct__parallel_primitives,explicit_probability__seed_000047,explicit_probability,direct,0.263157894737,0.311,0.719,0.2604444444444444,0.0843986892894176,0.28445180385589225,0.02129390911889223,0.4345481961441077
score_calibration_learned_unknown,explicit_probability__seed_000047__repr_distractor__parallel_primitives,explicit_probability__seed_000047,explicit_probability,distractor,0.263157894737,0.302,0.726,0.2985555555555556,0.08315097899369232,0.32563219103170266,0.062474296294702636,0.4003678089682973
score_calibration_learned_unknown,explicit_probability__seed_000047__repr_prose__parallel_primitives,explicit_probability__seed_000047,explicit_probability,prose,0.263157894737,0.332,0.6719999999999999,0.30241352463574683,0.08501844071401389,0.3305132453945169,0.06735535065751685,0.34148675460548306
score_calibration_learned_unknown,explicit_probability__seed_000047__repr_ratio__parallel_primitives,explicit_probability__seed_000047,explicit_probability,ratio,0.263157894737,0.24100000000000002,0.08399999999999999,0.2038337233923994,0.08715557661070027,0.22329514008048082,0.0398627546565192,0.13929514008048083
score_calibration_learned_unknown,explicit_probability__seed_000051__repr_direct__parallel_primitives,explicit_probability__seed_000051,explicit_probability,direct,0.473684210526,0.47400000000000003,0.781,0.39741446561907945,0.08733435728067095,0.43544365758632575,0.038240552939674266,0.3455563424136743
score_calibration_learned_unknown,explicit_probability__seed_000051__repr_distractor__parallel_primitives,explicit_probability__seed_000051,explicit_probability,distractor,0.473684210526,0.477,0.752,0.41388888888888886,0.08564639958514289,0.452657362207685,0.021026848318315028,0.299342637792315
score_calibration_learned_unknown,explicit_probability__seed_000051__repr_prose__parallel_primitives,explicit_probability__seed_000051,explicit_probability,prose,0.473684210526,0.49800000000000005,0.808,0.46244444444444444,0.08707235420882893,0.5065510356449726,0.0328668251189726,0.30144896435502744
score_calibration_learned_unknown,explicit_probability__seed_000051__repr_ratio__parallel_primitives,explicit_probability__seed_000051,explicit_probability,ratio,0.473684210526,0.43499999999999994,0.358,0.4368585452922802,0.0891221639803776,0.47960168533826225,0.005917474812262236,0.12160168533826227
score_calibration_learned_unknown,explicit_probability__seed_000055__repr_direct__parallel_primitives,explicit_probability__seed_000055,explicit_probability,direct,0.684210526316,0.69,0.969,0.6956666666666667,0.08386395630553534,0.75934864854927,0.07513812223326999,0.20965135145073
score_calibration_learned_unknown,explicit_probability__seed_000055__repr_distractor__parallel_primitives,explicit_probability__seed_000055,explicit_probability,distractor,0.684210526316,0.69,0.961,0.6808888888888889,0.08332922332165307,0.7427845484026026,0.05857402208660256,0.21821545159739741
score_calibration_learned_unknown,explicit_probability__seed_000055__repr_prose__parallel_primitives,explicit_probability__seed_000055,explicit_probability,prose,0.684210526316,0.689,0.95,0.7044444444444444,0.08564639958514289,0.7704289064152277,0.08621838009922766,0.1795710935847723
score_calibration_learned_unknown,explicit_probability__seed_000055__repr_ratio__parallel_primitives,explicit_probability__seed_000055,explicit_probability,ratio,0.684210526316,0.69,0.953,0.728395061728395,0.08814083885146455,0.798802153625284,0.11459162730928396,0.154197846374716
score_calibration_learned_unknown,explicit_probability__seed_000059__repr_direct__parallel_primitives,explicit_probability__seed_000059,explicit_probability,direct,0.894736842105,0.8539999999999999,0.976,0.7996666666666666,0.08154678004204552,0.8706667354307651,0.024070106674234926,0.10533326456923486
score_calibration_learned_unknown,explicit_probability__seed_000059__repr_distractor__parallel_primitives,explicit_probability__seed_000059,explicit_probability,distractor,0.894736842105,0.8720000000000001,0.978,0.7877777777777777,0.08341834548563344,0.859473647435336,0.03526319466966399,0.11852635256466393
score_calibration_learned_unknown,explicit_probability__seed_000059__repr_prose__parallel_primitives,explicit_probability__seed_000059,explicit_probability,prose,0.894736842105,0.828,0.968,0.8055555555555556,0.0840422006334961,0.8794679799797492,0.015268862125250804,0.08853202002025073
score_calibration_learned_unknown,explicit_probability__seed_000059__repr_ratio__parallel_primitives,explicit_probability__seed_000059,explicit_probability,ratio,0.894736842105,0.8560000000000001,0.984,0.8677777777777776,0.0860028882410644,0.9494316410998155,0.05469479899481544,0.034568358900184504
score_calibration_learned_unknown,frequency__seed_000046__repr_counts__parallel_primitives,frequency__seed_000046,frequency,counts,0.65,0.635,0.944,0.6961111111111111,0.08618113256902515,0.7617604931577885,0.11176049315778847,0.18223950684221146
score_calibration_learned_unknown,frequency__seed_000046__repr_distractor__parallel_primitives,frequency__seed_000046,frequency,distractor,0.65,0.653,0.9400000000000001,0.723,0.08511166660126063,0.7902603778038254,0.1402603778038254,0.14973962219617465
score_calibration_learned_unknown,frequency__seed_000046__repr_prose__parallel_primitives,frequency__seed_000046,frequency,prose,0.65,0.689,0.9359999999999999,0.7194444444444444,0.08413132279747647,0.7855323174081601,0.13553231740816007,0.15046768259183985
score_calibration_learned_unknown,frequency__seed_000046__repr_ratio__parallel_primitives,frequency__seed_000046,frequency,ratio,0.65,0.672,0.97,0.7384050717384051,0.08814083885146455,0.8097797370466118,0.15977973704661175,0.1602202629533882
score_calibration_learned_unknown,frequency__seed_000046__repr_scaled_counts__parallel_primitives,frequency__seed_000046,frequency,scaled_counts,0.65,0.633,0.944,0.7143333333333333,0.08653762122494667,0.7820062981589337,0.13200629815893372,0.1619937018410662
score_calibration_learned_unknown,frequency__seed_000046__repr_table__parallel_primitives,frequency__seed_000046,frequency,table,0.65,0.662,0.958,0.7196666666666667,0.08511166660126061,0.7866169459098474,0.1366169459098474,0.17138305409015253
score_calibration_learned_unknown,sequential_bayes__seed_000042__repr_direct__parallel_primitives,sequential_bayes__seed_000042,sequential_bayes,direct,0.7626689672812239,0.741,0.916,0.6738888888888889,0.08867655316047574,0.7394618137237003,0.023207153557523563,0.1765381862762997
score_calibration_learned_unknown,sequential_bayes__seed_000042__repr_prose__parallel_primitives,sequential_bayes__seed_000042,sequential_bayes,prose,0.7626689672812239,0.766,0.978,0.7707777777777778,0.08136853571408476,0.8390500518909731,0.07638108460974924,0.13894994810902683
score_calibration_learned_unknown,sequential_bayes__seed_000042__repr_table__parallel_primitives,sequential_bayes__seed_000042,sequential_bayes,table,0.7626689672812239,0.735,0.9349999999999999,0.6826826826826827,0.08903295260502189,0.7494043660908454,0.013264601190378533,0.18559563390915457
score_calibration_learned_unknown,sequential_bayes__seed_000046__repr_direct__parallel_primitives,sequential_bayes__seed_000046,sequential_bayes,direct,0.2207423923319519,0.22400000000000003,0.277,0.3315555555555556,0.08627025473300554,0.36285954055120984,0.14211714821925794,0.08585954055120981
score_calibration_learned_unknown,sequential_bayes__seed_000046__repr_prose__parallel_primitives,sequential_bayes__seed_000046,sequential_bayes,prose,0.2207423923319519,0.266,0.678,0.35744444444444445,0.08502254443728025,0.3906592914080192,0.1699168990760673,0.28734070859198085
score_calibration_learned_unknown,sequential_bayes__seed_000046__repr_table__parallel_primitives,sequential_bayes__seed_000046,sequential_bayes,table,0.2207423923319519,0.252,0.32599999999999996,0.3502222222222222,0.08627025473300554,0.383288629965621,0.16254623763366913,0.05728862996562106
score_calibration_learned_unknown,sequential_bayes__seed_000050__repr_direct__parallel_primitives,sequential_bayes__seed_000050,sequential_bayes,direct,0.02762280113741506,0.11099999999999999,0.06,0.09376042709376042,0.06681932014144429,0.1004740337187134,0.07285123258129833,0.0404740337187134
score_calibration_learned_unknown,sequential_bayes__seed_000050__repr_prose__parallel_primitives,sequential_bayes__seed_000050,sequential_bayes,prose,0.02762280113741506,0.092,0.16699999999999998,0.12434656879101323,0.07386701879454723,0.13426427015822717,0.10664146902081212,0.03273572984177281
score_calibration_learned_unknown,sequential_bayes__seed_000050__repr_table__parallel_primitives,sequential_bayes__seed_000050,sequential_bayes,table,0.02762280113741506,0.11200000000000002,0.083,0.10264125710464726,0.06874116760372155,0.11021775422041886,0.0825949530830038,0.02721775422041886
score_calibration_learned_unknown,sequential_bayes__seed_000054__repr_direct__parallel_primitives,sequential_bayes__seed_000054,sequential_bayes,direct,0.6251234123859295,0.429,0.557,0.335,0.08127941355010439,0.3646375241187326,0.2604858882671969,0.19236247588126743
score_calibration_learned_unknown,sequential_bayes__seed_000054__repr_prose__parallel_primitives,sequential_bayes__seed_000054,sequential_bayes,prose,0.6251234123859295,0.668,0.953,0.697111111111111,0.08475517794533911,0.7616662714858579,0.13654285909992836,0.1913337285141421
score_calibration_learned_unknown,sequential_bayes__seed_000054__repr_table__parallel_primitives,sequential_bayes__seed_000054,sequential_bayes,table,0.6251234123859295,0.48,0.622,0.4093333333333333,0.081190291386124,0.44550392697836966,0.17961948540755984,0.17649607302163034
score_calibration_learned_unknown,sequential_bayes__seed_000058__repr_direct__parallel_primitives,sequential_bayes__seed_000058,sequential_bayes,direct,0.008611190063057283,0.094,0.066,0.107,0.06283112560616622,0.11417365954370627,0.10556246948064898,0.04817365954370627
score_calibration_learned_unknown,sequential_bayes__seed_000058__repr_prose__parallel_primitives,sequential_bayes__seed_000058,sequential_bayes,prose,0.008611190063057283,0.08499999999999999,0.122,0.11988888888888888,0.07227807498808624,0.1292293365680123,0.12061814650495502,0.007229336568012307
score_calibration_learned_unknown,sequential_bayes__seed_000058__repr_table__parallel_primitives,sequential_bayes__seed_000058,sequential_bayes,table,0.008611190063057283,0.088,0.043,0.10176843510176843,0.06494588125897388,0.10883694650614587,0.10022575644308858,0.06583694650614587
noul_calibration_learned_unknown,bayes__seed_000042__repr_counts__parallel_primitives,bayes__seed_000042,bayes,counts,0.04367480789658851,0.11499999999999999,0.304,0.225,0.05834009919327265,0.23893976987577017,0.19526496197918167,0.06506023012422982
noul_calibration_learned_unknown,bayes__seed_000042__repr_direct__parallel_primitives,bayes__seed_000042,bayes,direct,0.04367480789658851,0.248,0.362,0.2777777777777778,0.06291713273653876,0.29642818952497235,0.25275338162838384,0.06557181047502764
noul_calibration_learned_unknown,bayes__seed_000042__repr_distractor__parallel_primitives,bayes__seed_000042,bayes,distractor,0.04367480789658851,0.21400000000000002,0.363,0.3082222222222222,0.06264387700261242,0.3288208341101125,0.285146026213524,0.03417916588988751
noul_calibration_learned_unknown,bayes__seed_000042__repr_prose__parallel_primitives,bayes__seed_000042,bayes,prose,0.04367480789658851,0.16999999999999998,0.575,0.2634444444444444,0.0636002720713546,0.28133759182864604,0.23766278393205753,0.2936624081713539
noul_calibration_learned_unknown,bayes__seed_000042__repr_table__parallel_primitives,bayes__seed_000042,bayes,table,0.04367480789658851,0.161,0.165,0.17452357071213642,0.06050271139843388,0.1857627188811937,0.1420879109846052,0.020762718881193687
noul_calibration_learned_unknown,bayes__seed_000054__repr_counts__parallel_primitives,bayes__seed_000054,bayes,counts,0.4137933255962194,0.737,0.7929999999999999,0.6136666666666667,0.06161916800038867,0.6539633438153187,0.24017001821909933,0.1390366561846812
noul_calibration_learned_unknown,bayes__seed_000054__repr_direct__parallel_primitives,bayes__seed_000054,bayes,direct,0.4137933255962194,0.43099999999999994,0.717,0.47155555555555556,0.062029051601278175,0.5027400436661521,0.0889467180699327,0.21425995633384787
noul_calibration_learned_unknown,bayes__seed_000054__repr_distractor__parallel_primitives,bayes__seed_000054,bayes,distractor,0.4137933255962194,0.44800000000000006,0.706,0.5006666666666667,0.06038951719772016,0.5328449137492444,0.11905158815302497,0.1731550862507556
noul_calibration_learned_unknown,bayes__seed_000054__repr_prose__parallel_primitives,bayes__seed_000054,bayes,prose,0.4137933255962194,0.44800000000000006,0.818,0.4742222222222222,0.06278050486957559,0.5059884314039252,0.09219510580770585,0.3120115685960747
noul_calibration_learned_unknown,bayes__seed_000054__repr_table__parallel_primitives,bayes__seed_000054,bayes,table,0.4137933255962194,0.277,0.343,0.323,0.06093602866557283,0.3439595276358128,0.06983379796040662,0.0009595276358127514
noul_calibration_learned_unknown,compound__seed_000043__repr_direct__parallel_primitives,compound__seed_000043,compound,direct,0.133797975723,0.238,0.622,0.3536666666666667,0.04303777809339785,0.36957223448386445,0.23577425876086444,0.25242776551613555
noul_calibration_learned_unknown,compound__seed_000043__repr_prose__parallel_primitives,compound__seed_000043,compound,prose,0.133797975723,0.292,0.597,0.4841111111111111,0.039690395352800244,0.5041198263230583,0.3703218506000583,0.09288017367694168
noul_calibration_learned_unknown,compound__seed_000043__repr_table__parallel_primitives,compound__seed_000043,compound,table,0.133797975723,0.35300000000000004,0.649,0.4441111111111111,0.03552324541042362,0.4604684446750593,0.3266704689520593,0.1885315553249407
noul_calibration_learned_unknown,compound__seed_000047__repr_direct__parallel_primitives,compound__seed_000047,compound,direct,0.15353000000000006,0.297,0.32599999999999996,0.3340006673340007,0.04355953516293187,0.3492121879127087,0.19568218791270864,0.023212187912708737
noul_calibration_learned_unknown,compound__seed_000047__repr_prose__parallel_primitives,compound__seed_000047,compound,prose,0.15353000000000006,0.42800000000000005,0.717,0.4982222222222223,0.03183429300241809,0.5146042858378856,0.3610742858378856,0.20239571416211433
noul_calibration_learned_unknown,compound__seed_000047__repr_table__parallel_primitives,compound__seed_000047,compound,table,0.15353000000000006,0.255,0.305,0.28988888888888886,0.039895337153244996,0.3019346745274154,0.14840467452741535,0.00306532547258459
noul_calibration_learned_unknown,compound__seed_000051__repr_direct__parallel_primitives,compound__seed_000051,compound,direct,0.5757575757575758,0.509,0.40099999999999997,0.3691111111111111,0.020425866110993583,0.37680773546531227,0.19894984029226354,0.024192264534687702
noul_calibration_learned_unknown,compound__seed_000051__repr_prose__parallel_primitives,compound__seed_000051,compound,prose,0.5757575757575758,0.677,0.8029999999999999,0.6968888888888889,0.025890980789520294,0.7154115967981909,0.13965402104061508,0.08758840320180905
noul_calibration_learned_unknown,compound__seed_000051__repr_table__parallel_primitives,compound__seed_000051,compound,table,0.5757575757575758,0.5509999999999999,0.523,0.43266666666666664,0.015234007166393207,0.4393598781997879,0.1363976975577879,0.08364012180021213
noul_calibration_learned_unknown,compound__seed_000055__repr_direct__parallel_primitives,compound__seed_000055,compound,direct,5.348138586410087e-05,0.517,0.675,0.513888888888889,0.03299562987160502,0.5314235434330631,0.5313700620471989,0.14357645656693696
noul_calibration_learned_unknown,compound__seed_000055__repr_prose__parallel_primitives,compound__seed_000055,compound,prose,5.348138586410087e-05,0.374,0.425,0.3401111111111111,0.03880231421753965,0.35384095919274355,0.35378747780687947,0.07115904080725644
noul_calibration_learned_unknown,compound__seed_000055__repr_table__parallel_primitives,compound__seed_000055,compound,table,5.348138586410087e-05,0.568,0.696,0.584,0.02684737585826247,0.6001114167626616,0.6000579353767974,0.0958885832373384
noul_calibration_learned_unknown,compound__seed_000059__repr_direct__parallel_primitives,compound__seed_000059,compound,direct,0.495809321736,0.637,0.931,0.6344444444444445,0.05806684345934631,0.6735556977041841,0.1777463759681841,0.25744430229581594
noul_calibration_learned_unknown,compound__seed_000059__repr_prose__parallel_primitives,compound__seed_000059,compound,prose,0.495809321736,0.5660000000000001,0.8859999999999999,0.6557777777777778,0.045906963299624376,0.6873310595009813,0.19152173776498127,0.19866894049901862
noul_calibration_learned_unknown,compound__seed_000059__repr_table__parallel_primitives,compound__seed_000059,compound,table,0.495809321736,0.67,0.944,0.6483333333333333,0.04843457883844298,0.6813334311180892,0.1855241093820892,0.26266656888191076
noul_calibration_learned_unknown,conditional__seed_000043__repr_direct__parallel_primitives,conditional__seed_000043,conditional,direct,0.5752212389380531,0.61,0.921,0.5378888888888889,0.059706377862904315,0.5720435364289477,0.003177702509105429,0.34895646357105237
noul_calibration_learned_unknown,conditional__seed_000043__repr_distractor__parallel_primitives,conditional__seed_000043,conditional,distractor,0.5752212389380531,0.595,0.9030000000000001,0.5598888888888889,0.05820347132630948,0.5944902872782585,0.019269048340205375,0.30850971272174166
noul_calibration_learned_unknown,conditional__seed_000043__repr_nested__parallel_primitives,conditional__seed_000043,conditional,nested,0.5752212389380531,0.652,0.9339999999999999,0.5584444444444444,0.059091552461570065,0.5935162405071676,0.018295001569114455,0.3404837594928324
noul_calibration_learned_unknown,conditional__seed_000043__repr_prose__parallel_primitives,conditional__seed_000043,conditional,prose,0.5752212389380531,0.642,0.8949999999999999,0.6586666666666666,0.06189242373431501,0.702122745121209,0.12690150618315588,0.19287725487879093
noul_calibration_learned_unknown,conditional__seed_000043__repr_table__parallel_primitives,conditional__seed_000043,conditional,table,0.5752212389380531,0.616,0.931,0.6042222222222222,0.05950143606245957,0.6424488514820841,0.06722761254403098,0.28855114851791597
noul_calibration_learned_unknown,conditional__seed_000047__repr_direct__parallel_primitives,conditional__seed_000047,conditional,direct,0.2647058823529412,0.328,0.545,0.35766666666666663,0.05847672706023581,0.37988085578586545,0.11517497343292427,0.1651191442141346
noul_calibration_learned_unknown,conditional__seed_000047__repr_distractor__parallel_primitives,conditional__seed_000047,conditional,distractor,0.2647058823529412,0.321,0.644,0.3338888888888889,0.055197658253119786,0.35339549251280356,0.08868961015986238,0.29060450748719646
noul_calibration_learned_unknown,conditional__seed_000047__repr_nested__parallel_primitives,conditional__seed_000047,conditional,nested,0.2647058823529412,0.325,0.6950000000000001,0.385,0.0593648081954964,0.4092978907810375,0.14459200842809633,0.28570210921896255
noul_calibration_learned_unknown,conditional__seed_000047__repr_prose__parallel_primitives,conditional__seed_000047,conditional,prose,0.2647058823529412,0.369,0.562,0.3755978200422645,0.058740409269950514,0.39903744274302416,0.13433156039008298,0.1629625572569759
noul_calibration_learned_unknown,conditional__seed_000047__repr_table__parallel_primitives,conditional__seed_000047,conditional,table,0.2647058823529412,0.28500000000000003,0.414,0.36477777777777776,0.05799852952586472,0.387236951545495,0.1225310691925538,0.026763048454505
noul_calibration_learned_unknown,conditional__seed_000051__repr_direct__parallel_primitives,conditional__seed_000051,conditional,direct,0.5853658536585366,0.646,0.9200000000000002,0.5888888888888889,0.06066277293164649,0.6269195683075347,0.04155371464899815,0.29308043169246545
noul_calibration_learned_unknown,conditional__seed_000051__repr_distractor__parallel_primitives,conditional__seed_000051,conditional,distractor,0.5853658536585366,0.678,0.9120000000000001,0.5621111111111111,0.05950143606245957,0.5976735453563559,0.012307691697819312,0.3143264546436443
noul_calibration_learned_unknown,conditional__seed_000051__repr_nested__parallel_primitives,conditional__seed_000051,conditional,nested,0.5853658536585366,0.687,0.946,0.5924444444444444,0.06032120326423858,0.6304754842851269,0.04510963062659035,0.31552451571487306
noul_calibration_learned_unknown,conditional__seed_000051__repr_prose__parallel_primitives,conditional__seed_000051,conditional,prose,0.5853658536585366,0.669,0.922,0.6884444444444444,0.05997963359683066,0.7323718390045759,0.14700598534603937,0.18962816099542412
noul_calibration_learned_unknown,conditional__seed_000051__repr_table__parallel_primitives,conditional__seed_000051,conditional,table,0.5853658536585366,0.629,0.9469999999999998,0.632,0.060252889330756995,0.6725213547609844,0.08715550110244785,0.27447864523901544
noul_calibration_learned_unknown,conditional__seed_000055__repr_direct__parallel_primitives,conditional__seed_000055,conditional,direct,0.7551020408163265,0.715,0.892,0.527,0.06038951719772016,0.5608707114764017,0.19423132933992482,0.33112928852359835
noul_calibration_learned_unknown,conditional__seed_000055__repr_distractor__parallel_primitives,conditional__seed_000055,conditional,distractor,0.7551020408163265,0.716,0.9179999999999999,0.5354444444444444,0.05963806392942274,0.5694025075939032,0.18569953322242327,0.3485974924060967
noul_calibration_learned_unknown,conditional__seed_000055__repr_nested__parallel_primitives,conditional__seed_000055,conditional,nested,0.7551020408163265,0.763,0.954,0.561450339228117,0.05997129095430338,0.5972693533988905,0.15783268741743595,0.3567306466011094
noul_calibration_learned_unknown,conditional__seed_000055__repr_prose__parallel_primitives,conditional__seed_000055,conditional,prose,0.7551020408163265,0.75,0.933,0.748,0.05676887872319621,0.7930187873651483,0.03791674654882182,0.13998121263485175
noul_calibration_learned_unknown,conditional__seed_000055__repr_table__parallel_primitives,conditional__seed_000055,conditional,table,0.7551020408163265,0.708,0.9280000000000002,0.5982222222222222,0.06114097046601759,0.6371800274628656,0.11792201335346086,0.29081997253713454
noul_calibration_learned_unknown,conditional__seed_000059__repr_direct__parallel_primitives,conditional__seed_000059,conditional,direct,0.5652173913043478,0.604,0.917,0.5503333333333333,0.06004794753031224,0.5854908576318907,0.0202734663275429,0.33150914236810936
noul_calibration_learned_unknown,conditional__seed_000059__repr_distractor__parallel_primitives,conditional__seed_000059,conditional,distractor,0.5652173913043478,0.633,0.9099999999999999,0.5461111111111111,0.059023238528088474,0.5803662040036603,0.015148812699312564,0.3296337959963396
noul_calibration_learned_unknown,conditional__seed_000059__repr_nested__parallel_primitives,conditional__seed_000059,conditional,nested,0.5652173913043478,0.628,0.946,0.5564444444444444,0.06045783113120175,0.5922506332146852,0.027033241910337402,0.35374936678531477
noul_calibration_learned_unknown,conditional__seed_000059__repr_prose__parallel_primitives,conditional__seed_000059,conditional,prose,0.5652173913043478,0.645,0.883,0.6591111111111111,0.05950143606245957,0.7008103322897614,0.13559294098541363,0.1821896677102386
noul_calibration_learned_unknown,conditional__seed_000059__repr_table__parallel_primitives,conditional__seed_000059,conditional,table,0.5652173913043478,0.594,0.9040000000000001,0.5706666666666667,0.06045783113120175,0.6073880295907793,0.04217063828643153,0.2966119704092208
noul_calibration_learned_unknown,explicit_probability__seed_000043__repr_direct__parallel_primitives,explicit_probability__seed_000043,explicit_probability,direct,0.052631578947,0.136,0.513,0.18796574352129908,0.06181761348083267,0.20035096184089243,0.14771938289389244,0.3126490381591076
noul_calibration_learned_unknown,explicit_probability__seed_000043__repr_distractor__parallel_primitives,explicit_probability__seed_000043,explicit_probability,distractor,0.052631578947,0.11000000000000001,0.434,0.1889334224003563,0.0616742024718508,0.2013516231761585,0.14872004422915852,0.23264837682384149
noul_calibration_learned_unknown,explicit_probability__seed_000043__repr_prose__parallel_primitives,explicit_probability__seed_000043,explicit_probability,prose,0.052631578947,0.15,0.422,0.20031142253364476,0.06263820127040125,0.2136970194487611,0.1610654405017611,0.2083029805512389
noul_calibration_learned_unknown,explicit_probability__seed_000043__repr_ratio__parallel_primitives,explicit_probability__seed_000043,explicit_probability,ratio,0.052631578947,0.07300000000000001,0.033999999999999996,0.11278111779113784,0.06201645664761023,0.12023784275367319,0.0676062638066732,0.08623784275367319
noul_calibration_learned_unknown,explicit_probability__seed_000047__repr_direct__parallel_primitives,explicit_probability__seed_000047,explicit_probability,direct,0.263157894737,0.311,0.719,0.2604444444444444,0.06469329500705995,0.27845886601059955,0.015300971273599528,0.4405411339894004
noul_calibration_learned_unknown,explicit_probability__seed_000047__repr_distractor__parallel_primitives,explicit_probability__seed_000047,explicit_probability,distractor,0.263157894737,0.302,0.726,0.2985555555555556,0.06373689993831777,0.31887997672436985,0.05572208198736983,0.4071200232756301
noul_calibration_learned_unknown,explicit_probability__seed_000047__repr_prose__parallel_primitives,explicit_probability__seed_000047,explicit_probability,prose,0.263157894737,0.332,0.6719999999999999,0.30241352463574683,0.06516834695490435,0.3234951701203881,0.06033727538338807,0.34850482987961184
noul_calibration_learned_unknown,explicit_probability__seed_000047__repr_ratio__parallel_primitives,explicit_probability__seed_000047,explicit_probability,ratio,0.263157894737,0.24100000000000002,0.08399999999999999,0.2038337233923994,0.06680650465851985,0.21842600104902282,0.0447318936879772,0.13442600104902283
noul_calibration_learned_unknown,explicit_probability__seed_000051__repr_direct__parallel_primitives,explicit_probability__seed_000051,explicit_probability,direct,0.473684210526,0.47400000000000003,0.781,0.39741446561907945,0.06694354364243477,0.42592756623805256,0.04775664428794746,0.35507243376194747
noul_calibration_learned_unknown,explicit_probability__seed_000051__repr_distractor__parallel_primitives,explicit_probability__seed_000051,explicit_probability,distractor,0.473684210526,0.477,0.752,0.41388888888888886,0.06564969007580213,0.4429697132785956,0.030714497247404438,0.3090302867214044
noul_calibration_learned_unknown,explicit_probability__seed_000051__repr_prose__parallel_primitives,explicit_probability__seed_000051,explicit_probability,prose,0.473684210526,0.49800000000000005,0.808,0.46244444444444444,0.06674271301150746,0.495516564287107,0.021832353761106982,0.31248343571289305
noul_calibration_learned_unknown,explicit_probability__seed_000051__repr_ratio__parallel_primitives,explicit_probability__seed_000051,explicit_probability,ratio,0.473684210526,0.43499999999999994,0.358,0.4368585452922802,0.06831393348158389,0.4688902850342724,0.004793925491727635,0.1108902850342724
noul_calibration_learned_unknown,explicit_probability__seed_000055__repr_direct__parallel_primitives,explicit_probability__seed_000055,explicit_probability,direct,0.684210526316,0.69,0.969,0.6956666666666667,0.06428341140617044,0.7434587300756272,0.05924820375962725,0.22554126992437273
noul_calibration_learned_unknown,explicit_probability__seed_000055__repr_distractor__parallel_primitives,explicit_probability__seed_000055,explicit_probability,distractor,0.684210526316,0.69,0.961,0.6808888888888889,0.06387352780528094,0.7273471150672262,0.04313658875122617,0.2336528849327738
noul_calibration_learned_unknown,explicit_probability__seed_000055__repr_prose__parallel_primitives,explicit_probability__seed_000055,explicit_probability,prose,0.684210526316,0.689,0.95,0.7044444444444444,0.06564969007580213,0.7539403979023613,0.06972987158636135,0.19605960209763862
noul_calibration_learned_unknown,explicit_probability__seed_000055__repr_ratio__parallel_primitives,explicit_probability__seed_000055,explicit_probability,ratio,0.684210526316,0.69,0.953,0.728395061728395,0.0675617280078127,0.7811724203170609,0.09696189400106092,0.17182757968293905
noul_calibration_learned_unknown,explicit_probability__seed_000059__repr_direct__parallel_primitives,explicit_probability__seed_000059,explicit_probability,direct,0.894736842105,0.8539999999999999,0.976,0.7996666666666666,0.06250724913564926,0.8529843734038359,0.041752468701164114,0.12301562659616405
noul_calibration_learned_unknown,explicit_probability__seed_000059__repr_distractor__parallel_primitives,explicit_probability__seed_000059,explicit_probability,distractor,0.894736842105,0.8720000000000001,0.978,0.7877777777777777,0.06394184173876252,0.8415906328310881,0.05314620927391189,0.13640936716891183
noul_calibration_learned_unknown,explicit_probability__seed_000059__repr_prose__parallel_primitives,explicit_probability__seed_000059,explicit_probability,prose,0.894736842105,0.828,0.968,0.8055555555555556,0.06442003927313361,0.8610226697563157,0.033714172348684346,0.10697733024368428
noul_calibration_learned_unknown,explicit_probability__seed_000059__repr_ratio__parallel_primitives,explicit_probability__seed_000059,explicit_probability,ratio,0.894736842105,0.8560000000000001,0.984,0.8677777777777776,0.06592294580972846,0.9290216196671621,0.03428477756216208,0.05497838033283786
noul_calibration_learned_unknown,frequency__seed_000046__repr_counts__parallel_primitives,frequency__seed_000046,frequency,counts,0.65,0.635,0.944,0.6961111111111111,0.06605957367669162,0.745348516341163,0.09534851634116293,0.198651483658837
noul_calibration_learned_unknown,frequency__seed_000046__repr_distractor__parallel_primitives,frequency__seed_000046,frequency,distractor,0.65,0.653,0.9400000000000001,0.723,0.06523980647491262,0.7734604072874397,0.12346040728743968,0.16653959271256036
noul_calibration_learned_unknown,frequency__seed_000046__repr_prose__parallel_primitives,frequency__seed_000046,frequency,prose,0.65,0.689,0.9359999999999999,0.7194444444444444,0.0644883532066152,0.7690384688533327,0.11903846885333269,0.16696153114666723
noul_calibration_learned_unknown,frequency__seed_000046__repr_ratio__parallel_primitives,frequency__seed_000046,frequency,ratio,0.65,0.672,0.97,0.7384050717384051,0.0675617280078127,0.7919077261391004,0.1419077261391004,0.17809227386089954
noul_calibration_learned_unknown,frequency__seed_000046__repr_scaled_counts__parallel_primitives,frequency__seed_000046,frequency,scaled_counts,0.65,0.633,0.944,0.7143333333333333,0.06633282941061795,0.765083485673387,0.115083485673387,0.17891651432661293
noul_calibration_learned_unknown,frequency__seed_000046__repr_table__parallel_primitives,frequency__seed_000046,frequency,table,0.65,0.662,0.958,0.7196666666666667,0.06523980647491262,0.7698944303059393,0.11989443030593927,0.18810556969406067
noul_calibration_learned_unknown,sequential_bayes__seed_000042__repr_direct__parallel_primitives,sequential_bayes__seed_000042,sequential_bayes,direct,0.7626689672812239,0.741,0.916,0.6738888888888889,0.06797236381417597,0.7230353078870845,0.03963365939413943,0.19296469211291556
noul_calibration_learned_unknown,sequential_bayes__seed_000042__repr_prose__parallel_primitives,sequential_bayes__seed_000042,sequential_bayes,prose,0.7626689672812239,0.766,0.978,0.7707777777777778,0.06237062126868609,0.8220495168578235,0.05938054957659955,0.15595048314217652
noul_calibration_learned_unknown,sequential_bayes__seed_000042__repr_table__parallel_primitives,sequential_bayes__seed_000042,sequential_bayes,table,0.7626689672812239,0.735,0.9349999999999999,0.6826826826826827,0.06824555116578652,0.7326851871078666,0.029983780173357344,0.20231481289213338
noul_calibration_learned_unknown,sequential_bayes__seed_000046__repr_direct__parallel_primitives,sequential_bayes__seed_000046,sequential_bayes,direct,0.2207423923319519,0.22400000000000003,0.277,0.3315555555555556,0.06612788761017321,0.3550331476406206,0.1342907553086687,0.07803314764062058
noul_calibration_learned_unknown,sequential_bayes__seed_000046__repr_prose__parallel_primitives,sequential_bayes__seed_000046,sequential_bayes,prose,0.2207423923319519,0.266,0.678,0.35744444444444445,0.06517149254143104,0.3823636545019314,0.1616212621699795,0.29563634549806866
noul_calibration_learned_unknown,sequential_bayes__seed_000046__repr_table__parallel_primitives,sequential_bayes__seed_000046,sequential_bayes,table,0.2207423923319519,0.252,0.32599999999999996,0.3502222222222222,0.0661278876101732,0.37502160903593695,0.15427921670398506,0.049021609035937
noul_calibration_learned_unknown,sequential_bayes__seed_000050__repr_direct__parallel_primitives,sequential_bayes__seed_000050,sequential_bayes,direct,0.02762280113741506,0.11099999999999999,0.06,0.09376042709376042,0.05121835453223857,0.09882192340212835,0.07119912226471328,0.03882192340212835
noul_calibration_learned_unknown,sequential_bayes__seed_000050__repr_prose__parallel_primitives,sequential_bayes__seed_000050,sequential_bayes,prose,0.02762280113741506,0.092,0.16699999999999998,0.12434656879101323,0.056620557480231704,0.13180970793563543,0.10418690679822037,0.03519029206436455
noul_calibration_learned_unknown,sequential_bayes__seed_000050__repr_table__parallel_primitives,sequential_bayes__seed_000050,sequential_bayes,table,0.02762280113741506,0.11200000000000002,0.083,0.10264125710464726,0.05269148931528386,0.10835040110687699,0.08072759996946194,0.025350401106876988
noul_calibration_learned_unknown,sequential_bayes__seed_000054__repr_direct__parallel_primitives,sequential_bayes__seed_000054,sequential_bayes,direct,0.6251234123859295,0.429,0.557,0.335,0.06230230733520451,0.35725799756207194,0.26786541482385756,0.1997420024379281
noul_calibration_learned_unknown,sequential_bayes__seed_000054__repr_prose__parallel_primitives,sequential_bayes__seed_000054,sequential_bayes,prose,0.6251234123859295,0.668,0.953,0.697111111111111,0.06496655074098628,0.7455467092258046,0.12042329683987507,0.2074532907741954
noul_calibration_learned_unknown,sequential_bayes__seed_000054__repr_table__parallel_primitives,sequential_bayes__seed_000054,sequential_bayes,table,0.6251234123859295,0.48,0.622,0.4093333333333333,0.06223399340172293,0.4364983700125577,0.1886250423733718,0.1855016299874423
noul_calibration_learned_unknown,sequential_bayes__seed_000058__repr_direct__parallel_primitives,sequential_bayes__seed_000058,sequential_bayes,direct,0.008611190063057283,0.094,0.066,0.107,0.048161323104516644,0.1124140073284174,0.10380281726536011,0.0464140073284174
noul_calibration_learned_unknown,sequential_bayes__seed_000058__repr_prose__parallel_primitives,sequential_bayes__seed_000058,sequential_bayes,prose,0.008611190063057283,0.08499999999999999,0.122,0.11988888888888888,0.05540260005356453,0.1269206213098695,0.11830943124681222,0.004920621309869505
noul_calibration_learned_unknown,sequential_bayes__seed_000058__repr_table__parallel_primitives,sequential_bayes__seed_000058,sequential_bayes,table,0.008611190063057283,0.088,0.043,0.10176843510176843,0.049782325900493564,0.10710012860812278,0.09848893854506549,0.06410012860812278
