family,measure,n_test,mae,rmse,r2,corr,mean_predicted_unknown,mean_implied_unknown,gamma,central_lambda,w_0,w_1,w_2,w_3,w_4,w_5,w_6,w_7,w_8,w_9,weight_profile
bayes,score_fuzzy_mass,15,0.36724331138852934,0.3784440565663715,-7.901287505041948,0.6957574757767924,0.5968717688882298,0.22962845749970048,,,,,,,,,,,,,
bayes,score_entropy_mass,15,0.4312765030170767,0.4418039737690103,-11.13133752482426,0.6680580805717088,0.6609049605167773,0.22962845749970048,,,,,,,,,,,,,
bayes,score_gamma_fuzzy_mass,15,0.0724931343558876,0.08899676976660756,0.507736156779606,0.7520397196929957,0.23562546097313755,0.22962845749970048,5.0,,,,,,,,,,,,
bayes,score_central_2_mass,15,0.13547706760623413,0.15518152430308788,-0.49668179985104155,0.7244093075478117,0.10180233566900235,0.22962845749970048,,,,,,,,,,,,,
bayes,score_central_decay_mass,15,0.07262890296114982,0.08688723618564606,0.5307963128510889,0.7441745973945966,0.23098791355068402,0.22962845749970048,,0.39,,,,,,,,,,,
bayes,score_middle_2_7_mass,15,0.36901325087534126,0.3848248316545618,-8.203979159827021,0.629543217877474,0.5986417083750417,0.22962845749970048,,,,,,,,,,,,,
bayes,score_crisp_unknown_2_3_mass,15,0.1466600038714207,0.16402026510902065,-0.6720315560209975,0.45601027091087015,0.16673520186853522,0.22962845749970048,,,,,,,,,,,,,
bayes,score_non_extreme_mass,15,0.6822333376287613,0.6949586074698731,-29.017002893639358,-0.15608600921222146,0.9118617951284617,0.22962845749970048,,,,,,,,,,,,,
bayes,learned_score_unknown_weights,15,0.09881183057299057,0.11491636742374556,0.1792455823407858,0.556259647931621,0.20294142328458076,0.22962845749970048,,,0.0,0.10848520413987714,0.9128762944178033,0.0,0.19823024133270833,1.0,0.0,0.11934867724861163,0.06648307352729732,0.0,"0.000,0.108,0.913,0.000,0.198,1.000,0.000,0.119,0.066,0.000"
bayes,learned_symmetric_monotone_weights,15,0.07423087776940891,0.088591322316516,0.5122112065044555,0.7185284577976598,0.23472393687364926,0.22962845749970048,,,0.0,0.16408869701162865,0.16408869701162865,0.16408869701162865,1.0,1.0,0.16408869701162865,0.16408869701162865,0.16408869701162865,0.0,"0.000,0.164,0.164,0.164,1.000,1.000,0.164,0.164,0.164,0.000"
compound,score_fuzzy_mass,9,0.26148194074865494,0.2720800777785299,-30.839318523016786,0.6983132572028669,0.32294531019359557,0.06146336944494062,,,,,,,,,,,,,
compound,score_entropy_mass,9,0.29369251653817696,0.30578769522672616,-39.21705719087211,0.7211702539180469,0.35515588598311765,0.06146336944494062,,,,,,,,,,,,,
compound,score_gamma_fuzzy_mass,9,0.07960480408179493,0.0886678248254022,-2.3814454580281,0.41950651483862644,0.1373144999429185,0.06146336944494062,5.0,,,,,,,,,,,,
compound,score_central_2_mass,9,0.04014495653341352,0.044876128623503535,0.13383417230194683,0.3897926909580887,0.05501746190635079,0.06146336944494062,,,,,,,,,,,,,
compound,score_central_decay_mass,9,0.10278699713430528,0.10957528651506239,-4.1641102713401725,0.6509179220758297,0.1642503665792459,0.06146336944494062,,0.49,,,,,,,,,,,
compound,score_middle_2_7_mass,9,0.26230206265382483,0.28157749951238076,-33.10092609147405,0.516152571380608,0.3237654320987654,0.06146336944494062,,,,,,,,,,,,,
compound,score_crisp_unknown_2_3_mass,9,0.06298985163533327,0.06866068572864927,-1.0276199261475902,-0.49354613088097526,0.0790172394616839,0.06146336944494062,,,,,,,,,,,,,
compound,score_non_extreme_mass,9,0.4194465404649692,0.4396517649090932,-82.13576919244161,0.7751243714360386,0.4809099099099099,0.06146336944494062,,,,,,,,,,,,,
compound,learned_score_unknown_weights,9,0.08577387629601597,0.09963114197747672,-3.2693375589956064,0.08225121182242809,0.14090499599422468,0.06146336944494062,,,0.0,0.6158850874508289,0.45315850974599425,0.6464820460530859,1.0,1.0,0.35599693654068254,0.0,0.0,0.0,"0.000,0.616,0.453,0.646,1.000,1.000,0.356,0.000,0.000,0.000"
compound,learned_symmetric_monotone_weights,9,0.10341272795901206,0.10855093599982937,-4.06800952818419,0.7330802681735761,0.16487609740395268,0.06146336944494062,,,0.0,0.18690247833232487,0.18690247833232487,0.47530601381110843,1.0,1.0,0.47530601381110843,0.18690247833232487,0.18690247833232487,0.0,"0.000,0.187,0.187,0.475,1.000,1.000,0.475,0.187,0.187,0.000"
conditional,score_fuzzy_mass,30,0.4010766025841832,0.4149343188642949,-12.27994659705745,0.5230130662344664,0.669630789637374,0.2685541870531908,,,,,,,,,,,,,
conditional,score_entropy_mass,30,0.4410723089660059,0.4532031491528413,-14.842490437005772,0.506425205150513,0.7096264960191968,0.2685541870531908,,,,,,,,,,,,,
conditional,score_gamma_fuzzy_mass,30,0.08980461377425955,0.11202604963711815,0.031999327029466285,0.5814969635443832,0.2994366456866759,0.2685541870531908,8.0,,,,,,,,,,,,
conditional,score_central_2_mass,30,0.1127724839220028,0.14158637151591213,-0.5462528740726025,0.5293669390022738,0.17526282949616284,0.2685541870531908,,,,,,,,,,,,,
conditional,score_central_decay_mass,30,0.0895615904211847,0.11086556583225533,0.05195059177813044,0.5734985049407645,0.2979130092759426,0.2685541870531908,,0.3,,,,,,,,,,,
conditional,score_middle_2_7_mass,30,0.45830056770156397,0.47781571348974455,-16.60996413641584,0.4679546253555378,0.7268547547547547,0.2685541870531908,,,,,,,,,,,,,
conditional,score_crisp_unknown_2_3_mass,30,0.09977846153790475,0.11984778222803256,-0.10789249252314703,0.6827139252754555,0.1882955955955956,0.2685541870531908,,,,,,,,,,,,,
conditional,score_non_extreme_mass,30,0.5841231903241866,0.5939168512527514,-26.207517122956446,0.3378108759895681,0.8526773773773774,0.2685541870531908,,,,,,,,,,,,,
conditional,learned_score_unknown_weights,30,0.06033600873153669,0.0792295681382997,0.5158140387631281,0.7557707537749204,0.2696317166555549,0.2685541870531908,,,0.0,0.44132174966011445,0.9443933317894253,0.1488563399207278,0.1138870646778212,0.48019953176916774,0.33816850966410406,0.2041797937701008,0.11870972404210979,0.0,"0.000,0.441,0.944,0.149,0.114,0.480,0.338,0.204,0.119,0.000"
conditional,learned_symmetric_monotone_weights,30,0.06992636857226074,0.09568975305316643,0.29373370124106857,0.5479239335604036,0.27547966885574826,0.2685541870531908,,,0.0,0.08230682311099666,0.2857035387870308,0.33375838529595625,0.5226600297555393,0.5226600297555393,0.33375838529595625,0.2857035387870308,0.08230682311099666,0.0,"0.000,0.082,0.286,0.334,0.523,0.523,0.334,0.286,0.082,0.000"
explicit_probability,score_fuzzy_mass,20,0.4485770850573691,0.4867760376913332,-8.675284183217096,0.0012545844639130917,0.7638835110833136,0.3153064260259445,,,,,,,,,,,,,
explicit_probability,score_entropy_mass,20,0.49283015206027053,0.5248852092704043,-10.249520654384487,-0.019272807272112707,0.808136578086215,0.3153064260259445,,,,,,,,,,,,,
explicit_probability,score_gamma_fuzzy_mass,20,0.20092829612421795,0.2777299868531321,-2.1495673136956137,0.033785834548889844,0.4314254125940195,0.3153064260259445,5.0,,,,,,,,,,,,
explicit_probability,score_central_2_mass,20,0.26840990909092294,0.3181754010835584,-3.133696127186248,-0.06398240602040671,0.19327457440703746,0.3153064260259445,,,,,,,,,,,,,
explicit_probability,score_central_decay_mass,20,0.1792180947403717,0.27444309333155625,-2.0754591225906767,-0.007170543029917465,0.42003657517123855,0.3153064260259445,,0.44,,,,,,,,,,,
explicit_probability,score_middle_2_7_mass,20,0.5497076902111128,0.5811494432095571,-12.79053134028327,-0.06419430991307347,0.8650141162370574,0.3153064260259445,,,,,,,,,,,,,
explicit_probability,score_crisp_unknown_2_3_mass,20,0.2111995148491789,0.2605037547901173,-1.770979560496749,0.3778373997840303,0.18732106583024397,0.3153064260259445,,,,,,,,,,,,,
explicit_probability,score_non_extreme_mass,20,0.64472998991411,0.6658391552823245,-17.102727281682736,-0.3821615181172398,0.9600364159400545,0.3153064260259445,,,,,,,,,,,,,
explicit_probability,learned_score_unknown_weights,20,0.17327809391600124,0.2564639362112207,-1.6857028162087477,-0.025676583775473813,0.3545410947523083,0.3153064260259445,,,0.0,0.35024617873500025,0.6038718989757714,0.0,1.0,1.0,0.08361852419396107,0.29351875220379653,0.0,0.0,"0.000,0.350,0.604,0.000,1.000,1.000,0.084,0.294,0.000,0.000"
explicit_probability,learned_symmetric_monotone_weights,20,0.15829533627219555,0.25761333490200417,-1.7098298786649395,-0.07420228278375121,0.37499856299340817,0.3153064260259445,,,0.0,0.23700186778079976,0.23700186778079976,0.23700186778079976,1.0,1.0,0.23700186778079976,0.23700186778079976,0.23700186778079976,0.0,"0.000,0.237,0.237,0.237,1.000,1.000,0.237,0.237,0.237,0.000"
frequency,score_fuzzy_mass,8,0.33098485026340857,0.3549780026485166,-12.84600649176203,0.02367959607426115,0.6234295035776517,0.2924446533142432,,,,,,,,,,,,,
frequency,score_entropy_mass,8,0.39752555564044545,0.4149543015736087,-17.920046090518788,0.05070700941435592,0.6899702089546886,0.2924446533142432,,,,,,,,,,,,,
frequency,score_gamma_fuzzy_mass,8,0.11493103743074254,0.15583351242392532,-1.668353520867861,-0.02696441647016557,0.22573372327081037,0.2924446533142432,5.0,,,,,,,,,,,,
frequency,score_central_2_mass,8,0.22917425791884777,0.25488206599724994,-6.13838891352374,-0.10820671625946181,0.06327039539539539,0.2924446533142432,,,,,,,,,,,,,
frequency,score_central_decay_mass,8,0.0955027456177827,0.1265181312052869,-0.7588434456779445,-0.024411162460760874,0.28373710323686185,0.2924446533142432,,0.49,,,,,,,,,,,
frequency,score_middle_2_7_mass,8,0.3770236900291002,0.42515512039985137,-18.86170265369158,-0.05409874861257706,0.6694683433433434,0.2924446533142432,,,,,,,,,,,,,
frequency,score_crisp_unknown_2_3_mass,8,0.23310105314354718,0.276202141118486,-7.382541840419346,0.5169666906200971,0.38669544544544543,0.2924446533142432,,,,,,,,,,,,,
frequency,score_non_extreme_mass,8,0.6505448361752463,0.6560387702837218,-46.29123544677826,0.5667166545727739,0.9429894894894895,0.2924446533142432,,,,,,,,,,,,,
frequency,learned_score_unknown_weights,8,0.1097753579521392,0.1389669778499099,-1.1219975289563702,0.03999913997280625,0.29351278301196626,0.2924446533142432,,,0.0,0.0,0.3446553031835012,0.598921859473821,1.0,0.8099336791225685,0.46626156459214185,0.18812220605978966,0.1441293477064367,0.0,"0.000,0.000,0.345,0.599,1.000,0.810,0.466,0.188,0.144,0.000"
frequency,learned_symmetric_monotone_weights,8,0.10608212128509784,0.13811764935037615,-1.0961386450239377,-0.043098899230387656,0.2764240849410208,0.2924446533142432,,,0.0,0.03230416175500749,0.272473023470499,0.5013593386237664,1.0,1.0,0.5013593386237664,0.272473023470499,0.03230416175500749,0.0,"0.000,0.032,0.272,0.501,1.000,1.000,0.501,0.272,0.032,0.000"
sequential_bayes,score_fuzzy_mass,15,0.41439954965873943,0.451597986987015,-8.161646449398244,0.38967643514826295,0.6184606598367915,0.2040611101780521,,,,,,,,,,,,,
sequential_bayes,score_entropy_mass,15,0.4742900889618482,0.5040262041816757,-10.412367944216145,0.39639648685360884,0.6783511991399003,0.2040611101780521,,,,,,,,,,,,,
sequential_bayes,score_gamma_fuzzy_mass,15,0.12965509274089113,0.16267861560007135,-0.1888593267876395,0.3134242096016247,0.178598170098364,0.2040611101780521,8.0,,,,,,,,,,,,
sequential_bayes,score_central_2_mass,15,0.1657973130475883,0.1968286851303568,-0.7403889451790231,0.2771256746130005,0.06921381381381382,0.2040611101780521,,,,,,,,,,,,,
sequential_bayes,score_central_decay_mass,15,0.12114671708402258,0.15142409003312832,-0.03005277974302456,0.3345898607719568,0.19720840136976978,0.2040611101780521,,0.33,,,,,,,,,,,
sequential_bayes,score_middle_2_7_mass,15,0.4601341397166514,0.5179789088680566,-11.052959197368759,0.3987230421141511,0.6366914247580914,0.2040611101780521,,,,,,,,,,,,,
sequential_bayes,score_crisp_unknown_2_3_mass,15,0.18021019259380117,0.2194320623097944,-1.1630656619373885,0.13576028463650658,0.15258565231898566,0.2040611101780521,,,,,,,,,,,,,
sequential_bayes,score_non_extreme_mass,15,0.7043752595249843,0.7177141895010847,-22.140492533742126,0.4222019945294225,0.9084363697030363,0.2040611101780521,,,,,,,,,,,,,
sequential_bayes,learned_score_unknown_weights,15,0.10043004868962198,0.1423159626553989,0.09013541098918798,0.4277627856465547,0.2371161563065406,0.2040611101780521,,,0.0,0.020925798352885463,0.6721520411312971,0.0,1.0,1.0,0.17224174066361123,0.29028497466965275,0.0,0.0,"0.000,0.021,0.672,0.000,1.000,1.000,0.172,0.290,0.000,0.000"
sequential_bayes,learned_symmetric_monotone_weights,15,0.10248197985450043,0.13913225930095902,0.13038863200545547,0.3868816046729044,0.21647294577827925,0.2040611101780521,,,0.0,0.08837529071655663,0.21717789579244373,0.21717789579244373,1.0,1.0,0.21717789579244373,0.21717789579244373,0.08837529071655663,0.0,"0.000,0.088,0.217,0.217,1.000,1.000,0.217,0.217,0.088,0.000"
