instance_id,latent_instance_id,family,representation,p_star,p_noul,p_choice,mu_score,T_score,U_score,F_score,pred_choice_tuf,abs_error_noul,abs_error_choice
bayes__seed_000048__repr_counts__parallel_primitives,bayes__seed_000048,bayes,counts,0.8313821568498233,0.916,0.9709999999999999,0.8256666666666665,0.8666514258125223,0.0,0.13334857418747778,0.8666514258125223,0.049348574187477734,0.10434857418747756
bayes__seed_000048__repr_direct__parallel_primitives,bayes__seed_000048,bayes,direct,0.8313821568498233,0.46799999999999997,0.727,0.534,0.5358681486478362,0.0,0.46413185135216384,0.5358681486478362,0.06786814864783619,0.19113185135216382
bayes__seed_000048__repr_distractor__parallel_primitives,bayes__seed_000048,bayes,distractor,0.8313821568498233,0.378,0.643,0.4378888888888889,0.4274514240924055,0.0,0.5725485759075946,0.4274514240924055,0.049451424092405494,0.21554857590759452
bayes__seed_000048__repr_prose__parallel_primitives,bayes__seed_000048,bayes,prose,0.8313821568498233,0.75,0.951,0.7854444444444444,0.8164098256430946,0.0,0.18359017435690536,0.8164098256430946,0.06640982564309461,0.13459017435690535
bayes__seed_000048__repr_table__parallel_primitives,bayes__seed_000048,bayes,table,0.8313821568498233,0.271,0.326,0.251,0.22832748702684813,0.0,0.771672512973152,0.22832748702684813,0.04267251297315189,0.09767251297315188
bayes__seed_000054__repr_counts__parallel_primitives,bayes__seed_000054,bayes,counts,0.4137933255962194,0.737,0.7929999999999999,0.6136666666666667,0.6205514745321232,0.0,0.37944852546787683,0.6205514745321232,0.11644852546787676,0.1724485254678767
bayes__seed_000054__repr_direct__parallel_primitives,bayes__seed_000054,bayes,direct,0.4137933255962194,0.43099999999999994,0.717,0.47155555555555556,0.4653217618570083,0.0,0.5346782381429918,0.4653217618570083,0.03432176185700836,0.2516782381429917
bayes__seed_000054__repr_distractor__parallel_primitives,bayes__seed_000054,bayes,distractor,0.4137933255962194,0.44800000000000006,0.706,0.5006666666666667,0.4962916011493301,0.0,0.5037083988506699,0.4962916011493301,0.04829160114933001,0.20970839885066989
bayes__seed_000054__repr_prose__parallel_primitives,bayes__seed_000054,bayes,prose,0.4137933255962194,0.44800000000000006,0.818,0.4742222222222222,0.460972903001091,0.0,0.539027096998909,0.460972903001091,0.01297290300109094,0.35702709699890894
bayes__seed_000054__repr_table__parallel_primitives,bayes__seed_000054,bayes,table,0.4137933255962194,0.277,0.343,0.323,0.3044993036902013,0.0,0.6955006963097988,0.3044993036902013,0.02749930369020126,0.03850069630979874
bayes__seed_000060__repr_counts__parallel_primitives,bayes__seed_000060,bayes,counts,0.8130236350735895,0.787,0.969,0.7774441107774441,0.7944689458725541,0.0,0.20553105412744596,0.7944689458725541,0.007468945872554089,0.17453105412744585
bayes__seed_000060__repr_direct__parallel_primitives,bayes__seed_000060,bayes,direct,0.8130236350735895,0.829,0.975,0.796,0.8232398548479467,0.0,0.17676014515205335,0.8232398548479467,0.005760145152053253,0.15176014515205327
bayes__seed_000060__repr_distractor__parallel_primitives,bayes__seed_000060,bayes,distractor,0.8130236350735895,0.873,0.9800000000000001,0.7806666666666666,0.7981822639454256,0.0,0.20181773605457448,0.7981822639454256,0.07481773605457442,0.18181773605457452
bayes__seed_000060__repr_prose__parallel_primitives,bayes__seed_000060,bayes,prose,0.8130236350735895,0.8030000000000002,0.982,0.8044444444444445,0.8320974035243746,0.0,0.1679025964756255,0.8320974035243746,0.0290974035243744,0.14990259647562543
bayes__seed_000060__repr_table__parallel_primitives,bayes__seed_000060,bayes,table,0.8130236350735895,0.852,0.9800000000000001,0.8051111111111111,0.8292634805820629,0.0,0.17073651941793716,0.8292634805820629,0.022736519417937084,0.1507365194179372
compound__seed_000054__repr_direct__parallel_primitives,compound__seed_000054,compound,direct,0.891616122019,0.844,0.9549999999999998,0.6884662440217996,0.6978532028399654,0.0,0.3021467971600346,0.6978532028399654,0.14614679716003454,0.2571467971600344
compound__seed_000054__repr_prose__parallel_primitives,compound__seed_000054,compound,prose,0.891616122019,0.837,0.944,0.798,0.8230062847100037,0.0,0.1769937152899964,0.8230062847100037,0.013993715289996267,0.12099371528999625
compound__seed_000054__repr_table__parallel_primitives,compound__seed_000054,compound,table,0.891616122019,0.861,0.967,0.7268888888888889,0.7433839995218694,0.0,0.2566160004781306,0.7433839995218694,0.11761600047813059,0.22361600047813057
compound__seed_000057__repr_direct__parallel_primitives,compound__seed_000057,compound,direct,0.773038,0.712,0.7,0.6861111111111111,0.691015532764433,0.0,0.3089844672355671,0.691015532764433,0.020984467235567017,0.008984467235567006
compound__seed_000057__repr_prose__parallel_primitives,compound__seed_000057,compound,prose,0.773038,0.679,0.71,0.5658888888888889,0.5689577078274781,0.0,0.43104229217252193,0.5689577078274781,0.11004229217252193,0.14104229217252184
compound__seed_000057__repr_table__parallel_primitives,compound__seed_000057,compound,table,0.773038,0.736,0.779,0.6638888888888889,0.6687365598227334,0.0,0.3312634401772666,0.6687365598227334,0.0672634401772666,0.11026344017726664
compound__seed_000061__repr_direct__parallel_primitives,compound__seed_000061,compound,direct,0.04782608695652174,0.49000000000000005,0.371,0.35055555555555556,0.3516118019893047,0.0,0.6483881980106954,0.3516118019893047,0.13838819801069535,0.0193881980106953
compound__seed_000061__repr_prose__parallel_primitives,compound__seed_000061,compound,prose,0.04782608695652174,0.457,0.512,0.5801356912468023,0.5765525254468227,0.0,0.4234474745531774,0.5765525254468227,0.11955252544682266,0.06455252544682266
compound__seed_000061__repr_table__parallel_primitives,compound__seed_000061,compound,table,0.04782608695652174,0.516,0.52,0.477,0.478382003163211,0.0,0.521617996836789,0.478382003163211,0.037617996836789014,0.04161799683678902
conditional__seed_000042__repr_direct__parallel_primitives,conditional__seed_000042,conditional,direct,0.48366013071895425,0.521,0.767,0.5246666666666666,0.5366351850504126,0.0,0.4633648149495874,0.5366351850504126,0.015635185050412614,0.23036481494958738
conditional__seed_000042__repr_distractor__parallel_primitives,conditional__seed_000042,conditional,distractor,0.48366013071895425,0.511,0.774,0.47933333333333333,0.4873421738946974,0.0,0.5126578261053026,0.4873421738946974,0.023657826105302593,0.2866578261053026
conditional__seed_000042__repr_nested__parallel_primitives,conditional__seed_000042,conditional,nested,0.48366013071895425,0.542,0.6859999999999999,0.478589700811923,0.48245583536452286,0.0,0.5175441646354771,0.48245583536452286,0.05954416463547718,0.2035441646354771
conditional__seed_000042__repr_prose__parallel_primitives,conditional__seed_000042,conditional,prose,0.48366013071895425,0.52,0.736,0.5226666666666667,0.5334228770784782,0.0,0.4665771229215218,0.5334228770784782,0.013422877078478224,0.20257712292152175
conditional__seed_000042__repr_table__parallel_primitives,conditional__seed_000042,conditional,table,0.48366013071895425,0.506,0.636,0.5029473918362808,0.5102150154966614,0.0,0.48978498450333874,0.5102150154966614,0.004215015496661367,0.12578498450333864
conditional__seed_000043__repr_direct__parallel_primitives,conditional__seed_000043,conditional,direct,0.5752212389380531,0.61,0.921,0.5378888888888889,0.5532895354146118,0.0,0.44671046458538827,0.5532895354146118,0.0567104645853882,0.36771046458538825
conditional__seed_000043__repr_distractor__parallel_primitives,conditional__seed_000043,conditional,distractor,0.5752212389380531,0.595,0.9030000000000001,0.5598888888888889,0.575616013288867,0.0,0.4243839867111331,0.575616013288867,0.01938398671113295,0.3273839867111331
conditional__seed_000043__repr_nested__parallel_primitives,conditional__seed_000043,conditional,nested,0.5752212389380531,0.652,0.9339999999999999,0.5584444444444444,0.5723830210575164,0.0,0.4276169789424837,0.5723830210575164,0.07961697894248365,0.36161697894248357
conditional__seed_000043__repr_prose__parallel_primitives,conditional__seed_000043,conditional,prose,0.5752212389380531,0.642,0.8949999999999999,0.6586666666666666,0.6817536276953681,0.0,0.318246372304632,0.6817536276953681,0.039753627695368055,0.21324637230463184
conditional__seed_000043__repr_table__parallel_primitives,conditional__seed_000043,conditional,table,0.5752212389380531,0.616,0.931,0.6042222222222222,0.624915445358494,0.0,0.37508455464150603,0.624915445358494,0.008915445358493979,0.3060845546415061
conditional__seed_000047__repr_direct__parallel_primitives,conditional__seed_000047,conditional,direct,0.2647058823529412,0.328,0.545,0.35766666666666663,0.34662795497822624,0.0,0.6533720450217737,0.34662795497822624,0.018627954978226224,0.1983720450217738
conditional__seed_000047__repr_distractor__parallel_primitives,conditional__seed_000047,conditional,distractor,0.2647058823529412,0.321,0.644,0.3338888888888889,0.3227303758844469,0.0,0.6772696241155531,0.3227303758844469,0.0017303758844469108,0.3212696241155531
conditional__seed_000047__repr_nested__parallel_primitives,conditional__seed_000047,conditional,nested,0.2647058823529412,0.325,0.6950000000000001,0.385,0.37638992462274506,0.0,0.623610075377255,0.37638992462274506,0.05138992462274505,0.318610075377255
conditional__seed_000047__repr_prose__parallel_primitives,conditional__seed_000047,conditional,prose,0.2647058823529412,0.369,0.562,0.3755978200422645,0.3587354273978646,0.0,0.6412645726021354,0.3587354273978646,0.010264572602135369,0.20326457260213543
conditional__seed_000047__repr_table__parallel_primitives,conditional__seed_000047,conditional,table,0.2647058823529412,0.28500000000000003,0.414,0.36477777777777776,0.3517299150947884,0.0,0.6482700849052115,0.3517299150947884,0.06672991509478837,0.062270084905211576
conditional__seed_000049__repr_direct__parallel_primitives,conditional__seed_000049,conditional,direct,0.49230769230769234,0.497,0.74,0.42066666666666663,0.4238811661130544,0.0,0.5761188338869456,0.4238811661130544,0.07311883388694562,0.3161188338869456
conditional__seed_000049__repr_distractor__parallel_primitives,conditional__seed_000049,conditional,distractor,0.49230769230769234,0.489,0.778,0.44822222222222224,0.45151569011328924,0.0,0.5484843098867108,0.45151569011328924,0.037484309886710754,0.3264843098867108
conditional__seed_000049__repr_nested__parallel_primitives,conditional__seed_000049,conditional,nested,0.49230769230769234,0.533,0.787,0.4301111111111111,0.427942948414465,0.0,0.572057051585535,0.427942948414465,0.10505705158553502,0.359057051585535
conditional__seed_000049__repr_prose__parallel_primitives,conditional__seed_000049,conditional,prose,0.49230769230769234,0.54,0.768,0.5564444444444444,0.5719406157792989,0.0,0.4280593842207011,0.5719406157792989,0.03194061577929885,0.19605938422070113
conditional__seed_000049__repr_table__parallel_primitives,conditional__seed_000049,conditional,table,0.49230769230769234,0.49399999999999994,0.6839999999999999,0.4666666666666667,0.4675962535330829,0.0,0.5324037464669171,0.4675962535330829,0.026403746466917066,0.21640374646691707
conditional__seed_000053__repr_direct__parallel_primitives,conditional__seed_000053,conditional,direct,0.967741935483871,0.8469999999999999,0.931,0.5606666666666666,0.5702842033332225,0.0,0.42971579666677756,0.5702842033332225,0.27671579666677737,0.36071579666677756
conditional__seed_000053__repr_distractor__parallel_primitives,conditional__seed_000053,conditional,distractor,0.967741935483871,0.829,0.9359999999999999,0.5936666666666667,0.6035382784053277,0.0,0.3964617215946724,0.6035382784053277,0.22546172159467226,0.33246172159467224
conditional__seed_000053__repr_nested__parallel_primitives,conditional__seed_000053,conditional,nested,0.967741935483871,0.907,0.962,0.6734444444444444,0.6886767064715344,0.0,0.3113232935284656,0.6886767064715344,0.21832329352846558,0.2733232935284655
conditional__seed_000053__repr_prose__parallel_primitives,conditional__seed_000053,conditional,prose,0.967741935483871,0.8480000000000001,0.958,0.8345011678345012,0.8721332284393087,0.0,0.12786677156069132,0.8721332284393087,0.02413322843930865,0.08586677156069122
conditional__seed_000053__repr_table__parallel_primitives,conditional__seed_000053,conditional,table,0.967741935483871,0.869,0.951,0.6593333333333333,0.6711648845657686,0.0,0.3288351154342315,0.6711648845657686,0.19783511543423138,0.27983511543423134
conditional__seed_000054__repr_direct__parallel_primitives,conditional__seed_000054,conditional,direct,0.8333333333333334,0.767,0.9570000000000001,0.6301111111111111,0.6406760006814626,0.0,0.3593239993185375,0.6406760006814626,0.12632399931853744,0.3163239993185375
conditional__seed_000054__repr_distractor__parallel_primitives,conditional__seed_000054,conditional,distractor,0.8333333333333334,0.777,0.952,0.6567777777777778,0.6683104947852659,0.0,0.33168950521473417,0.6683104947852659,0.10868950521473408,0.283689505214734
conditional__seed_000054__repr_nested__parallel_primitives,conditional__seed_000054,conditional,nested,0.8333333333333334,0.782,0.959,0.6322222222222222,0.6405629592745025,0.0,0.3594370407254976,0.6405629592745025,0.14143704072549756,0.3184370407254975
conditional__seed_000054__repr_prose__parallel_primitives,conditional__seed_000054,conditional,prose,0.8333333333333334,0.796,0.9549999999999998,0.7964444444444445,0.8239239770466711,0.0,0.17607602295332897,0.8239239770466711,0.027923977046671045,0.13107602295332876
conditional__seed_000054__repr_table__parallel_primitives,conditional__seed_000054,conditional,table,0.8333333333333334,0.759,0.9559999999999998,0.662,0.6715737430461229,0.0,0.3284262569538771,0.6715737430461229,0.08742625695387707,0.2844262569538769
explicit_probability__seed_000046__repr_direct__parallel_primitives,explicit_probability__seed_000046,explicit_probability,direct,0.210526315789,0.274,0.668,0.24988888888888888,0.23120605471062156,0.0,0.7687939452893785,0.23120605471062156,0.042793945289378466,0.4367939452893785
explicit_probability__seed_000046__repr_distractor__parallel_primitives,explicit_probability__seed_000046,explicit_probability,distractor,0.210526315789,0.25,0.658,0.2643333333333333,0.24854839702970646,0.0,0.7514516029702936,0.24854839702970646,0.0014516029702935362,0.4094516029702936
explicit_probability__seed_000046__repr_prose__parallel_primitives,explicit_probability__seed_000046,explicit_probability,prose,0.210526315789,0.295,0.653,0.2822222222222222,0.2654764161344964,0.0,0.7345235838655036,0.2654764161344964,0.029523583865503578,0.3875235838655036
explicit_probability__seed_000046__repr_ratio__parallel_primitives,explicit_probability__seed_000046,explicit_probability,ratio,0.210526315789,0.23000000000000004,0.132,0.20281124497991967,0.1841982706017066,0.0,0.8158017293982933,0.1841982706017066,0.04580172939829344,0.05219827060170659
explicit_probability__seed_000051__repr_direct__parallel_primitives,explicit_probability__seed_000051,explicit_probability,direct,0.473684210526,0.47400000000000003,0.781,0.39741446561907945,0.40148605713316954,0.0,0.5985139428668305,0.40148605713316954,0.0725139428668305,0.3795139428668305
explicit_probability__seed_000051__repr_distractor__parallel_primitives,explicit_probability__seed_000051,explicit_probability,distractor,0.473684210526,0.477,0.752,0.41388888888888886,0.4232117923798564,0.0,0.5767882076201437,0.4232117923798564,0.05378820762014358,0.3287882076201436
explicit_probability__seed_000051__repr_prose__parallel_primitives,explicit_probability__seed_000051,explicit_probability,prose,0.473684210526,0.49800000000000005,0.808,0.46244444444444444,0.47189278292075876,0.0,0.5281072170792412,0.47189278292075876,0.026107217079241296,0.3361072170792413
explicit_probability__seed_000051__repr_ratio__parallel_primitives,explicit_probability__seed_000051,explicit_probability,ratio,0.473684210526,0.43499999999999994,0.358,0.4368585452922802,0.4719227416937572,0.0,0.5280772583062427,0.4719227416937572,0.036922741693757255,0.11392274169375721
explicit_probability__seed_000053__repr_direct__parallel_primitives,explicit_probability__seed_000053,explicit_probability,direct,0.578947368421,0.642,0.9549999999999998,0.6504444444444444,0.6799404814467077,0.0,0.3200595185532923,0.6799404814467077,0.0379404814467077,0.27505951855329214
explicit_probability__seed_000053__repr_distractor__parallel_primitives,explicit_probability__seed_000053,explicit_probability,distractor,0.578947368421,0.642,0.9490000000000001,0.6457568679790903,0.6713673777910227,0.0,0.3286326222089773,0.6713673777910227,0.02936737779102272,0.27763262220897733
explicit_probability__seed_000053__repr_prose__parallel_primitives,explicit_probability__seed_000053,explicit_probability,prose,0.578947368421,0.627,0.924,0.6556556556556555,0.6814517102317131,0.0,0.31854828976828686,0.6814517102317131,0.054451710231713135,0.2425482897682869
explicit_probability__seed_000053__repr_ratio__parallel_primitives,explicit_probability__seed_000053,explicit_probability,ratio,0.578947368421,0.586,0.943,0.6831111111111111,0.7188357879492991,0.0,0.28116421205070097,0.7188357879492991,0.13283578794929918,0.2241642120507008
explicit_probability__seed_000054__repr_direct__parallel_primitives,explicit_probability__seed_000054,explicit_probability,direct,0.631578947368,0.662,0.961,0.6749999999999999,0.6978756810512216,0.0,0.30212431894877845,0.6978756810512216,0.03587568105122152,0.2631243189487784
explicit_probability__seed_000054__repr_distractor__parallel_primitives,explicit_probability__seed_000054,explicit_probability,distractor,0.631578947368,0.662,0.9559999999999998,0.657888888888889,0.6777357514280032,0.0,0.32226424857199676,0.6777357514280032,0.01573575142800321,0.2782642485719966
explicit_probability__seed_000054__repr_prose__parallel_primitives,explicit_probability__seed_000054,explicit_probability,prose,0.631578947368,0.659,0.945,0.6891111111111111,0.709674591834658,0.0,0.290325408165342,0.709674591834658,0.050674591834657945,0.23532540816534198
explicit_probability__seed_000054__repr_ratio__parallel_primitives,explicit_probability__seed_000054,explicit_probability,ratio,0.631578947368,0.652,0.959,0.6804582360137916,0.7212342189749156,0.0,0.2787657810250845,0.7212342189749156,0.06923421897491555,0.2377657810250844
explicit_probability__seed_000057__repr_direct__parallel_primitives,explicit_probability__seed_000057,explicit_probability,direct,0.789473684211,0.768,0.9719999999999999,0.7451111111111111,0.7520842416869788,0.0,0.24791575831302118,0.7520842416869788,0.015915758313021167,0.21991575831302101
explicit_probability__seed_000057__repr_distractor__parallel_primitives,explicit_probability__seed_000057,explicit_probability,distractor,0.789473684211,0.786,0.97,0.7342222222222222,0.7393043448520763,0.0,0.26069565514792375,0.7393043448520763,0.04669565514792373,0.23069565514792367
explicit_probability__seed_000057__repr_prose__parallel_primitives,explicit_probability__seed_000057,explicit_probability,prose,0.789473684211,0.746,0.952,0.7568888888888889,0.7667124997466932,0.0,0.2332875002533067,0.7667124997466932,0.020712499746693203,0.18528750025330676
explicit_probability__seed_000057__repr_ratio__parallel_primitives,explicit_probability__seed_000057,explicit_probability,ratio,0.789473684211,0.783,0.975,0.7906795684573463,0.7907414445006207,0.0,0.2092585554993792,0.7907414445006207,0.007741444500620642,0.1842585554993793
sequential_bayes__seed_000047__repr_direct__parallel_primitives,sequential_bayes__seed_000047,sequential_bayes,direct,0.7887928911656144,0.475,0.664,0.4329885440996552,0.42205035693581344,0.0,0.5779496430641866,0.42205035693581344,0.052949643064186536,0.2419496430641866
sequential_bayes__seed_000047__repr_prose__parallel_primitives,sequential_bayes__seed_000047,sequential_bayes,prose,0.7887928911656144,0.758,0.9650000000000001,0.7552222222222222,0.7604539107675911,0.0,0.239546089232409,0.7604539107675911,0.00245391076759105,0.20454608923240902
sequential_bayes__seed_000047__repr_table__parallel_primitives,sequential_bayes__seed_000047,sequential_bayes,table,0.7887928911656144,0.46299999999999997,0.631,0.47944444444444445,0.4709793358970817,0.0,0.5290206641029184,0.4709793358970817,0.007979335897081719,0.16002066410291832
sequential_bayes__seed_000049__repr_direct__parallel_primitives,sequential_bayes__seed_000049,sequential_bayes,direct,0.8003900273948994,0.755,0.93,0.7054444444444444,0.719569497772861,0.0,0.280430502227139,0.719569497772861,0.03543050222713895,0.210430502227139
sequential_bayes__seed_000049__repr_prose__parallel_primitives,sequential_bayes__seed_000049,sequential_bayes,prose,0.8003900273948994,0.791,0.977,0.8034444444444444,0.8300911651812714,0.0,0.16990883481872868,0.8300911651812714,0.039091165181271315,0.14690883481872863
sequential_bayes__seed_000049__repr_table__parallel_primitives,sequential_bayes__seed_000049,sequential_bayes,table,0.8003900273948994,0.75,0.9469999999999998,0.7176666666666667,0.7280480398143124,0.0,0.27195196018568757,0.7280480398143124,0.02195196018568757,0.2189519601856874
sequential_bayes__seed_000052__repr_direct__parallel_primitives,sequential_bayes__seed_000052,sequential_bayes,direct,0.15389933510803008,0.298,0.281,0.28539650761872987,0.26389830115686597,0.0,0.7361016988431341,0.26389830115686597,0.03410169884313402,0.01710169884313406
sequential_bayes__seed_000052__repr_prose__parallel_primitives,sequential_bayes__seed_000052,sequential_bayes,prose,0.15389933510803008,0.211,0.481,0.248,0.2303390659883439,0.0,0.7696609340116561,0.2303390659883439,0.019339065988343895,0.2506609340116561
sequential_bayes__seed_000052__repr_table__parallel_primitives,sequential_bayes__seed_000052,sequential_bayes,table,0.15389933510803008,0.268,0.225,0.27855555555555556,0.25360815209276494,0.0,0.746391847907235,0.25360815209276494,0.014391847907235078,0.028608152092764932
sequential_bayes__seed_000056__repr_direct__parallel_primitives,sequential_bayes__seed_000056,sequential_bayes,direct,0.6769462255144328,0.668,0.898,0.6464444444444445,0.6833317099977131,0.0,0.31666829000228697,0.6833317099977131,0.01533170999771305,0.21466829000228693
sequential_bayes__seed_000056__repr_prose__parallel_primitives,sequential_bayes__seed_000056,sequential_bayes,prose,0.6769462255144328,0.681,0.9629999999999999,0.7214444444444444,0.7370462176991425,0.0,0.26295378230085764,0.7370462176991425,0.05604621769914242,0.2259537823008574
sequential_bayes__seed_000056__repr_table__parallel_primitives,sequential_bayes__seed_000056,sequential_bayes,table,0.6769462255144328,0.656,0.931,0.6506666666666666,0.6892803481178147,0.0,0.31071965188218537,0.6892803481178147,0.03328034811781466,0.24171965188218536
sequential_bayes__seed_000058__repr_direct__parallel_primitives,sequential_bayes__seed_000058,sequential_bayes,direct,0.008611190063057283,0.094,0.066,0.107,0.05831436712618434,0.0,0.9416856328738157,0.05831436712618434,0.03568563287381566,0.0076856328738156635
sequential_bayes__seed_000058__repr_prose__parallel_primitives,sequential_bayes__seed_000058,sequential_bayes,prose,0.008611190063057283,0.08499999999999999,0.122,0.11988888888888888,0.06252729983393651,0.0,0.9374727001660635,0.06252729983393651,0.02247270016606348,0.059472700166063486
sequential_bayes__seed_000058__repr_table__parallel_primitives,sequential_bayes__seed_000058,sequential_bayes,table,0.008611190063057283,0.088,0.043,0.10176843510176843,0.05020283968639731,0.0,0.9497971603136027,0.05020283968639731,0.03779716031360268,0.0072028396863973165
