choice_bins,nonempty_bins,h_score,h_score_given_choice_bin,mutual_information,normalized_mutual_information,mean_adjacent_wasserstein,median_adjacent_wasserstein,mean_bin_count
2,2,3.256601307089547,3.054236907755287,0.2023643993342601,0.06213975253701379,0.3591298585272073,0.3591298585272073,182.5
3,3,3.256601307089547,2.9482563666858805,0.30834494040366645,0.09468304877616014,0.22267768865434084,0.22267768865434084,121.66666666666667
4,4,3.256601307089547,2.8813091346645896,0.3752921724249574,0.11524044150199009,0.1748455712662158,0.14092169797500784,91.25
5,5,3.256601307089547,2.823818483224622,0.43278282386492517,0.13289401527990755,0.1440445853831071,0.13032901826191307,73.0
6,6,3.256601307089547,2.8123062789844884,0.4442950281050586,0.1364290517042533,0.11877403910926401,0.09107523792528438,60.833333333333336
7,7,3.256601307089547,2.8015085803408724,0.4550927267486746,0.13974468589628952,0.1059011872263748,0.09453351821760275,52.142857142857146
8,8,3.256601307089547,2.7948992073664756,0.4617020997230714,0.1417742167940412,0.09304216985485866,0.07624556887124988,45.625
9,9,3.256601307089547,2.798689016970227,0.45791229011932,0.14061048526955244,0.07967036233350194,0.06731098338087195,40.55555555555556
10,10,3.256601307089547,2.789085235782508,0.46751607130703876,0.14355950490140346,0.07351836241319107,0.07191144025379174,36.5
11,11,3.256601307089547,2.7794178632235225,0.4771834438660245,0.14652805144652095,0.0743926614016631,0.06278925649557496,33.18181818181818
12,12,3.256601307089547,2.77666910074693,0.479932206342617,0.14737211008845802,0.06825451316493086,0.05995360481573432,30.416666666666668
13,13,3.256601307089547,2.768885586700697,0.48771572038885,0.14976218283985332,0.06146955293277608,0.04663654932235664,28.076923076923077
14,14,3.256601307089547,2.7627660249855714,0.49383528210397554,0.15164130808057694,0.06558673782039506,0.05428387531746102,26.071428571428573
15,15,3.256601307089547,2.7499272200485776,0.5066740870409694,0.15558370192198578,0.05988607286494307,0.05076637650021336,24.333333333333332
16,16,3.256601307089547,2.7470010378731504,0.5096002692163966,0.15648224058223165,0.05534600117651188,0.04253714587849533,22.8125
17,17,3.256601307089547,2.742164739639082,0.5144365674504652,0.1579673159040219,0.06284939676146424,0.06031824989665577,21.470588235294116
18,18,3.256601307089547,2.744645442361958,0.511955864727589,0.15720556999503524,0.05468980094302204,0.04982837182911403,20.27777777777778
19,19,3.256601307089547,2.7330053061803037,0.5235960009092433,0.16077989030139694,0.05346317142095261,0.04827358133575911,19.210526315789473
20,20,3.256601307089547,2.7298822099898654,0.5267190970996816,0.16173889507230316,0.056643292958572476,0.04836049700494143,18.25
21,21,3.256601307089547,2.7310860418908964,0.5255152651986505,0.1613692360973435,0.05252015854875484,0.04879522649938617,17.38095238095238
22,22,3.256601307089547,2.7165483687833247,0.5400529383062223,0.16583329900732377,0.059987546575815995,0.052391330999337134,16.59090909090909
23,23,3.256601307089547,2.716737749988186,0.539863557101361,0.16577514598612067,0.05095768493388548,0.04415398376599125,15.869565217391305
24,24,3.256601307089547,2.7063250622824953,0.5502762448070517,0.1689725554089513,0.0616146894737431,0.0480864810851424,15.208333333333334
25,24,3.256601307089547,2.7024773575851144,0.5541239495044326,0.17015406469871436,0.0630684376750689,0.06417909576242913,15.208333333333334
26,26,3.256601307089547,2.7011049412775825,0.5554963658119645,0.1705754906511465,0.05425316394872276,0.04345479318425208,14.038461538461538
27,27,3.256601307089547,2.685732540559098,0.5708687665304488,0.17529587219893344,0.07071393033916253,0.05229739132259635,13.518518518518519
28,28,3.256601307089547,2.6893959991144576,0.5672053079750894,0.17417093911382284,0.061922256189692465,0.04942010045587568,13.035714285714286
29,29,3.256601307089547,2.6853165250798927,0.5712847820096543,0.17542361748918428,0.06252359956946696,0.05463841458884854,12.586206896551724
30,30,3.256601307089547,2.6749437890397227,0.5816575180498242,0.17860875901006643,0.06513120888632053,0.06222323232323232,12.166666666666666
