measure,n_test,mae,rmse,r2,corr,mean_predicted_unknown,mean_implied_unknown,gamma,central_lambda,w_0,w_1,w_2,w_3,w_4,w_5,w_6,w_7,w_8,w_9,weight_profile
score_fuzzy_mass,89,0.3941777546193237,0.42104459039638814,-7.214909515097819,0.5588243066247315,0.6348661588023053,0.24068840418298168,,,,,,,,,,,,,
score_entropy_mass,89,0.44174723414284334,0.46509555629679333,-9.023767405866073,0.5545868435835304,0.682435638325825,0.24068840418298168,,,,,,,,,,,,,
score_gamma_fuzzy_mass,89,0.11042276772916373,0.161118348713982,-0.20291960989502744,0.45790034728016543,0.2438923122323258,0.24068840418298168,8.0,,,,,,,,,,,,
score_central_2_mass,89,0.1531662136863663,0.200745243244039,-0.867399021484129,0.3149300314031107,0.1368963569935397,0.24068840418298168,,,,,,,,,,,,,
score_central_decay_mass,89,0.11346043395954006,0.16810924877324399,-0.3095733099628988,0.4645532457999077,0.2945978631519992,0.24068840418298168,,0.39,,,,,,,,,,,
score_middle_2_7_mass,89,0.4442820253711628,0.480675866622271,-9.706591585170482,0.5341803658941016,0.6803349534075245,0.24068840418298168,,,,,,,,,,,,,
score_crisp_unknown_2_3_mass,89,0.14255399724513537,0.18225718401914354,-0.5392739235345312,0.4270897368534774,0.1673736758701204,0.24068840418298168,,,,,,,,,,,,,
score_non_extreme_mass,89,0.6178926216797608,0.6374088375295186,-17.82707104924324,0.44633360301785535,0.8585810258627424,0.24068840418298168,,,,,,,,,,,,,
learned_score_unknown_weights,89,0.0984118172505552,0.14796768247291014,-0.014566092810966325,0.48882866304995176,0.2846119139676742,0.24068840418298168,,,0.0,0.12062556304411856,0.6520496163408045,0.0,0.9538298768185512,1.0,0.20278166389225247,0.2662363172810218,0.0,0.0,"0.000,0.121,0.652,0.000,0.954,1.000,0.203,0.266,0.000,0.000"
learned_symmetric_monotone_weights,89,0.10742393582983438,0.1590009721302778,-0.17151043028001522,0.42188445947213293,0.2935296952392553,0.24068840418298168,,,0.0,0.16070996170636928,0.23551403895800505,0.23551403895800505,1.0,1.0,0.23551403895800505,0.23551403895800505,0.16070996170636928,0.0,"0.000,0.161,0.236,0.236,1.000,1.000,0.236,0.236,0.161,0.000"
