family,target,n_test,mae,rmse,r2,corr,mean_observed,mean_predicted,u_profile,t_profile,f_profile,truth_share_profile,train_joint_mse
bayes,noul_from_score_T,15,0.05032370271820893,0.05927480890528956,0.9303830159650162,0.9731934891303561,0.6178666666666667,0.6383404237437128,"0.000,0.000,0.000,0.000,0.122,0.122,0.000,0.000,0.000,0.000","0.000,0.068,0.068,0.350,0.307,0.570,0.650,0.932,0.932,1.000","1.000,0.932,0.932,0.650,0.570,0.307,0.350,0.068,0.068,0.000","0.000,0.068,0.068,0.350,0.350,0.650,0.650,0.932,0.932,1.000",0.016785165944746026
bayes,choice_from_score_T_over_TF,15,0.14730014697267702,0.16443026537318275,0.41035996640089745,0.9526586846794988,0.7920666666666667,0.6447665196939897,"0.000,0.000,0.000,0.000,0.122,0.122,0.000,0.000,0.000,0.000","0.000,0.068,0.068,0.350,0.307,0.570,0.650,0.932,0.932,1.000","1.000,0.932,0.932,0.650,0.570,0.307,0.350,0.068,0.068,0.000","0.000,0.068,0.068,0.350,0.350,0.650,0.650,0.932,0.932,1.000",0.016785165944746026
bayes,unknown_from_score_U,15,0.21716638459271642,0.2472224665278622,-2.7986153653020827,0.7244093075478117,0.22962845749970048,0.012462072906984084,"0.000,0.000,0.000,0.000,0.122,0.122,0.000,0.000,0.000,0.000","0.000,0.068,0.068,0.350,0.307,0.570,0.650,0.932,0.932,1.000","1.000,0.932,0.932,0.650,0.570,0.307,0.350,0.068,0.068,0.000","0.000,0.068,0.068,0.350,0.350,0.650,0.650,0.932,0.932,1.000",0.016785165944746026
compound,noul_from_score_T,9,0.07456401039888566,0.08567928176634776,0.6715887883446587,0.9032938422496769,0.6813333333333333,0.6282636456693722,"0.000,0.002,0.051,0.051,0.537,0.537,0.051,0.051,0.002,0.000","0.000,0.000,0.000,0.000,0.090,0.373,0.949,0.949,0.998,1.000","1.000,0.998,0.949,0.949,0.373,0.090,0.000,0.000,0.000,0.000","0.000,0.000,0.000,0.000,0.195,0.805,1.000,1.000,1.000,1.000",0.012780704654207747
compound,choice_from_score_T_over_TF,9,0.07875381466621548,0.0919630866567658,0.7972444507217074,0.953737763918173,0.7175555555555556,0.6571538795375784,"0.000,0.002,0.051,0.051,0.537,0.537,0.051,0.051,0.002,0.000","0.000,0.000,0.000,0.000,0.090,0.373,0.949,0.949,0.998,1.000","1.000,0.998,0.949,0.949,0.373,0.090,0.000,0.000,0.000,0.000","0.000,0.000,0.000,0.000,0.195,0.805,1.000,1.000,1.000,1.000",0.012780704654207747
compound,unknown_from_score_U,9,0.04127369873405751,0.04631059415666055,0.07757517302514283,0.5635184102360269,0.06146336944494062,0.043518756512534895,"0.000,0.002,0.051,0.051,0.537,0.537,0.051,0.051,0.002,0.000","0.000,0.000,0.000,0.000,0.090,0.373,0.949,0.949,0.998,1.000","1.000,0.998,0.949,0.949,0.373,0.090,0.000,0.000,0.000,0.000","0.000,0.000,0.000,0.000,0.195,0.805,1.000,1.000,1.000,1.000",0.012780704654207747
conditional,noul_from_score_T,30,0.07132270329462734,0.09342282857276096,0.7264883191406224,0.8769733497237066,0.6025666666666667,0.5784259977775469,"0.000,0.044,0.044,0.044,0.044,0.044,0.044,0.044,0.044,0.000","0.000,0.000,0.000,0.000,0.000,0.956,0.956,0.956,0.956,1.000","1.000,0.956,0.956,0.956,0.956,0.000,0.000,0.000,0.000,0.000","0.000,0.000,0.000,0.000,0.000,1.000,1.000,1.000,1.000,1.000",0.029495789403812544
conditional,choice_from_score_T_over_TF,30,0.2098767476550088,0.2295805267359798,-1.368454392513382,0.8788929071148367,0.8105666666666667,0.6006899190116578,"0.000,0.044,0.044,0.044,0.044,0.044,0.044,0.044,0.044,0.000","0.000,0.000,0.000,0.000,0.000,0.956,0.956,0.956,0.956,1.000","1.000,0.956,0.956,0.956,0.956,0.000,0.000,0.000,0.000,0.000","0.000,0.000,0.000,0.000,0.000,1.000,1.000,1.000,1.000,1.000",0.029495789403812544
conditional,unknown_from_score_U,30,0.23128183379992182,0.2575002035217171,-4.114377360676561,0.3378108759895684,0.2685541870531908,0.03727235325326897,"0.000,0.044,0.044,0.044,0.044,0.044,0.044,0.044,0.044,0.000","0.000,0.000,0.000,0.000,0.000,0.956,0.956,0.956,0.956,1.000","1.000,0.956,0.956,0.956,0.956,0.000,0.000,0.000,0.000,0.000","0.000,0.000,0.000,0.000,0.000,1.000,1.000,1.000,1.000,1.000",0.029495789403812544
explicit_probability,noul_from_score_T,20,0.027893392087076706,0.03250811988620899,0.966290482777861,0.988476143582556,0.5574,0.540551294390877,"0.000,0.000,0.000,0.000,0.000,0.000,0.000,0.000,0.000,0.000","0.000,0.110,0.196,0.412,0.412,0.588,0.588,0.804,0.890,1.000","1.000,0.890,0.804,0.588,0.588,0.412,0.412,0.196,0.110,0.000","0.000,0.110,0.196,0.412,0.412,0.588,0.588,0.804,0.890,1.000",0.036209209965827036
explicit_probability,choice_from_score_T_over_TF,20,0.285848838528563,0.30200782516399977,-0.8413563170681604,0.8144172941945986,0.81355,0.540551294390877,"0.000,0.000,0.000,0.000,0.000,0.000,0.000,0.000,0.000,0.000","0.000,0.110,0.196,0.412,0.412,0.588,0.588,0.804,0.890,1.000","1.000,0.890,0.804,0.588,0.588,0.412,0.412,0.196,0.110,0.000","0.000,0.110,0.196,0.412,0.412,0.588,0.588,0.804,0.890,1.000",0.036209209965827036
explicit_probability,unknown_from_score_U,20,0.3153064260259445,0.35200635386218326,-4.059485469463163,0.0,0.3153064260259445,0.0,"0.000,0.000,0.000,0.000,0.000,0.000,0.000,0.000,0.000,0.000","0.000,0.110,0.196,0.412,0.412,0.588,0.588,0.804,0.890,1.000","1.000,0.890,0.804,0.588,0.588,0.412,0.412,0.196,0.110,0.000","0.000,0.110,0.196,0.412,0.412,0.588,0.588,0.804,0.890,1.000",0.036209209965827036
frequency,noul_from_score_T,8,0.02360378863739192,0.027458330376122757,0.9885279755895463,0.9951574226270891,0.433125,0.422252642743251,"0.000,0.020,0.020,0.047,0.406,0.406,0.047,0.020,0.020,0.000","0.000,0.159,0.159,0.477,0.297,0.297,0.477,0.821,0.821,1.000","1.000,0.821,0.821,0.477,0.297,0.297,0.477,0.159,0.159,0.000","0.000,0.162,0.162,0.500,0.500,0.500,0.500,0.838,0.838,1.000",0.021813088279795764
frequency,choice_from_score_T_over_TF,8,0.14323459755314094,0.15188067366462546,0.7392455171629664,0.9919183149114909,0.584125,0.44089040244685906,"0.000,0.020,0.020,0.047,0.406,0.406,0.047,0.020,0.020,0.000","0.000,0.159,0.159,0.477,0.297,0.297,0.477,0.821,0.821,1.000","1.000,0.821,0.821,0.477,0.297,0.297,0.477,0.159,0.159,0.000","0.000,0.162,0.162,0.500,0.500,0.500,0.500,0.838,0.838,1.000",0.021813088279795764
frequency,unknown_from_score_U,8,0.24462597735852112,0.2639783553631086,-6.656993626756418,-0.07616220358086775,0.2924446533142432,0.047818675955722055,"0.000,0.020,0.020,0.047,0.406,0.406,0.047,0.020,0.020,0.000","0.000,0.159,0.159,0.477,0.297,0.297,0.477,0.821,0.821,1.000","1.000,0.821,0.821,0.477,0.297,0.297,0.477,0.159,0.159,0.000","0.000,0.162,0.162,0.500,0.500,0.500,0.500,0.838,0.838,1.000",0.021813088279795764
sequential_bayes,noul_from_score_T,15,0.026351015356489833,0.03383705744509742,0.9834384736336441,0.9942189835397718,0.46940000000000004,0.46228297484396674,"0.000,0.000,0.000,0.124,0.153,0.153,0.124,0.000,0.000,0.000","0.000,0.073,0.191,0.167,0.423,0.423,0.709,0.809,0.927,1.000","1.000,0.927,0.809,0.709,0.423,0.423,0.167,0.191,0.073,0.000","0.000,0.073,0.191,0.191,0.500,0.500,0.809,0.809,0.927,1.000",0.013944665893806116
sequential_bayes,choice_from_score_T_over_TF,15,0.12810220628772204,0.1510977294316704,0.8215682203934599,0.9775352804419083,0.6082666666666667,0.4884526514662993,"0.000,0.000,0.000,0.124,0.153,0.153,0.124,0.000,0.000,0.000","0.000,0.073,0.191,0.167,0.423,0.423,0.709,0.809,0.927,1.000","1.000,0.927,0.809,0.709,0.423,0.423,0.167,0.191,0.073,0.000","0.000,0.073,0.191,0.191,0.500,0.500,0.809,0.809,0.927,1.000",0.013944665893806116
sequential_bayes,unknown_from_score_U,15,0.17368834878986647,0.21607126520763778,-1.097314519198457,0.2851625074575721,0.2040611101780521,0.04228726480048624,"0.000,0.000,0.000,0.124,0.153,0.153,0.124,0.000,0.000,0.000","0.000,0.073,0.191,0.167,0.423,0.423,0.709,0.809,0.927,1.000","1.000,0.927,0.809,0.709,0.423,0.423,0.167,0.191,0.073,0.000","0.000,0.073,0.191,0.191,0.500,0.500,0.809,0.809,0.927,1.000",0.013944665893806116
